question_id,system_declared,system_code,discipline_code,discipline_name,topic_declared,subtopic_declared,learning_objective_declared,keywords,difficulty_declared,integrative_declared,integrated_disciplines_declared,clinical_correlation_declared,has_image,editorial_status,curricular_mapping_status,medical_audit_status
CB-ANAT-001,CARDIO,CARDIO,ANAT,Anatomia,Circulação coronariana,Dominância coronariana,"Dominância direita: a coronária direita origina a descendente posterior e irriga a parede inferior do ventrículo esquerdo e os nós, explicando infarto inferior e bradiarritmias.",coronária direita | dominância coronariana | interventricular posterior | parede inferior | nó atrioventricular,intermediaria,False,,False,False,draft,PENDENTE_VALIDACAO_SEMANTICA,LEGADO_NAO_AUDITADO
CB-ANAT-002,NERV,NERV,ANAT,Anatomia,Vias motoras,Trato corticoespinhal e decussação,"O trato corticoespinhal decussa nas pirâmides do bulbo, então cada hemisfério comanda o lado oposto; lesão acima da decussação dá déficit contralateral.",trato corticoespinhal | decussação das pirâmides | contralateral | bulbo | via motora,intermediaria,False,,True,False,draft,PENDENTE_VALIDACAO_SEMANTICA,LEGADO_NAO_AUDITADO
CB-ANAT-003,RESP,RESP,ANAT,Anatomia,Árvore brônquica,Brônquio principal direito,"Brônquio principal direito é mais curto, largo e vertical, então a aspiração vai mais ao pulmão direito.",brônquio principal direito | carina | aspiração | árvore brônquica | anatomia respiratória,basica,False,,True,True,draft,PENDENTE_VALIDACAO_SEMANTICA,LEGADO_NAO_AUDITADO
CB-ANAT-004,DIG,DIG,ANAT,Anatomia,Circulação porta,Veia porta hepática,"Sangue do intestino vai primeiro ao fígado pela veia porta (metabolismo de primeira passagem), antes da circulação sistêmica.",veia porta | fígado | primeira passagem | circulação esplâncnica | drenagem venosa,intermediaria,True,ANAT | FISI,False,False,draft,PENDENTE_VALIDACAO_SEMANTICA,LEGADO_NAO_AUDITADO
CB-ANAT-005,LOCO,LOCO,ANAT,Anatomia,Nervos do membro superior,Nervo radial e úmero,Fratura da diáfise do úmero pode lesar o nervo radial (sulco do úmero) e causar mão caída (perda da extensão do punho).,nervo radial | úmero | mão caída | extensores do punho | membro superior,basica,False,,True,False,draft,PENDENTE_VALIDACAO_SEMANTICA,LEGADO_NAO_AUDITADO
CB-ANAT-006,NERV,NERV,ANAT,Anatomia,Nervos cranianos,Paralisia facial central e periférica,"A testa tem inervação cortical bilateral: lesão central poupa a testa; lesão periférica (facial) acomete toda a hemiface, inclusive a testa.",nervo facial | paralisia central | paralisia periférica | inervação bilateral | testa,avancada,True,ANAT | SEMIO,True,False,draft,PENDENTE_VALIDACAO_SEMANTICA,LEGADO_NAO_AUDITADO
CB-ANAT-007,CARDIO,CARDIO,ANAT,Anatomia,Circulacao,Fluxo pelas camaras,"Trajeto do sangue: atrio direito, tricuspide, VD, pulmonar, pulmoes, atrio esquerdo, mitral, VE, aortica, aorta.",circulacao | camaras cardiacas | valvas | fluxo sanguineo | coracao,basica,False,,False,True,draft,PENDENTE_VALIDACAO_SEMANTICA,LEGADO_NAO_AUDITADO
CB-ANAT-008,DIG,DIG,ANAT,Anatomia,Vias biliares,Trajeto da bile,"Bile: ductos hepaticos, ducto hepatico comum, une ao cistico, coledoco e duodeno.",vias biliares | coledoco | ducto cistico | vesicula biliar | bile,basica,False,,False,True,draft,PENDENTE_VALIDACAO_SEMANTICA,LEGADO_NAO_AUDITADO
CB-ANAT-009,NERV,NERV,ANAT,Anatomia,Nervos do membro superior,Nervo mediano e tunel do carpo,"Sindrome do tunel do carpo: compressao do nervo mediano no punho, com parestesia do polegar ao anular e piora noturna.",nervo mediano | tunel do carpo | parestesia | punho | membro superior,intermediaria,True,ANAT | SEMIO,True,False,draft,PENDENTE_VALIDACAO_SEMANTICA,LEGADO_NAO_AUDITADO
CB-ANAT-010,RESP,RESP,ANAT,Anatomia,Pulmoes,Lobos pulmonares,"Pulmao esquerdo tem dois lobos (coracao ocupa espaco, incisura cardiaca); o direito tem tres.",lobos pulmonares | incisura cardiaca | pulmao esquerdo | fissuras | mediastino,basica,False,,False,False,draft,PENDENTE_VALIDACAO_SEMANTICA,LEGADO_NAO_AUDITADO
CB-ANAT-011,ENDO,ENDO,ANAT,Anatomia,Hipofise,Sela turcica,"A hipofise aloja-se na sela turcica do osso esfenoide, na base do cranio.",hipofise | sela turcica | osso esfenoide | quiasma optico | base do cranio,basica,False,,False,False,draft,PENDENTE_VALIDACAO_SEMANTICA,LEGADO_NAO_AUDITADO
CB-ANAT-012,DIG,DIG,ANAT,Anatomia,Peritonio,Orgaos retroperitoneais,"Retroperitoneais: rins, suprarrenais, aorta, veia cava e a maior parte de pancreas e duodeno.",retroperitonio | peritonio | rins | pancreas | duodeno,intermediaria,False,,False,False,draft,PENDENTE_VALIDACAO_SEMANTICA,LEGADO_NAO_AUDITADO
CB-ANAT-013,NERV,NERV,ANAT,Anatomia,Meninges,Puncao lombar,"Meninges, de fora para dentro: dura-mater, aracnoide, pia-mater; o liquor esta no espaco subaracnoide.",meninges | dura-mater | aracnoide | pia-mater | liquor,basica,False,,True,False,draft,PENDENTE_VALIDACAO_SEMANTICA,LEGADO_NAO_AUDITADO
CB-ANAT-014,LOCO,LOCO,ANAT,Anatomia,Articulacoes,Articulacao sinovial,"Articulacao sinovial: cavidade com liquido sinovial e cartilagem nas superficies, permitindo movimento amplo.",articulacao sinovial | liquido sinovial | cartilagem hialina | cavidade articular | joelho,basica,False,,False,False,draft,PENDENTE_VALIDACAO_SEMANTICA,LEGADO_NAO_AUDITADO
CB-ANAT-015,CARDIO,CARDIO,ANAT,Anatomia,Grandes vasos,Ramos do arco aortico,"Ramos do arco aortico: tronco braquiocefalico, carotida comum esquerda e subclavia esquerda.",arco aortico | tronco braquiocefalico | carotida comum | subclavia | grandes vasos,basica,False,,False,False,draft,PENDENTE_VALIDACAO_SEMANTICA,LEGADO_NAO_AUDITADO
CB-ANAT-016,DIG,DIG,ANAT,Anatomia,Estomago,Regioes do estomago,"Regioes do estomago: cardia, fundo, corpo, antro e piloro.",estomago | cardia | fundo | antro | piloro,basica,False,,False,False,draft,PENDENTE_VALIDACAO_SEMANTICA,LEGADO_NAO_AUDITADO
CB-ANAT-017,NERV,NERV,ANAT,Anatomia,Nervos cranianos,Nervo facial,Nervo facial (VII) inerva os musculos da expressao facial; sua lesao periferica paralisa todo o hemiface.,nervo facial | paralisia de Bell | nervos cranianos | expressao facial | trigemeo,basica,False,,True,False,draft,PENDENTE_VALIDACAO_SEMANTICA,LEGADO_NAO_AUDITADO
CB-ANAT-018,LOCO,LOCO,ANAT,Anatomia,Coluna vertebral,Regioes da coluna,"Coluna: 7 cervicais, 12 toracicas, 5 lombares, mais sacro e cocix.",coluna vertebral | vertebras cervicais | toracicas | lombares | sacro,basica,False,,False,False,draft,PENDENTE_VALIDACAO_SEMANTICA,LEGADO_NAO_AUDITADO
CB-ANAT-019,RENAL,RENAL,ANAT,Anatomia,Trato urinario,Trajeto da urina,"Trajeto da urina: rim (pelve), ureter, bexiga, uretra.",trato urinario | ureter | bexiga | uretra | calculo renal,basica,False,,True,True,draft,PENDENTE_VALIDACAO_SEMANTICA,LEGADO_NAO_AUDITADO
CB-ANAT-020,RESP,RESP,ANAT,Anatomia,Diafragma,Musculo da respiracao,"Diafragma: principal musculo inspiratorio; contrai e desce (nervo frenico, C3-C5).",diafragma | nervo frenico | inspiracao | C3-C5 | respiracao,basica,False,,False,False,draft,PENDENTE_VALIDACAO_SEMANTICA,LEGADO_NAO_AUDITADO
CB-ANAT-021,CARDIO,CARDIO,ANAT,Anatomia,Pericardio,Tamponamento cardiaco,Pericardio envolve o coracao; acumulo de liquido nele (tamponamento) comprime o coracao e reduz o enchimento.,pericardio | tamponamento cardiaco | triade de Beck | pericardiocentese | coracao,basica,False,,True,False,draft,PENDENTE_VALIDACAO_SEMANTICA,LEGADO_NAO_AUDITADO
CB-ANAT-022,DIG,DIG,ANAT,Anatomia,Circulacao portal,Veia porta,"Veia porta leva sangue do intestino ao figado; na cirrose, a hipertensao portal desvia por colaterais (varizes).",veia porta | circulacao portal | hipertensao portal | varizes esofagicas | cirrose,intermediaria,True,ANAT | PATO,True,True,draft,PENDENTE_VALIDACAO_SEMANTICA,LEGADO_NAO_AUDITADO
CB-ANAT-023,NERV,NERV,ANAT,Anatomia,Vias da medula,Trato espinotalamico,Trato espinotalamico conduz dor e temperatura e cruza para o lado oposto na medula.,trato espinotalamico | dor e temperatura | medula | decussacao | coluna dorsal,intermediaria,True,ANAT | SEMIO,True,False,draft,PENDENTE_VALIDACAO_SEMANTICA,LEGADO_NAO_AUDITADO
CB-ANAT-024,LOCO,LOCO,ANAT,Anatomia,Ombro,Manguito rotador,Manguito rotador: quatro musculos e tendoes que estabilizam e movimentam o ombro.,manguito rotador | ombro | supraespinhal | tendao | articulacao,intermediaria,False,,True,False,draft,PENDENTE_VALIDACAO_SEMANTICA,LEGADO_NAO_AUDITADO
CB-ANAT-025,REPRO,REPRO,ANAT,Anatomia,Reprodutor feminino,Trajeto do ovulo,"Ovulacao: ovario, tuba uterina (fecundacao), utero (implantacao). Implantacao na tuba = gravidez ectopica.",ovario | tuba uterina | ovulacao | utero | gravidez ectopica,basica,False,,False,True,draft,PENDENTE_VALIDACAO_SEMANTICA,LEGADO_NAO_AUDITADO
CB-ANAT-026,REPRO,REPRO,ANAT,Anatomia,Reprodutor masculino,Trajeto do espermatozoide,"Espermatozoide: tubulos seminiferos, epididimo, ducto deferente, uretra. A vasectomia corta o deferente.",tubulos seminiferos | epididimo | ducto deferente | uretra | vasectomia,basica,False,,True,True,draft,PENDENTE_VALIDACAO_SEMANTICA,LEGADO_NAO_AUDITADO
CB-ANAT-027,TEG,TEG,ANAT,Anatomia,Mama,Drenagem linfatica,A mama drena sobretudo para os linfonodos axilares; por isso a axila e avaliada no cancer de mama.,mama | linfonodos axilares | drenagem linfatica | cancer de mama | linfedema,basica,False,,False,False,draft,PENDENTE_VALIDACAO_SEMANTICA,LEGADO_NAO_AUDITADO
CB-ANAT-028,NERV,NERV,ANAT,Anatomia,Vascularização encefálica,Polígono de Willis,O polígono de Willis é um anel de anastomoses arteriais que pode suprir o encéfalo por vias colaterais.,poligono de Willis | anastomose | circulacao cerebral | AVC | aneurisma,intermediaria,False,,True,False,draft,PENDENTE_VALIDACAO_SEMANTICA,LEGADO_NAO_AUDITADO
CB-ANAT-029,RESP,RESP,ANAT,Anatomia,Árvore brônquica,Brônquio principal direito,"O brônquio direito é mais curto, largo e vertical; por isso aspirações vão mais para o pulmão direito.",bronquio principal direito | aspiracao | carina | arvore bronquica | pneumonia aspirativa,basica,True,ANAT | SEMIO,True,False,draft,PENDENTE_VALIDACAO_SEMANTICA,LEGADO_NAO_AUDITADO
CB-ANAT-030,DIG,DIG,ANAT,Anatomia,Cavidade abdominal,Órgãos retroperitoneais,"Retroperitoneal: órgão atrás do peritônio, coberto só na face anterior e fixo à parede posterior (rins, aorta, pâncreas).",retroperitoneal | peritonio | intraperitoneal | mesenterio | cavidade abdominal,basica,False,,False,False,draft,PENDENTE_VALIDACAO_SEMANTICA,LEGADO_NAO_AUDITADO
CB-ANAT-031,ENDO,ENDO,ANAT,Anatomia,Nervo laríngeo recorrente,Relação com a tireoide,O nervo laríngeo recorrente passa junto à tireoide e inerva a laringe; sua lesão em cirurgia causa rouquidão.,nervo laringeo recorrente | tireoide | rouquidao | laringe | vago,intermediaria,True,ANAT | SEMIO,True,False,draft,PENDENTE_VALIDACAO_SEMANTICA,LEGADO_NAO_AUDITADO
CB-ANAT-032,CARDIO,CARDIO,ANAT,Anatomia,Valvas cardíacas,Focos de ausculta,As valvas cardíacas garantem o fluxo em sentido único (abrem/fecham por pressão) e impedem o refluxo.,valvas cardiacas | mitral | aortica | fluxo unidirecional | bulhas,basica,False,,True,False,draft,PENDENTE_VALIDACAO_SEMANTICA,LEGADO_NAO_AUDITADO
CB-ANAT-033,DIG,DIG,ANAT,Anatomia,Vias biliares,Trajeto da bile,"Bile: fígado, ductos hepáticos, colédoco (com a vesícula pelo cístico), até o duodeno.",vias biliares | coledoco | ducto cistico | vesicula biliar | ictericia,basica,False,,True,False,draft,PENDENTE_VALIDACAO_SEMANTICA,LEGADO_NAO_AUDITADO
CB-ANAT-034,LOCO,LOCO,ANAT,Anatomia,Plexo braquial,Inervação do membro superior,"O plexo braquial (raízes C5-T1) origina os nervos do membro superior (mediano, ulnar, radial, etc.).",plexo braquial | nervo mediano | nervo ulnar | nervo radial | membro superior,basica,False,,False,False,draft,PENDENTE_VALIDACAO_SEMANTICA,LEGADO_NAO_AUDITADO
CB-ANAT-035,NERV,NERV,ANAT,Anatomia,Vias motoras,Trato corticoespinhal,O trato corticoespinhal cruza (decussação das pirâmides); por isso a lesão de um lado causa fraqueza contralateral.,trato corticoespinhal | decussacao das piramides | contralateral | cortex motor | AVC,avancada,False,,True,False,draft,PENDENTE_VALIDACAO_SEMANTICA,LEGADO_NAO_AUDITADO
CB-ANAT-036,RENAL,RENAL,ANAT,Anatomia,Ureter,Estreitamentos anatômicos,"O ureter tem três estreitamentos (ureteropélvica, vasos ilíacos, ureterovesical), onde o cálculo tende a impactar.",ureter | estreitamento | calculo urinario | colica renal | litiase,basica,False,,True,False,draft,PENDENTE_VALIDACAO_SEMANTICA,LEGADO_NAO_AUDITADO
CB-ANAT-037,LOCO,LOCO,ANAT,Anatomia,Articulações,Articulação sinovial,"Articulação sinovial: cápsula, cartilagem e líquido sinovial; permite grande mobilidade (joelho, ombro, quadril).",articulacao sinovial | liquido sinovial | cartilagem articular | capsula | mobilidade,basica,False,,False,False,draft,PENDENTE_VALIDACAO_SEMANTICA,LEGADO_NAO_AUDITADO
CB-ANAT-038,HEMATO,HEMATO,ANAT,Anatomia,Baço,Função e localização,O baço filtra o sangue e atua na imunidade (bactérias encapsuladas); sua perda aumenta o risco dessas infecções.,baco | esplenectomia | bacterias encapsuladas | polpa branca | imunidade,basica,True,ANAT | IMUN,True,False,draft,PENDENTE_VALIDACAO_SEMANTICA,LEGADO_NAO_AUDITADO
CB-ANAT-039,RESP,RESP,ANAT,Anatomia,Mediastino,Divisões e conteúdo,"Mediastino: espaço central do tórax com coração, grandes vasos, traqueia, esôfago, timo e nervos.",mediastino | coracao | grandes vasos | esofago | timo,basica,False,,False,False,draft,PENDENTE_VALIDACAO_SEMANTICA,LEGADO_NAO_AUDITADO
CB-ANAT-040,NERV,NERV,ANAT,Anatomia,Nervos cranianos,Visão geral,"São doze pares de nervos cranianos (sensitivos, motores ou mistos), que inervam sobretudo a cabeça e o pescoço.",nervos cranianos | doze pares | sensitivo | motor | misto,basica,False,,False,False,draft,PENDENTE_VALIDACAO_SEMANTICA,LEGADO_NAO_AUDITADO
CB-ANAT-041,DIG,DIG,ANAT,Anatomia,Parede abdominal,Canal inguinal e hérnia,Canal inguinal: passagem na parede abdominal inferior por onde vísceras podem se herniar (hérnia inguinal).,canal inguinal | hernia inguinal | parede abdominal | funiculo espermatico | virilha,basica,False,,True,False,draft,PENDENTE_VALIDACAO_SEMANTICA,LEGADO_NAO_AUDITADO
CB-ANAT-042,ENDO,ENDO,ANAT,Anatomia,Hipófise,Adeno-hipófise e neuro-hipófise,"Adeno-hipófise: produz seus hormônios (GH, ACTH, TSH...). Neuro-hipófise: libera ADH e ocitocina feitos no hipotálamo.",hipofise | adeno-hipofise | neuro-hipofise | ADH | ocitocina,basica,True,ANAT | EMBR,False,False,draft,PENDENTE_VALIDACAO_SEMANTICA,LEGADO_NAO_AUDITADO
CB-ANAT-043,REPRO,REPRO,ANAT,Anatomia,Próstata,Relação com a uretra,A próstata envolve a uretra; seu aumento (hiperplasia) a comprime e dificulta o fluxo urinário.,prostata | uretra | hiperplasia prostatica | miccao | bexiga,basica,False,,True,False,draft,PENDENTE_VALIDACAO_SEMANTICA,LEGADO_NAO_AUDITADO
CB-ANAT-044,RENAL,RENAL,ANAT,Anatomia,Uretra,Diferença entre os sexos,"A uretra feminina é mais curta que a masculina, facilitando a ascensão de bactérias e a infecção urinária.",uretra | infeccao urinaria | uretra feminina | bexiga | ascensao bacteriana,basica,True,ANAT | MICR,True,False,draft,PENDENTE_VALIDACAO_SEMANTICA,LEGADO_NAO_AUDITADO
CB-ANAT-045,LOCO,LOCO,ANAT,Anatomia,Veias dos membros,Superficiais e profundas,"Veias dos membros: sistemas superficial e profundo (unidos por perfurantes), com válvulas que levam o sangue ao coração.",veias superficiais | veias profundas | valvulas | varizes | trombose venosa profunda,basica,False,,False,False,draft,PENDENTE_VALIDACAO_SEMANTICA,LEGADO_NAO_AUDITADO
CB-ANAT-046,HEMATO,HEMATO,ANAT,Anatomia,Medula óssea,Locais de hematopoese,"A hematopoese ocorre na medula óssea vermelha (ilíaco, esterno, vértebras); por isso a punção é feita na bacia.",medula ossea | hematopoese | crista iliaca | biopsia | celulas do sangue,basica,True,ANAT | HIST,True,False,draft,PENDENTE_VALIDACAO_SEMANTICA,LEGADO_NAO_AUDITADO
CB-ANAT-049,RESP,RESP,ANAT,Anatomia,Anatomia radiológica,Radiografia de tórax normal,RX de tórax normal (PA): coração/mediastino formam a silhueta central; campos pulmonares escuros (ar); diafragma na base.,radiografia de torax | anatomia radiologica | mediastino | campos pulmonares | silhueta cardiaca,basica,False,,False,True,draft,PENDENTE_VALIDACAO_SEMANTICA,LEGADO_NAO_AUDITADO
CB-ANAT-050,LOCO,LOCO,ANAT,Anatomia,Quadril,Colo do fêmur,"Colo do fêmur: região estreita e sob carga entre cabeça e diáfise; a osteoporose a torna frágil, fraturando em quedas leves no idoso.",colo do femur | quadril | osteoporose | fratura | idoso,basica,False,,True,False,draft,PENDENTE_VALIDACAO_SEMANTICA,LEGADO_NAO_AUDITADO
CB-ANAT-051,TEG,TEG,ANAT,Anatomia,Anexos da pele,Glândulas cutâneas,Sudoríparas: suor (termorregulação). Sebáceas: sebo (lubrificação da pele e dos pelos).,glandula sudoripara | glandula sebacea | suor | sebo | anexos da pele,basica,False,,False,False,draft,PENDENTE_VALIDACAO_SEMANTICA,LEGADO_NAO_AUDITADO
CB-ANAT-052,TEG,TEG,ANAT,Anatomia,Pele,Camadas da pele,"Pele, da superfície ao fundo: epiderme (epitélio), derme (conjuntivo, vasos, anexos), hipoderme (gordura).",epiderme | derme | hipoderme | camadas da pele | subcutaneo,basica,False,,False,False,draft,PENDENTE_VALIDACAO_SEMANTICA,LEGADO_NAO_AUDITADO
CB-ANAT-053,IMUNO,IMUNO,ANAT,Anatomia,Órgãos linfoides,Primários e secundários,"Órgãos linfoides primários (medula, timo): formam/amadurecem linfócitos. Secundários (linfonodos, baço): montam a resposta.",orgaos linfoides | timo | medula ossea | linfonodo | baco,basica,True,ANAT | IMUN,False,False,draft,PENDENTE_VALIDACAO_SEMANTICA,LEGADO_NAO_AUDITADO
CB-ANAT-054,LOCO,LOCO,ANAT,Anatomia,Coluna vertebral,Hérnia de disco,"Disco intervertebral amortece as vértebras; na hérnia, o núcleo pulposo se desloca e comprime uma raiz nervosa (dor irradiada).",disco intervertebral | hernia de disco | nucleo pulposo | raiz nervosa | ciatica,intermediaria,False,,True,False,draft,PENDENTE_VALIDACAO_SEMANTICA,LEGADO_NAO_AUDITADO
CB-ANAT-055,REPRO,REPRO,ANAT,Anatomia,Testículo,Drenagem venosa (varicocele),"Varicocele mais comum à esquerda: a veia testicular esquerda drena na veia renal em ângulo reto, dificultando o retorno.",varicocele | veia testicular | plexo pampiniforme | veia renal | fertilidade,intermediaria,False,,True,False,draft,PENDENTE_VALIDACAO_SEMANTICA,LEGADO_NAO_AUDITADO
CB-ANAT-056,Cardiovascular,CARDIO,ANAT,Anatomia,Vascularização do coração,Artérias coronárias,Reconhecer a irrigação coronariana na dominância direita e a relação com a parede inferior e o nó AV.,coronaria direita | dominancia | parede inferior | no atrioventricular,intermediaria,True,,NAO_DECLARADA,False,NAO_DECLARADO,PENDENTE_VALIDACAO_SEMANTICA,LEGADO_NAO_AUDITADO
CB-ANAT-057,Nervoso,NERV,ANAT,Anatomia,Nervos cranianos,Nervo laríngeo recorrente,Reconhecer a relação anatômica do nervo laríngeo recorrente com a tireoide e a consequência de sua lesão.,nervo laringeo recorrente | vago | tireoide | rouquidao,avancada,False,,NAO_DECLARADA,False,NAO_DECLARADO,PENDENTE_VALIDACAO_SEMANTICA,LEGADO_NAO_AUDITADO
CB-ANAT-058,Locomotor,LOCO,ANAT,Anatomia,Articulação do ombro,Manguito rotador,Identificar os componentes e a função estabilizadora do manguito rotador.,manguito rotador | supraespinhal | ombro | estabilizacao,intermediaria,False,,NAO_DECLARADA,False,NAO_DECLARADO,PENDENTE_VALIDACAO_SEMANTICA,LEGADO_NAO_AUDITADO
CB-ANAT-059,Digestivo,DIG,ANAT,Anatomia,Cavidade abdominal,Órgãos retroperitoneais,Relacionar a posição retroperitoneal do pâncreas ao padrão de dor irradiada para as costas.,retroperitoneal | pancreas | peritonio | dor irradiada,intermediaria,True,,NAO_DECLARADA,False,NAO_DECLARADO,PENDENTE_VALIDACAO_SEMANTICA,LEGADO_NAO_AUDITADO
CB-ANAT-060,Nervoso,NERV,ANAT,Anatomia,Medula espinhal,Vias sensitivas,Relacionar a via espinotalâmica à condução de dor e temperatura e explicar as dissociações sensitivas.,via espinotalamica | coluna dorsal | dor e temperatura | dissociacao sensitiva,avancada,False,,NAO_DECLARADA,False,NAO_DECLARADO,PENDENTE_VALIDACAO_SEMANTICA,LEGADO_NAO_AUDITADO
CB-ANAT-061,Cardiovascular,CARDIO,ANAT,Anatomia,Circulação fetal,Ducto arterioso,Identificar o ducto arterioso e sua função de desvio na circulação fetal.,ducto arterioso | circulacao fetal | shunt | ligamento arterioso,intermediaria,True,,NAO_DECLARADA,False,NAO_DECLARADO,PENDENTE_VALIDACAO_SEMANTICA,LEGADO_NAO_AUDITADO
CB-ANAT-062,Digestivo,DIG,ANAT,Anatomia,Circulação hepática,Sistema porta-hepático,Compreender o sistema porta-hepático e sua importância no processamento de nutrientes e detoxificação.,veia porta | sistema porta-hepatico | figado | nutrientes,intermediaria,True,,NAO_DECLARADA,False,NAO_DECLARADO,PENDENTE_VALIDACAO_SEMANTICA,LEGADO_NAO_AUDITADO
CB-ANAT-063,Renal/Urinário,RENAL,ANAT,Anatomia,Anatomia do rim,Trajeto da urina,Fixar o trajeto correto da urina e a diferença entre ureter (rim-bexiga) e uretra (bexiga-exterior).,trajeto da urina | ureter | uretra | bexiga,basica,False,,NAO_DECLARADA,False,NAO_DECLARADO,PENDENTE_VALIDACAO_SEMANTICA,LEGADO_NAO_AUDITADO
CB-ANAT-064,Locomotor,LOCO,ANAT,Anatomia,Tipos de articulação,Classificação funcional,"Classificar articulações pelo grau de mobilidade (sinovial, fibrosa, cartilaginosa).",articulacao sinovial | articulacao fibrosa | sutura | classificacao funcional,intermediaria,False,,NAO_DECLARADA,False,NAO_DECLARADO,PENDENTE_VALIDACAO_SEMANTICA,LEGADO_NAO_AUDITADO
CB-ANAT-065,RESP,RESP,ANAT,Anatomia,Vias aéreas,Diferença entre brônquios principais,Relacionar a anatomia do brônquio direito à aspiração preferencial de corpos estranhos.,bronquio principal direito | aspiracao | corpo estranho | vias aereas,intermediaria,False,,NAO_DECLARADA,False,NAO_DECLARADO,PENDENTE_VALIDACAO_SEMANTICA,LEGADO_NAO_AUDITADO
CB-ANAT-066,ENDO,ENDO,ANAT,Anatomia,Glândulas endócrinas,Relação hipotálamo-hipófise,Relacionar a sela túrcica à hipófise e a conexão com o hipotálamo ao controle hormonal.,sela turcica | hipofise | hipotalamo | haste hipofisaria,intermediaria,True,,NAO_DECLARADA,False,NAO_DECLARADO,PENDENTE_VALIDACAO_SEMANTICA,LEGADO_NAO_AUDITADO
CB-ANAT-067,LOCO,LOCO,ANAT,Anatomia,Sistema muscular,Ação muscular (agonista/antagonista),Distinguir agonista e antagonista e entender por que os músculos trabalham em pares opostos.,agonista | antagonista | musculo esqueletico | movimento,intermediaria,False,,NAO_DECLARADA,False,NAO_DECLARADO,PENDENTE_VALIDACAO_SEMANTICA,LEGADO_NAO_AUDITADO
CB-ANAT-068,NERV,NERV,ANAT,Anatomia,Neuroanatomia,Meninges,Reconhecer as três meninges na ordem correta e o espaço subaracnóideo do líquor.,meninges | dura-mater | aracnoide | pia-mater,basica,False,,NAO_DECLARADA,False,NAO_DECLARADO,PENDENTE_VALIDACAO_SEMANTICA,LEGADO_NAO_AUDITADO
CB-ANAT-069,CARDIO,CARDIO,ANAT,Anatomia,Anatomia do coração,Valvas cardíacas,Identificar as valvas atrioventriculares: tricúspide (direita) e mitral/bicúspide (esquerda).,valva tricuspide | valva mitral | valvas atrioventriculares | coracao,intermediaria,False,,NAO_DECLARADA,False,NAO_DECLARADO,PENDENTE_VALIDACAO_SEMANTICA,LEGADO_NAO_AUDITADO
CB-ANAT-070,DIG,DIG,ANAT,Anatomia,Anatomia abdominal,Órgãos retroperitoneais,Identificar os rins como exemplo de órgão retroperitoneal.,retroperitoneal | rins | peritonio | anatomia abdominal,intermediaria,False,,NAO_DECLARADA,False,NAO_DECLARADO,PENDENTE_VALIDACAO_SEMANTICA,LEGADO_NAO_AUDITADO
CB-ANAT-071,RESP,RESP,ANAT,Anatomia,Pleuras,Pleura visceral e parietal,Reconhecer as folhas da pleura e a função do líquido na cavidade pleural.,pleura visceral | pleura parietal | cavidade pleural | liquido pleural,intermediaria,False,,NAO_DECLARADA,False,NAO_DECLARADO,PENDENTE_VALIDACAO_SEMANTICA,LEGADO_NAO_AUDITADO
CB-ANAT-072,DIG,DIG,ANAT,Anatomia,Anatomia do fígado,Circulação portal,Compreender a veia porta hepática e a importância da circulação portal no metabolismo.,veia porta hepatica | circulacao portal | figado | nutrientes,avancada,True,,NAO_DECLARADA,False,NAO_DECLARADO,PENDENTE_VALIDACAO_SEMANTICA,LEGADO_NAO_AUDITADO
CB-ANAT-073,RESP,RESP,ANAT,Anatomia,Anatomia radiológica,Densidades na radiografia,Compreender a escala de densidades radiológicas (osso branco → ar preto) pela absorção dos raios X.,radiografia | densidade radiologica | radiopaco | radiolucente,intermediaria,True,,NAO_DECLARADA,False,NAO_DECLARADO,PENDENTE_VALIDACAO_SEMANTICA,LEGADO_NAO_AUDITADO
CB-ANAT-074,CARDIO,CARDIO,ANAT,Anatomia,Anatomia de superfície,Referências para procedimentos,Compreender o papel da anatomia de superfície em localizar estruturas profundas e guiar procedimentos.,anatomia de superficie | referencia anatomica | exame fisico | procedimentos,intermediaria,True,,NAO_DECLARADA,False,NAO_DECLARADO,PENDENTE_VALIDACAO_SEMANTICA,LEGADO_NAO_AUDITADO
CB-ANAT-075,RENAL,RENAL,ANAT,Anatomia,Anatomia do rim,Néfron (estrutura),Reconhecer o néfron e suas partes (corpúsculo renal e túbulo) como unidade funcional do rim.,nefron | glomerulo | capsula de bowman | tubulo renal,intermediaria,True,,NAO_DECLARADA,False,NAO_DECLARADO,PENDENTE_VALIDACAO_SEMANTICA,LEGADO_NAO_AUDITADO
CB-ANAT-076,CARDIO,CARDIO,ANAT,Anatomia,Circulação,Artérias x veias,Distinguir artérias (saem do coração) de veias (voltam ao coração) pelo sentido do fluxo.,arterias | veias | sentido do fluxo | circulacao,basica,False,,NAO_DECLARADA,False,NAO_DECLARADO,PENDENTE_VALIDACAO_SEMANTICA,LEGADO_NAO_AUDITADO
CB-ANAT-077,LOCO,LOCO,ANAT,Anatomia,Sistema esquelético,Tipos de ossos,Classificar o fêmur como osso longo (diáfise e epífises) e reconhecer os tipos de ossos.,osso longo | diafise | epifise | tipos de ossos,basica,False,,NAO_DECLARADA,False,NAO_DECLARADO,PENDENTE_VALIDACAO_SEMANTICA,LEGADO_NAO_AUDITADO
CB-ANAT-078,DIG,DIG,ANAT,Anatomia,Anatomia abdominal,Trajeto do trato gastrointestinal,Reconhecer a sequência anatômica correta do trato gastrointestinal.,trato gastrointestinal | esofago | estomago | intestino,basica,False,,NAO_DECLARADA,False,NAO_DECLARADO,PENDENTE_VALIDACAO_SEMANTICA,LEGADO_NAO_AUDITADO
CB-ANAT-079,LOCO,LOCO,ANAT,Anatomia,Sistema muscular,Tipos de tecido muscular,Reconhecer os três tipos de músculo e seu controle (esquelético voluntário; liso e cardíaco involuntários).,musculo esqueletico | musculo liso | musculo cardiaco | controle voluntario,basica,False,,NAO_DECLARADA,False,NAO_DECLARADO,PENDENTE_VALIDACAO_SEMANTICA,LEGADO_NAO_AUDITADO
CB-ANAT-080,NERV,NERV,ANAT,Anatomia,Sistema nervoso,Divisão SNC e SNP,Reconhecer a divisão anatômica do sistema nervoso em SNC (encéfalo e medula) e SNP (nervos e gânglios).,sistema nervoso central | sistema nervoso periferico | encefalo | medula espinhal,basica,False,,NAO_DECLARADA,False,NAO_DECLARADO,PENDENTE_VALIDACAO_SEMANTICA,LEGADO_NAO_AUDITADO
CB-ANAT-081,RESP,RESP,ANAT,Anatomia,Vias aéreas,Divisão das vias aéreas (condução x troca),Localizar a troca gasosa nos alvéolos e distinguir a porção condutora das vias aéreas.,alveolos | hematose | vias aereas | troca gasosa,basica,False,,NAO_DECLARADA,False,NAO_DECLARADO,PENDENTE_VALIDACAO_SEMANTICA,LEGADO_NAO_AUDITADO
CB-ANAT-082,ENDO,ENDO,ANAT,Anatomia,Glândulas endócrinas,Localização da hipófise e tireoide,"Localizar a hipófise (sela túrcica, base do crânio) e a tireoide (região anterior do pescoço).",hipofise | tireoide | sela turcica | glandulas endocrinas,basica,False,,NAO_DECLARADA,False,NAO_DECLARADO,PENDENTE_VALIDACAO_SEMANTICA,LEGADO_NAO_AUDITADO
CB-ANAT-083,RENAL,RENAL,ANAT,Anatomia,Anatomia do sistema urinário,Trajeto da urina,Reconhecer o trajeto da urina (rim → ureter → bexiga → uretra) e distinguir ureter de uretra.,ureter | uretra | bexiga | trato urinario,basica,False,,NAO_DECLARADA,False,NAO_DECLARADO,PENDENTE_VALIDACAO_SEMANTICA,LEGADO_NAO_AUDITADO
CB-ANAT-084,IMUNO,IMUNO,ANAT,Anatomia,Órgãos linfoides,Baço e linfonodos,Localizar o baço (abdome superior esquerdo) e reconhecer a função de filtragem imune dele e dos linfonodos.,baco | linfonodos | orgaos linfoides | sistema imune,basica,True,,NAO_DECLARADA,False,NAO_DECLARADO,PENDENTE_VALIDACAO_SEMANTICA,LEGADO_NAO_AUDITADO
CB-ANAT-085,IMUNO,IMUNO,ANAT,Anatomia,Sistema linfático,Ducto torácico e drenagem linfática,Saber que o ducto torácico é o principal coletor linfático e onde devolve a linfa à circulação venosa.,ducto toracico | linfa | sistema linfatico | drenagem,intermediaria,False,,NAO_DECLARADA,False,NAO_DECLARADO,PENDENTE_VALIDACAO_SEMANTICA,LEGADO_NAO_AUDITADO
CB-ANAT-086,NERV,NERV,ANAT,Anatomia,Vias visuais,Quiasma óptico,"Compreender o cruzamento parcial no quiasma (nasais cruzam, temporais não) e sua lógica de campo visual.",quiasma optico | via visual | retina nasal | campo visual,intermediaria,False,,NAO_DECLARADA,False,NAO_DECLARADO,PENDENTE_VALIDACAO_SEMANTICA,LEGADO_NAO_AUDITADO
CB-ANAT-087,LOCO,LOCO,ANAT,Anatomia,Articulação do joelho,Ligamentos cruzados,Saber que o LCA impede o deslizamento anterior da tíbia e reconhecer a lesão esportiva típica.,ligamento cruzado anterior | joelho | tibia | lesao esportiva,intermediaria,False,,NAO_DECLARADA,False,NAO_DECLARADO,PENDENTE_VALIDACAO_SEMANTICA,LEGADO_NAO_AUDITADO
CB-ANAT-088,RESP,RESP,ANAT,Anatomia,Parede torácica,Espaço intercostal e toracocentese,Aplicar a anatomia do feixe neurovascular intercostal à segurança da toracocentese.,espaco intercostal | feixe neurovascular | toracocentese | costela,avancada,False,,NAO_DECLARADA,False,NAO_DECLARADO,PENDENTE_VALIDACAO_SEMANTICA,LEGADO_NAO_AUDITADO
CB-ANAT-089,RENAL,RENAL,ANAT,Anatomia,Bexiga urinária,Trígono vesical,Identificar o trígono vesical e seus limites (óstios ureterais e óstio uretral interno) e sua importância clínica.,trigono vesical | bexiga | ureter | uretra,intermediaria,False,,NAO_DECLARADA,False,NAO_DECLARADO,PENDENTE_VALIDACAO_SEMANTICA,LEGADO_NAO_AUDITADO
CB-ANAT-090,REPRO,REPRO,ANAT,Anatomia,Assoalho pélvico,Períneo e músculo levantador do ânus,Reconhecer o levantador do ânus como principal músculo do assoalho pélvico e sua função de sustentação/continência.,levantador do anus | assoalho pelvico | diafragma da pelve | continencia,intermediaria,False,,NAO_DECLARADA,False,NAO_DECLARADO,PENDENTE_VALIDACAO_SEMANTICA,LEGADO_NAO_AUDITADO
CB-ANAT-091,LOCO,LOCO,ANAT,Anatomia,Punho e mão,Ossos do carpo,"Conhecer a organização dos ossos do carpo, a fratura do escafoide e o túnel do carpo.",ossos do carpo | escafoide | tunel do carpo | nervo mediano,intermediaria,False,,NAO_DECLARADA,False,NAO_DECLARADO,PENDENTE_VALIDACAO_SEMANTICA,LEGADO_NAO_AUDITADO
CB-ANAT-092,NERV,NERV,ANAT,Anatomia,Órbita,Músculos extraoculares e sua inervação,Saber a inervação dos músculos extraoculares (III para a maioria; VI para reto lateral; IV para oblíquo superior).,musculos extraoculares | nervo oculomotor | abducente | troclear,avancada,False,,NAO_DECLARADA,False,NAO_DECLARADO,PENDENTE_VALIDACAO_SEMANTICA,LEGADO_NAO_AUDITADO
CB-ANAT-093,ENDO,ENDO,ANAT,Anatomia,Glândula tireoide,Relações e nervo laríngeo recorrente,Reconhecer a relação do nervo laríngeo recorrente com a tireoide e a consequência de sua lesão.,tireoide | nervo laringeo recorrente | tireoidectomia | corda vocal,avancada,False,,NAO_DECLARADA,False,NAO_DECLARADO,PENDENTE_VALIDACAO_SEMANTICA,LEGADO_NAO_AUDITADO
CB-ANAT-094,LOCO,LOCO,ANAT,Anatomia,Membro superior,Plexo braquial,Compreender a origem (C5–T1) e os ramos principais do plexo braquial e a lógica das lesões.,plexo braquial | membro superior | nervo mediano | raizes cervicais,avancada,False,,NAO_DECLARADA,False,NAO_DECLARADO,PENDENTE_VALIDACAO_SEMANTICA,LEGADO_NAO_AUDITADO
CB-ANAT-095,NERV,NERV,ANAT,Anatomia,Crânio,Base do crânio e forames,"Compreender que os forames da base do crânio transmitem nervos cranianos e vasos, com correlação clínica.",base do cranio | forames | forame magno | nervos cranianos,avancada,False,,NAO_DECLARADA,False,NAO_DECLARADO,PENDENTE_VALIDACAO_SEMANTICA,LEGADO_NAO_AUDITADO
CB-ANAT-096,REPRO,REPRO,ANAT,Anatomia,Pelve óssea,Diferenças entre os sexos,Reconhecer as diferenças da pelve entre os sexos e sua importância obstétrica.,pelve ossea | diferencas sexuais | parto | angulo subpubico,intermediaria,False,,NAO_DECLARADA,False,NAO_DECLARADO,PENDENTE_VALIDACAO_SEMANTICA,LEGADO_NAO_AUDITADO
CB-ANAT-097,REPRO,REPRO,ANAT,Anatomia,Órgãos genitais femininos,"Útero, tubas e ovários","Reconhecer as funções e relações dos ovários, tubas uterinas e útero.",utero | tubas uterinas | ovarios | fecundacao,intermediaria,False,,NAO_DECLARADA,False,NAO_DECLARADO,PENDENTE_VALIDACAO_SEMANTICA,LEGADO_NAO_AUDITADO
CB-ANAT-098,LOCO,LOCO,ANAT,Anatomia,Articulações,Joelho (ligamentos e meniscos),Reconhecer a anatomia do joelho (ligamentos e meniscos) e sua relação com lesões.,joelho | ligamentos cruzados | meniscos | articulacao sinovial,intermediaria,False,,NAO_DECLARADA,False,NAO_DECLARADO,PENDENTE_VALIDACAO_SEMANTICA,LEGADO_NAO_AUDITADO
CB-ANAT-099,RENAL,RENAL,ANAT,Anatomia,Vias urinárias,"Rim, ureter, bexiga e uretra","Reconhecer o trajeto da urina (rim, ureter, bexiga, uretra) e a posição retroperitoneal dos rins.",rim | ureter | bexiga | retroperitoneal,intermediaria,False,,NAO_DECLARADA,False,NAO_DECLARADO,PENDENTE_VALIDACAO_SEMANTICA,LEGADO_NAO_AUDITADO
CB-ANAT-100,ENDO,ENDO,ANAT,Anatomia,Glândulas endócrinas,Glândulas suprarrenais,Reconhecer a localização e a divisão córtex-medula das glândulas suprarrenais.,suprarrenais | adrenais | cortex | medula adrenal,intermediaria,False,,NAO_DECLARADA,False,NAO_DECLARADO,PENDENTE_VALIDACAO_SEMANTICA,LEGADO_NAO_AUDITADO
CB-ANAT-101,REPRO,REPRO,ANAT,Anatomia,Órgãos genitais masculinos,Testículo e vias espermáticas,"Reconhecer o trajeto dos espermatozoides (túbulos seminíferos, epidídimo, ducto deferente) e a formação do sêmen.",testiculo | tubulos seminiferos | epididimo | ducto deferente,intermediaria,False,,NAO_DECLARADA,False,NAO_DECLARADO,PENDENTE_VALIDACAO_SEMANTICA,LEGADO_NAO_AUDITADO
CB-ANAT-102,IMUNO,IMUNO,ANAT,Anatomia,Órgãos linfoides,Baço,Reconhecer a localização e as funções do baço (filtração e imunidade) e a relevância no trauma.,baco | quadrante superior esquerdo | filtracao do sangue | imunidade,intermediaria,False,,NAO_DECLARADA,False,NAO_DECLARADO,PENDENTE_VALIDACAO_SEMANTICA,LEGADO_NAO_AUDITADO
CB-ANAT-103,LOCO,LOCO,ANAT,Anatomia,Esqueleto axial,Coluna vertebral,"Reconhecer a organização da coluna vertebral (regiões, discos, canal, curvaturas).",coluna vertebral | vertebras | discos intervertebrais | medula espinhal,intermediaria,False,,NAO_DECLARADA,False,NAO_DECLARADO,PENDENTE_VALIDACAO_SEMANTICA,LEGADO_NAO_AUDITADO
CB-ANAT-104,ENDO,ENDO,ANAT,Anatomia,Glândulas endócrinas,Hipófise,"Reconhecer a localização (sela túrcica), a divisão e o papel central da hipófise.",hipofise | sela turcica | adeno-hipofise | neuro-hipofise,intermediaria,False,,NAO_DECLARADA,False,NAO_DECLARADO,PENDENTE_VALIDACAO_SEMANTICA,LEGADO_NAO_AUDITADO
CB-ANAT-105,TEG,TEG,ANAT,Anatomia,Pele,Camadas da pele,Reconhecer as três camadas da pele e suas funções.,pele | epiderme | derme | hipoderme,basica,False,,NAO_DECLARADA,False,NAO_DECLARADO,PENDENTE_VALIDACAO_SEMANTICA,LEGADO_NAO_AUDITADO
CB-ANAT-106,HEMATO,HEMATO,ANAT,Anatomia,Medula óssea,Localização e tipos,"Reconhecer a localização, os tipos e a função da medula óssea.",medula ossea | hematopoiese | medula vermelha | medula amarela,basica,False,,NAO_DECLARADA,False,NAO_DECLARADO,PENDENTE_VALIDACAO_SEMANTICA,LEGADO_NAO_AUDITADO
CB-ANAT-107,ENDO,ENDO,ANAT,Anatomia,Pâncreas,Endócrino e exócrino,Reconhecer a dupla função do pâncreas (exócrina e endócrina) e sua relação com a glicemia.,pancreas | ilhotas de langerhans | insulina | glucagon,basica,False,,NAO_DECLARADA,False,NAO_DECLARADO,PENDENTE_VALIDACAO_SEMANTICA,LEGADO_NAO_AUDITADO
CB-ANAT-108,LOCO,LOCO,ANAT,Anatomia,Articulações,Classificação,"Classificar as articulações (fibrosas, cartilaginosas, sinoviais) pela estrutura e mobilidade.",articulacoes | fibrosas | cartilaginosas | sinoviais,intermediaria,False,,NAO_DECLARADA,False,NAO_DECLARADO,PENDENTE_VALIDACAO_SEMANTICA,LEGADO_NAO_AUDITADO
CB-ANAT-109,REPRO,REPRO,ANAT,Anatomia,Mama,Estrutura e drenagem,"Reconhecer a estrutura da mama (glândulas, ductos, gordura) e a drenagem para a axila.",mama | glandulas mamarias | drenagem linfatica | axila,basica,False,,NAO_DECLARADA,False,NAO_DECLARADO,PENDENTE_VALIDACAO_SEMANTICA,LEGADO_NAO_AUDITADO
CB-ANAT-110,ENDO,ENDO,ANAT,Anatomia,Glândulas endócrinas,Tireoide e paratireoides,Reconhecer a localização da tireoide e das paratireoides e suas funções distintas.,tireoide | paratireoides | pescoco | istmo,basica,False,,NAO_DECLARADA,False,NAO_DECLARADO,PENDENTE_VALIDACAO_SEMANTICA,LEGADO_NAO_AUDITADO
CB-ANAT-111,LOCO,LOCO,ANAT,Anatomia,Sistema muscular,Agonistas e antagonistas,Compreender a ação dos músculos em pares (agonista e antagonista) no movimento.,musculos | agonista | antagonista | flexores,basica,False,,NAO_DECLARADA,False,NAO_DECLARADO,PENDENTE_VALIDACAO_SEMANTICA,LEGADO_NAO_AUDITADO
CB-ANAT-112,IMUNO,IMUNO,ANAT,Anatomia,Sistema linfático,Vasos e linfa,"Reconhecer as funções do sistema linfático (drenagem, defesa e transporte de gorduras).",sistema linfatico | linfa | linfonodos | drenagem,basica,False,,NAO_DECLARADA,False,NAO_DECLARADO,PENDENTE_VALIDACAO_SEMANTICA,LEGADO_NAO_AUDITADO
CB-ANAT-113,NERV,NERV,ANAT,Anatomia,Sistema nervoso periférico,Nervos cranianos,"Reconhecer o número, a origem e os tipos de nervos cranianos, e a exceção do vago.",nervos cranianos | encefalo | nervo vago | tronco encefalico,basica,False,,NAO_DECLARADA,False,NAO_DECLARADO,PENDENTE_VALIDACAO_SEMANTICA,LEGADO_NAO_AUDITADO
CB-ANAT-114,RESP,RESP,ANAT,Anatomia,Vias aéreas,"Traqueia, brônquios e pulmões",Reconhecer o trajeto do ar e a organização dos pulmões em lobos e alvéolos.,vias aereas | traqueia | bronquios | alveolos,basica,False,,NAO_DECLARADA,False,NAO_DECLARADO,PENDENTE_VALIDACAO_SEMANTICA,LEGADO_NAO_AUDITADO
CB-ANAT-115,LOCO,LOCO,ANAT,Anatomia,Esqueleto,Axial e apendicular,"Reconhecer a divisão do esqueleto em axial (eixo, proteção) e apendicular (membros, movimento).",esqueleto axial | esqueleto apendicular | cinturas | ossos,basica,False,,NAO_DECLARADA,False,NAO_DECLARADO,PENDENTE_VALIDACAO_SEMANTICA,LEGADO_NAO_AUDITADO
CB-ANAT-116,REPRO,REPRO,ANAT,Anatomia,Órgãos genitais femininos,"Útero, tubas e ovários","Reconhecer a anatomia e a função dos ovários, das tubas, do útero e do colo.",ovarios | tubas uterinas | utero | colo do utero,basica,False,,NAO_DECLARADA,False,NAO_DECLARADO,PENDENTE_VALIDACAO_SEMANTICA,LEGADO_NAO_AUDITADO
CB-ANAT-117,NERV,NERV,ANAT,Anatomia,Sistema nervoso central,Medula espinhal,Reconhecer a estrutura da medula espinhal e suas funções (condução e reflexos).,medula espinhal | substancia cinzenta | substancia branca | nervos espinhais,basica,False,,NAO_DECLARADA,False,NAO_DECLARADO,PENDENTE_VALIDACAO_SEMANTICA,LEGADO_NAO_AUDITADO
CB-ANAT-118,HEMATO,HEMATO,ANAT,Anatomia,Órgãos linfoides,Baço,Reconhecer a localização e as funções do baço (filtração do sangue e defesa).,baco | orgao linfoide | filtracao do sangue | esplenectomia,basica,False,,NAO_DECLARADA,False,NAO_DECLARADO,PENDENTE_VALIDACAO_SEMANTICA,LEGADO_NAO_AUDITADO
CB-ANAT-119,ENDO,ENDO,ANAT,Anatomia,Glândulas endócrinas,Adrenais,Reconhecer a localização e a divisão (córtex e medula) das adrenais e seus hormônios.,adrenais | suprarrenais | cortex | medula adrenal,basica,False,,NAO_DECLARADA,False,NAO_DECLARADO,PENDENTE_VALIDACAO_SEMANTICA,LEGADO_NAO_AUDITADO
CB-ANAT-120,RENAL,RENAL,ANAT,Anatomia,Vias urinárias,"Ureteres, bexiga e uretra","Reconhecer o trajeto da urina pelas vias urinárias (ureter, bexiga, uretra).",ureteres | bexiga | uretra | vias urinarias,basica,False,,NAO_DECLARADA,False,NAO_DECLARADO,PENDENTE_VALIDACAO_SEMANTICA,LEGADO_NAO_AUDITADO
CB-ANAT-121,RESP,RESP,ANAT,Anatomia,Tórax,Pleura e mediastino,Reconhecer a pleura (membrana dos pulmões) e o mediastino (região central do tórax).,pleura | mediastino | torax | cavidade pleural,basica,False,,NAO_DECLARADA,False,NAO_DECLARADO,PENDENTE_VALIDACAO_SEMANTICA,LEGADO_NAO_AUDITADO
CB-ANAT-122,RENAL,RENAL,ANAT,Anatomia,Rim,Anatomia macroscópica,"Reconhecer a anatomia do rim (córtex, medula, cálices, pelve, hilo).",rim | cortex renal | medula renal | pelve renal,basica,False,,NAO_DECLARADA,False,NAO_DECLARADO,PENDENTE_VALIDACAO_SEMANTICA,LEGADO_NAO_AUDITADO
CB-ANAT-123,LOCO,LOCO,ANAT,Anatomia,Articulações,Tipos de articulações,"Classificar as articulações pelo grau de movimento (fixas, semimóveis, móveis).",articulacoes | sinoviais | suturas | liquido sinovial,basica,False,,NAO_DECLARADA,False,NAO_DECLARADO,PENDENTE_VALIDACAO_SEMANTICA,LEGADO_NAO_AUDITADO
CB-ANAT-124,ENDO,ENDO,ANAT,Anatomia,Glândulas endócrinas,Tireoide e paratireoides,Reconhecer a anatomia da tireoide e das paratireoides e suas funções distintas.,tireoide | paratireoides | PTH | pescoco,basica,False,,NAO_DECLARADA,False,NAO_DECLARADO,PENDENTE_VALIDACAO_SEMANTICA,LEGADO_NAO_AUDITADO
CB-ANAT-125,NERV,NERV,ANAT,Anatomia,Sistema nervoso periférico,Nervos cranianos,"Reconhecer os nervos cranianos (origem no encéfalo, distribuição e funções).",nervos cranianos | tronco encefalico | nervo vago | exame neurologico,basica,False,,NAO_DECLARADA,False,NAO_DECLARADO,PENDENTE_VALIDACAO_SEMANTICA,LEGADO_NAO_AUDITADO
CB-ANAT-126,HEMATO,HEMATO,ANAT,Anatomia,Órgãos linfoides,Baço,"Reconhecer a localização e as funções do baço (filtração do sangue, imunidade, reservatório).",baco | filtracao do sangue | hemacias | imunidade,basica,False,,NAO_DECLARADA,False,NAO_DECLARADO,PENDENTE_VALIDACAO_SEMANTICA,LEGADO_NAO_AUDITADO
CB-ANAT-127,IMUNO,IMUNO,ANAT,Anatomia,Órgãos linfoides,Timo e linfonodos,Reconhecer os órgãos linfoides primários e secundários e seus papéis.,orgaos linfoides | timo | linfonodos | medula ossea,basica,False,,NAO_DECLARADA,False,NAO_DECLARADO,PENDENTE_VALIDACAO_SEMANTICA,LEGADO_NAO_AUDITADO
CB-ANAT-128,LOCO,LOCO,ANAT,Anatomia,Esqueleto axial,Coluna vertebral,Reconhecer a organização da coluna vertebral e sua função de proteger a medula.,coluna vertebral | vertebras | discos intervertebrais | medula espinhal,basica,False,,NAO_DECLARADA,False,NAO_DECLARADO,PENDENTE_VALIDACAO_SEMANTICA,LEGADO_NAO_AUDITADO
CB-ANAT-129,LOCO,LOCO,ANAT,Anatomia,Articulações,Tipos de articulações,"Classificar as articulações pelo grau de movimento (fixas, semimóveis, móveis).",articulacoes | sinovial | suturas | movimento,basica,False,,NAO_DECLARADA,False,NAO_DECLARADO,PENDENTE_VALIDACAO_SEMANTICA,LEGADO_NAO_AUDITADO
CB-ANAT-130,CARDIO,CARDIO,ANAT,Anatomia,Vascularização,Coronárias,Reconhecer a circulação coronária e sua relação com o infarto.,arterias coronarias | aorta | miocardio | infarto,basica,False,,NAO_DECLARADA,False,NAO_DECLARADO,PENDENTE_VALIDACAO_SEMANTICA,LEGADO_NAO_AUDITADO
CB-ANAT-131,NERV,NERV,ANAT,Anatomia,Sistema nervoso central,Medula espinhal,Reconhecer a organização e as funções da medula espinhal.,medula espinhal | nervos espinhais | vias sensitivas e motoras | reflexos,basica,False,,NAO_DECLARADA,False,NAO_DECLARADO,PENDENTE_VALIDACAO_SEMANTICA,LEGADO_NAO_AUDITADO
CB-ANAT-132,REPRO,REPRO,ANAT,Anatomia,Sistema reprodutor,Anatomia feminina,Reconhecer os órgãos do sistema reprodutor feminino e suas funções.,sistema reprodutor feminino | ovarios | tubas uterinas | utero,basica,False,,NAO_DECLARADA,False,NAO_DECLARADO,PENDENTE_VALIDACAO_SEMANTICA,LEGADO_NAO_AUDITADO
CB-ANAT-133,TEG,TEG,ANAT,Anatomia,Anexos cutâneos,"Pelos, unhas e glândulas",Reconhecer os anexos cutâneos e suas funções.,anexos cutaneos | pelos | unhas | glandulas sudoriparas e sebaceas,basica,False,,NAO_DECLARADA,False,NAO_DECLARADO,PENDENTE_VALIDACAO_SEMANTICA,LEGADO_NAO_AUDITADO
CB-ANAT-134,DIG,DIG,ANAT,Anatomia,Sistema digestivo,Fígado e vias biliares,Reconhecer a anatomia do fígado e das vias biliares e a conexão com o intestino.,figado | bile | vias biliares | vesicula biliar,basica,False,,NAO_DECLARADA,False,NAO_DECLARADO,PENDENTE_VALIDACAO_SEMANTICA,LEGADO_NAO_AUDITADO
CB-ANAT-135,LOCO,LOCO,ANAT,Anatomia,Sistema muscular,Músculos esqueléticos,"Reconhecer como os músculos se ligam aos ossos e produzem movimento (tendões, pares antagônicos).",musculos esqueleticos | tendoes | pares antagonicos | contracao,basica,False,,NAO_DECLARADA,False,NAO_DECLARADO,PENDENTE_VALIDACAO_SEMANTICA,LEGADO_NAO_AUDITADO
CB-ANAT-136,NERV,NERV,ANAT,Anatomia,Sistema nervoso central,Divisões do encéfalo,Reconhecer as grandes divisões do encéfalo e suas funções gerais.,encefalo | cerebro | cerebelo | tronco encefalico,basica,False,,NAO_DECLARADA,False,NAO_DECLARADO,PENDENTE_VALIDACAO_SEMANTICA,LEGADO_NAO_AUDITADO
CB-BCM-001,CARDIO,CARDIO,BCM,Biologia Celular e Molecular,Sinalização celular,Receptor beta-adrenérgico,Beta-1 (receptor acoplado à proteína G) → Gs → adenilato ciclase → AMPc → PKA → mais cálcio → mais força e frequência.,receptor beta-1 | proteína Gs | AMPc | PKA | sinalização,avancada,True,BCM | FISI,False,True,draft,PENDENTE_VALIDACAO_SEMANTICA,LEGADO_NAO_AUDITADO
CB-BCM-002,REPRO,REPRO,BCM,Biologia Celular e Molecular,Divisão celular,Meiose,Meiose gera gametas haploides (metade dos cromossomos) e variabilidade (crossing over e segregação independente); a mitose mantém o número.,meiose | haploide | crossing over | variabilidade | gameta,basica,False,,False,False,draft,PENDENTE_VALIDACAO_SEMANTICA,LEGADO_NAO_AUDITADO
CB-BCM-003,NERV,NERV,BCM,Biologia Celular e Molecular,Morte celular,Apoptose e necrose,"Apoptose: programada, dependente de ATP, sem inflamação. Necrose: por lesão, com ruptura de membrana e inflamação.",apoptose | necrose | caspase | inflamação | morte celular,avancada,True,BCM | PATO,False,False,draft,PENDENTE_VALIDACAO_SEMANTICA,LEGADO_NAO_AUDITADO
CB-BCM-004,DIG,DIG,BCM,Biologia Celular e Molecular,Ciclo celular,Gene supressor p53,"p53 (supressor tumoral): para o ciclo para reparo do DNA e, se irreparavel, induz apoptose. Sua perda favorece o cancer.",p53 | supressor tumoral | ciclo celular | apoptose | cancer,avancada,True,BCM | PATO,True,False,draft,PENDENTE_VALIDACAO_SEMANTICA,LEGADO_NAO_AUDITADO
CB-BCM-005,NERV,NERV,BCM,Biologia Celular e Molecular,Expressao genica,Dogma central,"Dogma central: DNA e transcrito em RNA, que e traduzido em proteina (DNA para RNA para proteina).",dogma central | transcricao | traducao | RNA mensageiro | expressao genica,basica,True,BCM | GENE,False,False,draft,PENDENTE_VALIDACAO_SEMANTICA,LEGADO_NAO_AUDITADO
CB-BCM-006,TEG,TEG,BCM,Biologia Celular e Molecular,Transporte de membrana,Ativo e passivo,"Passivo: a favor do gradiente, sem ATP. Ativo: contra o gradiente, com ATP.",transporte passivo | transporte ativo | gradiente | ATP | membrana,basica,False,,False,False,draft,PENDENTE_VALIDACAO_SEMANTICA,LEGADO_NAO_AUDITADO
CB-BCM-007,ENDO,ENDO,BCM,Biologia Celular e Molecular,Comunicacao celular,Tipos de sinalizacao,"Endocrina (sangue, distante), paracrina (vizinhas), autocrina (propria celula).",sinalizacao | endocrina | paracrina | autocrina | comunicacao celular,basica,False,,False,False,draft,PENDENTE_VALIDACAO_SEMANTICA,LEGADO_NAO_AUDITADO
CB-BCM-008,TEG,TEG,BCM,Biologia Celular e Molecular,Reparo do DNA,Xeroderma pigmentoso,"Xeroderma pigmentoso: falha no reparo do DNA (lesoes UV nao corrigidas), causando canceres de pele precoces.",reparo do DNA | xeroderma pigmentoso | radiacao ultravioleta | mutacao | cancer de pele,avancada,True,BCM | PATO,True,False,draft,PENDENTE_VALIDACAO_SEMANTICA,LEGADO_NAO_AUDITADO
CB-BCM-009,NERV,NERV,BCM,Biologia Celular e Molecular,Mutacoes,Tipos de mutacao,Missense: troca aminoacido; nonsense: codon de parada; frameshift: desloca o quadro de leitura.,missense | nonsense | frameshift | mutacao | quadro de leitura,intermediaria,False,,False,False,draft,PENDENTE_VALIDACAO_SEMANTICA,LEGADO_NAO_AUDITADO
CB-BCM-010,IMUNO,IMUNO,BCM,Biologia Celular e Molecular,Morte celular,Apoptose e necrose,"Apoptose: morte programada, sem inflamacao; necrose: morte por lesao, com rompimento e inflamacao.",apoptose | necrose | caspases | morte celular | inflamacao,intermediaria,True,BCM | IMUN,True,False,draft,PENDENTE_VALIDACAO_SEMANTICA,LEGADO_NAO_AUDITADO
CB-BCM-011,ENDO,ENDO,BCM,Biologia Celular e Molecular,Receptores hormonais,Esteroides e peptidicos,"Esteroides (lipossoluveis): receptor intracelular e transcricao. Peptidicos (hidrossoluveis): receptor de membrana, rapido.",receptor intracelular | receptor de membrana | hormonio esteroide | hormonio peptidico | transcricao,intermediaria,False,,False,False,draft,PENDENTE_VALIDACAO_SEMANTICA,LEGADO_NAO_AUDITADO
CB-BCM-012,NERV,NERV,BCM,Biologia Celular e Molecular,Ciclo celular,Fases do ciclo,"Ciclo celular: G1 (crescimento), S (duplicacao do DNA), G2 (preparo) e M (mitose).",ciclo celular | interfase | fase S | mitose | checkpoint,intermediaria,False,,False,True,draft,PENDENTE_VALIDACAO_SEMANTICA,LEGADO_NAO_AUDITADO
CB-BCM-013,NERV,NERV,BCM,Biologia Celular e Molecular,Organelas,Funcoes das organelas,Mitocondria: ATP; reticulo: sintese de proteinas/lipideos; Golgi: endereca; lisossomo: digestao intracelular.,mitocondria | reticulo endoplasmatico | lisossomo | complexo de Golgi | organela,basica,False,,False,False,draft,PENDENTE_VALIDACAO_SEMANTICA,LEGADO_NAO_AUDITADO
CB-BCM-014,RESP,RESP,BCM,Biologia Celular e Molecular,Citoesqueleto,Cilios e dineina,"Cilios (microtubulos + dineina) imoveis: sem limpeza mucociliar, com infeccoes de repeticao (Kartagener).",cilios | dineina | microtubulos | Kartagener | situs inversus,intermediaria,True,BCM | PATO,True,False,draft,PENDENTE_VALIDACAO_SEMANTICA,LEGADO_NAO_AUDITADO
CB-BCM-015,HEMATO,HEMATO,BCM,Biologia Celular e Molecular,Hemoglobina,Talassemia,"Talassemia: defeito genetico reduz a sintese de uma cadeia de globina (alfa/beta), causando anemia (quantitativa).",talassemia | hemoglobina | cadeia de globina | anemia | hemolise,intermediaria,True,BCM | PATO,True,False,draft,PENDENTE_VALIDACAO_SEMANTICA,LEGADO_NAO_AUDITADO
CB-BCM-016,TEG,TEG,BCM,Biologia Celular e Molecular,Reparo do DNA,Xeroderma pigmentoso,Reparo do DNA corrige lesões (ex.: por UV); sua falha (xeroderma) acumula mutações e causa câncer de pele.,reparo do DNA | xeroderma pigmentoso | luz ultravioleta | mutacao | cancer de pele,avancada,True,BCM | PATO,True,False,draft,PENDENTE_VALIDACAO_SEMANTICA,LEGADO_NAO_AUDITADO
CB-BCM-017,ENDO,ENDO,BCM,Biologia Celular e Molecular,Sinalização celular,Receptores acoplados a proteína G,"GPCR: ligante ativa o receptor, a proteína G e enzimas, gerando segundos mensageiros (AMPc, cálcio) que amplificam o sinal.",GPCR | proteina G | segundo mensageiro | AMPc | receptor de membrana,intermediaria,True,BCM | FARM,False,True,draft,PENDENTE_VALIDACAO_SEMANTICA,LEGADO_NAO_AUDITADO
CB-BCM-018,RENAL,RENAL,BCM,Biologia Celular e Molecular,Transporte de membrana,Tonicidade e osmose,Meio hipotônico: água entra por osmose e a célula incha/rompe (hemólise); hipertônico faz o oposto (murcha).,osmose | tonicidade | hipotonico | hemolise | fluidoterapia,intermediaria,True,BCM | FISI,False,False,draft,PENDENTE_VALIDACAO_SEMANTICA,LEGADO_NAO_AUDITADO
CB-BCM-019,DIG,DIG,BCM,Biologia Celular e Molecular,Câncer,Oncogenes e genes supressores,Câncer: oncogenes ativados aceleram o crescimento e supressores (ex.: p53) inativados removem os freios.,oncogene | gene supressor de tumor | p53 | proto-oncogene | carcinogenese,avancada,True,BCM | PATO,True,False,draft,PENDENTE_VALIDACAO_SEMANTICA,LEGADO_NAO_AUDITADO
CB-BCM-020,REPRO,REPRO,BCM,Biologia Celular e Molecular,Expressão gênica,Epigenética e imprinting,"Imprinting genômico: marca epigenética (metilação) que silencia o alelo materno ou paterno, sem mudar o DNA.",epigenetica | imprinting genomico | metilacao | Prader-Willi | expressao genica,intermediaria,False,,True,False,draft,PENDENTE_VALIDACAO_SEMANTICA,LEGADO_NAO_AUDITADO
CB-BCM-021,CARDIO,CARDIO,BCM,Biologia Celular e Molecular,Transporte celular,Endocitose mediada por receptor (LDL),A célula capta LDL por endocitose mediada por receptor (LDL + receptor → vesícula); defeito no receptor eleva o colesterol.,endocitose mediada por receptor | receptor de LDL | colesterol | hipercolesterolemia familiar | vesicula,avancada,True,BCM | BIOQ,True,True,draft,PENDENTE_VALIDACAO_SEMANTICA,LEGADO_NAO_AUDITADO
CB-BCM-022,TEG,TEG,BCM,Biologia Celular e Molecular,Envelhecimento celular,Telômeros e senescência,"Telômeros: pontas dos cromossomos que encurtam a cada divisão; muito curtos, levam à senescência. A telomerase os mantém.",telomeros | telomerase | senescencia | envelhecimento | cromossomo,avancada,True,BCM | PATO,True,False,draft,PENDENTE_VALIDACAO_SEMANTICA,LEGADO_NAO_AUDITADO
CB-BCM-023,REPRO,REPRO,BCM,Biologia Celular e Molecular,Divisão celular,Mitose e meiose,Mitose: 2 células iguais (mantém cromossomos). Meiose: 4 gametas com metade dos cromossomos e recombinação.,mitose | meiose | cromossomos | gametas | recombinacao,avancada,False,,False,False,draft,PENDENTE_VALIDACAO_SEMANTICA,LEGADO_NAO_AUDITADO
CB-BCM-024,Endócrino,ENDO,BCM,Biologia Celular e Molecular,Comunicação celular,Receptores de membrana,"Compreender transdução de sinal por receptor de membrana e segundo mensageiro, com amplificação.",segundo mensageiro | receptor de membrana | transducao de sinal | AMP ciclico,avancada,True,,NAO_DECLARADA,False,NAO_DECLARADO,PENDENTE_VALIDACAO_SEMANTICA,LEGADO_NAO_AUDITADO
CB-BCM-025,Imunológico,IMUNO,BCM,Biologia Celular e Molecular,Ciclo celular,Pontos de checagem,Compreender os checkpoints como controle de qualidade que impede a divisão de células danificadas.,ciclo celular | checkpoint | p53 | apoptose | reparo de DNA,avancada,True,,NAO_DECLARADA,False,NAO_DECLARADO,PENDENTE_VALIDACAO_SEMANTICA,LEGADO_NAO_AUDITADO
CB-BCM-026,Renal/Urinário,RENAL,BCM,Biologia Celular e Molecular,Transporte de membrana,Transporte ativo secundário,Compreender o transporte ativo secundário e a origem indireta da energia no gradiente de sódio.,transporte ativo secundario | cotransporte | SGLT | gradiente de sodio,avancada,True,,NAO_DECLARADA,False,NAO_DECLARADO,PENDENTE_VALIDACAO_SEMANTICA,LEGADO_NAO_AUDITADO
CB-BCM-027,Endócrino,ENDO,BCM,Biologia Celular e Molecular,Expressão gênica,Do gene à proteína,Compreender a expressão gênica diferencial como base da diversidade celular a partir do mesmo genoma.,expressao genica | transcricao | diferenciacao celular | regulacao,intermediaria,True,,NAO_DECLARADA,False,NAO_DECLARADO,PENDENTE_VALIDACAO_SEMANTICA,LEGADO_NAO_AUDITADO
CB-BCM-028,Digestivo,DIG,BCM,Biologia Celular e Molecular,Organelas,Retículo endoplasmático e Golgi,Descrever a via de síntese e secreção de proteínas pelo retículo rugoso e complexo de Golgi.,reticulo endoplasmatico | complexo de golgi | secrecao | exocitose,intermediaria,True,,NAO_DECLARADA,False,NAO_DECLARADO,PENDENTE_VALIDACAO_SEMANTICA,LEGADO_NAO_AUDITADO
CB-BCM-029,Imunológico,IMUNO,BCM,Biologia Celular e Molecular,Morte celular,Apoptose x necrose,"Distinguir apoptose (programada, sem inflamação) de necrose (por lesão, com inflamação).",apoptose | necrose | morte celular programada | inflamacao,intermediaria,True,,NAO_DECLARADA,False,NAO_DECLARADO,PENDENTE_VALIDACAO_SEMANTICA,LEGADO_NAO_AUDITADO
CB-BCM-030,LOCO,LOCO,BCM,Biologia Celular e Molecular,Citoesqueleto,Funções do citoesqueleto,Reconhecer as múltiplas funções do citoesqueleto além da sustentação.,citoesqueleto | microtubulos | fuso mitotico | transporte intracelular,intermediaria,False,,NAO_DECLARADA,False,NAO_DECLARADO,PENDENTE_VALIDACAO_SEMANTICA,LEGADO_NAO_AUDITADO
CB-BCM-031,TEG,TEG,BCM,Biologia Celular e Molecular,Membrana plasmática,Modelo do mosaico fluido,Compreender o modelo do mosaico fluido: diversidade de componentes e mobilidade na membrana.,mosaico fluido | membrana plasmatica | bicamada lipidica | fluidez,intermediaria,False,,NAO_DECLARADA,False,NAO_DECLARADO,PENDENTE_VALIDACAO_SEMANTICA,LEGADO_NAO_AUDITADO
CB-BCM-032,ENDO,ENDO,BCM,Biologia Celular e Molecular,Comunicação celular,Receptores e segundos mensageiros,Compreender a transdução de sinal por receptores de membrana e segundos mensageiros.,receptor de membrana | transducao de sinal | segundo mensageiro | sinalizacao,avancada,True,,NAO_DECLARADA,False,NAO_DECLARADO,PENDENTE_VALIDACAO_SEMANTICA,LEGADO_NAO_AUDITADO
CB-BCM-033,DIG,DIG,BCM,Biologia Celular e Molecular,Organelas,Retículo endoplasmático e Golgi,Reconhecer a via retículo rugoso → Golgi → vesículas na síntese e secreção de proteínas.,reticulo endoplasmatico rugoso | complexo de golgi | secrecao | vesiculas,intermediaria,False,,NAO_DECLARADA,False,NAO_DECLARADO,PENDENTE_VALIDACAO_SEMANTICA,LEGADO_NAO_AUDITADO
CB-BCM-034,HEMATO,HEMATO,BCM,Biologia Celular e Molecular,DNA,Replicação semiconservativa,Compreender a replicação semiconservativa do DNA (fita antiga + fita nova em cada molécula-filha).,replicacao | semiconservativa | DNA | fita molde,avancada,False,,NAO_DECLARADA,False,NAO_DECLARADO,PENDENTE_VALIDACAO_SEMANTICA,LEGADO_NAO_AUDITADO
CB-BCM-035,LOCO,LOCO,BCM,Biologia Celular e Molecular,Ciclo celular,Fases e controle,Compreender as fases do ciclo celular e a função dos pontos de checagem.,ciclo celular | fase S | checkpoint | mitose,intermediaria,False,,NAO_DECLARADA,False,NAO_DECLARADO,PENDENTE_VALIDACAO_SEMANTICA,LEGADO_NAO_AUDITADO
CB-BCM-036,ENDO,ENDO,BCM,Biologia Celular e Molecular,Sinalização celular,Receptores de membrana x intracelulares,Relacionar lipossolubilidade a receptor intracelular e hidrossolubilidade a receptor de membrana.,receptores | lipossolubilidade | hormonios esteroides | transducao de sinal,avancada,True,,NAO_DECLARADA,False,NAO_DECLARADO,PENDENTE_VALIDACAO_SEMANTICA,LEGADO_NAO_AUDITADO
CB-BCM-037,DIG,DIG,BCM,Biologia Celular e Molecular,Organelas,Mitocôndria (função),Reconhecer a mitocôndria como principal produtora de ATP na respiração aeróbia.,mitocondria | ATP | respiracao celular | fosforilacao oxidativa,basica,True,,NAO_DECLARADA,False,NAO_DECLARADO,PENDENTE_VALIDACAO_SEMANTICA,LEGADO_NAO_AUDITADO
CB-BCM-038,RENAL,RENAL,BCM,Biologia Celular e Molecular,Transporte de membrana,Transporte passivo x ativo,"Distinguir transporte passivo (a favor do gradiente, sem energia) de ativo (contra o gradiente, com ATP).",transporte passivo | transporte ativo | gradiente de concentracao | bomba de sodio e potassio,basica,False,,NAO_DECLARADA,False,NAO_DECLARADO,PENDENTE_VALIDACAO_SEMANTICA,LEGADO_NAO_AUDITADO
CB-BCM-039,HEMATO,HEMATO,BCM,Biologia Celular e Molecular,Núcleo e material genético,"DNA, gene e cromossomo",Organizar a hierarquia DNA → gene (trecho) → cromossomo (DNA compactado com muitos genes).,DNA | gene | cromossomo | material genetico,basica,False,,NAO_DECLARADA,False,NAO_DECLARADO,PENDENTE_VALIDACAO_SEMANTICA,LEGADO_NAO_AUDITADO
CB-BCM-040,ENDO,ENDO,BCM,Biologia Celular e Molecular,Comunicação celular,Receptores de membrana x intracelulares,Relacionar a solubilidade do hormônio ao tipo de receptor (intracelular x membrana).,receptores de membrana | receptores intracelulares | hormonios esteroides | sinalizacao celular,avancada,True,,NAO_DECLARADA,False,NAO_DECLARADO,PENDENTE_VALIDACAO_SEMANTICA,LEGADO_NAO_AUDITADO
CB-BCM-041,TEG,TEG,BCM,Biologia Celular e Molecular,Junções celulares,Tipos de junção,"Distinguir junção oclusiva (veda), desmossomo (ancora) e comunicante (conecta por canais).",juncao oclusiva | desmossomo | juncao comunicante | epitelio,intermediaria,False,,NAO_DECLARADA,False,NAO_DECLARADO,PENDENTE_VALIDACAO_SEMANTICA,LEGADO_NAO_AUDITADO
CB-BCM-042,NERV,NERV,BCM,Biologia Celular e Molecular,Citoesqueleto,Transporte axonal,Compreender o transporte axonal por microtúbulos e proteínas motoras (cinesina/dineína).,transporte axonal | microtubulos | cinesina | dineina,avancada,False,,NAO_DECLARADA,False,NAO_DECLARADO,PENDENTE_VALIDACAO_SEMANTICA,LEGADO_NAO_AUDITADO
CB-BCM-043,IMUNO,IMUNO,BCM,Biologia Celular e Molecular,Morte celular,Apoptose: via intrínseca x extrínseca,"Distinguir apoptose intrínseca (mitocondrial, dano interno) de extrínseca (receptores de morte, imune).",apoptose | via intrinseca | via extrinseca | Fas,avancada,True,,NAO_DECLARADA,False,NAO_DECLARADO,PENDENTE_VALIDACAO_SEMANTICA,LEGADO_NAO_AUDITADO
CB-BCM-044,HEMATO,HEMATO,BCM,Biologia Celular e Molecular,Processamento do RNA,Splicing,"Compreender o splicing (remoção de íntrons, junção de éxons) e sua relação com doenças.",splicing | introns | exons | talassemia,avancada,True,,NAO_DECLARADA,False,NAO_DECLARADO,PENDENTE_VALIDACAO_SEMANTICA,LEGADO_NAO_AUDITADO
CB-BCM-045,REPRO,REPRO,BCM,Biologia Celular e Molecular,Sinalização celular,Hormônios esteroides e receptores nucleares,"Compreender que os esteroides usam receptores intracelulares e agem como fatores de transcrição, com efeito lento e duradouro.",hormonios esteroides | receptor nuclear | fator de transcricao | expressao genica,intermediaria,True,,NAO_DECLARADA,False,NAO_DECLARADO,PENDENTE_VALIDACAO_SEMANTICA,LEGADO_NAO_AUDITADO
CB-BCM-046,TEG,TEG,BCM,Biologia Celular e Molecular,Adesão celular,Matriz extracelular e integrinas,Compreender a matriz extracelular e o papel das integrinas na adesão e na sinalização celular.,matriz extracelular | integrinas | colageno | adesao celular,intermediaria,False,,NAO_DECLARADA,False,NAO_DECLARADO,PENDENTE_VALIDACAO_SEMANTICA,LEGADO_NAO_AUDITADO
CB-BCM-047,TEG,TEG,BCM,Biologia Celular e Molecular,Ciclo celular,Pontos de checagem e câncer,Compreender o papel dos pontos de checagem do ciclo celular e sua relação com a carcinogênese.,ciclo celular | checkpoint | p53 | cancer,avancada,True,,NAO_DECLARADA,False,NAO_DECLARADO,PENDENTE_VALIDACAO_SEMANTICA,LEGADO_NAO_AUDITADO
CB-BCM-048,ENDO,ENDO,BCM,Biologia Celular e Molecular,Organelas,Via secretora (retículo e Golgi),"Compreender a via secretora (retículo rugoso, Golgi, vesículas) na produção e exportação de proteínas.",via secretora | reticulo endoplasmatico | complexo de golgi | exocitose,intermediaria,False,,NAO_DECLARADA,False,NAO_DECLARADO,PENDENTE_VALIDACAO_SEMANTICA,LEGADO_NAO_AUDITADO
CB-BCM-049,IMUNO,IMUNO,BCM,Biologia Celular e Molecular,Transporte celular,Endocitose e fagocitose,Compreender endocitose e fagocitose e o papel da fagocitose na imunidade inata.,endocitose | fagocitose | macrofagos | imunidade inata,intermediaria,True,,NAO_DECLARADA,False,NAO_DECLARADO,PENDENTE_VALIDACAO_SEMANTICA,LEGADO_NAO_AUDITADO
CB-BCM-050,TEG,TEG,BCM,Biologia Celular e Molecular,Reparo do DNA,Mecanismos e falhas,Compreender a importância do reparo do DNA e a relação de sua falha com mutações e câncer.,reparo do DNA | radiacao ultravioleta | mutacao | xeroderma pigmentoso,avancada,True,,NAO_DECLARADA,False,NAO_DECLARADO,PENDENTE_VALIDACAO_SEMANTICA,LEGADO_NAO_AUDITADO
CB-BCM-051,IMUNO,IMUNO,BCM,Biologia Celular e Molecular,Organelas,Lisossomos e doenças de depósito,Compreender a função digestiva dos lisossomos e a origem das doenças de depósito lisossômico.,lisossomos | enzimas digestivas | doencas de deposito | genetica,intermediaria,True,,NAO_DECLARADA,False,NAO_DECLARADO,PENDENTE_VALIDACAO_SEMANTICA,LEGADO_NAO_AUDITADO
CB-BCM-052,ENDO,ENDO,BCM,Biologia Celular e Molecular,Sinalização celular,Segundos mensageiros,Compreender a sinalização por receptores de superfície e segundos mensageiros (AMP cíclico) com amplificação.,segundo mensageiro | AMP ciclico | receptor de superficie | sinalizacao,avancada,True,,NAO_DECLARADA,False,NAO_DECLARADO,PENDENTE_VALIDACAO_SEMANTICA,LEGADO_NAO_AUDITADO
CB-BCM-053,HEMATO,HEMATO,BCM,Biologia Celular e Molecular,Diferenciação celular,Células-tronco,Compreender as propriedades das células-tronco usando a hematopoiese como exemplo.,celulas-tronco | autorrenovacao | hematopoiese | diferenciacao,intermediaria,True,,NAO_DECLARADA,False,NAO_DECLARADO,PENDENTE_VALIDACAO_SEMANTICA,LEGADO_NAO_AUDITADO
CB-BCM-054,LOCO,LOCO,BCM,Biologia Celular e Molecular,Matriz extracelular,Matriz óssea e mineralização,Compreender a composição da matriz óssea (colágeno e hidroxiapatita) e a mineralização.,matriz ossea | colageno | hidroxiapatita | mineralizacao,intermediaria,True,,NAO_DECLARADA,False,NAO_DECLARADO,PENDENTE_VALIDACAO_SEMANTICA,LEGADO_NAO_AUDITADO
CB-BCM-055,IMUNO,IMUNO,BCM,Biologia Celular e Molecular,Citoesqueleto,Migração de leucócitos,Relacionar o citoesqueleto (actina) à migração dos leucócitos na defesa imune.,citoesqueleto | actina | diapedese | quimiotaxia,intermediaria,True,,NAO_DECLARADA,False,NAO_DECLARADO,PENDENTE_VALIDACAO_SEMANTICA,LEGADO_NAO_AUDITADO
CB-BCM-056,IMUNO,IMUNO,BCM,Biologia Celular e Molecular,Expressão gênica,Regulação,"Compreender que a diversidade celular vem da expressão diferencial de genes, não de DNAs distintos.",expressao genica | fatores de transcricao | diferenciacao | epigenetica,avancada,False,,NAO_DECLARADA,False,NAO_DECLARADO,PENDENTE_VALIDACAO_SEMANTICA,LEGADO_NAO_AUDITADO
CB-BCM-057,REPRO,REPRO,BCM,Biologia Celular e Molecular,Divisão celular,Meiose e gametas,Compreender a meiose (redução cromossômica e variabilidade) na formação dos gametas.,meiose | gametas | haploide | crossing-over,intermediaria,True,,NAO_DECLARADA,False,NAO_DECLARADO,PENDENTE_VALIDACAO_SEMANTICA,LEGADO_NAO_AUDITADO
CB-BCM-058,TEG,TEG,BCM,Biologia Celular e Molecular,Membrana plasmática,Estrutura,Reconhecer a estrutura da membrana (bicamada de fosfolipídios com proteínas) e a permeabilidade seletiva.,membrana plasmatica | bicamada lipidica | permeabilidade seletiva | proteinas de membrana,basica,False,,NAO_DECLARADA,False,NAO_DECLARADO,PENDENTE_VALIDACAO_SEMANTICA,LEGADO_NAO_AUDITADO
CB-BCM-059,IMUNO,IMUNO,BCM,Biologia Celular e Molecular,Comunicação celular,Citocinas,Compreender o papel das citocinas na comunicação e na coordenação da resposta imune.,citocinas | comunicacao celular | resposta imune | receptores,intermediaria,True,,NAO_DECLARADA,False,NAO_DECLARADO,PENDENTE_VALIDACAO_SEMANTICA,LEGADO_NAO_AUDITADO
CB-BCM-060,REPRO,REPRO,BCM,Biologia Celular e Molecular,Fecundação,Eventos celulares,"Compreender os eventos celulares da fecundação (reconhecimento, reação acrossômica, bloqueio da poliespermia).",fecundacao | reacao acrossomica | poliespermia | zigoto,avancada,True,,NAO_DECLARADA,False,NAO_DECLARADO,PENDENTE_VALIDACAO_SEMANTICA,LEGADO_NAO_AUDITADO
CB-BCM-061,RENAL,RENAL,BCM,Biologia Celular e Molecular,Transporte de membrana,Transporte epitelial,"Compreender o transporte epitelial polarizado na reabsorção renal (bomba de sódio, transporte acoplado).",transporte epitelial | polaridade celular | bomba de sodio | reabsorcao,avancada,True,,NAO_DECLARADA,False,NAO_DECLARADO,PENDENTE_VALIDACAO_SEMANTICA,LEGADO_NAO_AUDITADO
CB-BCM-062,RENAL,RENAL,BCM,Biologia Celular e Molecular,Transporte de membrana,Aquaporinas,Compreender as aquaporinas e a regulação da reabsorção de água pelo ADH no rim.,aquaporinas | canais de agua | ADH | reabsorcao,avancada,True,,NAO_DECLARADA,False,NAO_DECLARADO,PENDENTE_VALIDACAO_SEMANTICA,LEGADO_NAO_AUDITADO
CB-BCM-063,NERV,NERV,BCM,Biologia Celular e Molecular,Excitabilidade,Potencial de ação,Compreender a base iônica do potencial de ação (canais de sódio e potássio) e sua propagação.,potencial de acao | canais ionicos | despolarizacao | axonio,avancada,True,,NAO_DECLARADA,False,NAO_DECLARADO,PENDENTE_VALIDACAO_SEMANTICA,LEGADO_NAO_AUDITADO
CB-BCM-064,IMUNO,IMUNO,BCM,Biologia Celular e Molecular,Reconhecimento celular,MHC e apresentação de antígenos,Compreender o papel do MHC na apresentação de antígenos e na distinção próprio/estranho.,MHC | apresentacao de antigenos | linfocitos T | transplante,avancada,True,,NAO_DECLARADA,False,NAO_DECLARADO,PENDENTE_VALIDACAO_SEMANTICA,LEGADO_NAO_AUDITADO
CB-BCM-065,IMUNO,IMUNO,BCM,Biologia Celular e Molecular,Morte celular,Apoptose,Compreender a apoptose (morte celular programada) e sua importância no equilíbrio dos tecidos.,apoptose | morte celular programada | fagocitos | cancer,avancada,True,,NAO_DECLARADA,False,NAO_DECLARADO,PENDENTE_VALIDACAO_SEMANTICA,LEGADO_NAO_AUDITADO
CB-BCM-066,REPRO,REPRO,BCM,Biologia Celular e Molecular,Diferenciação celular,Células-tronco,"Compreender as células-tronco (autorrenovação, diferenciação) e os tipos embrionário e adulto.",celulas-tronco | autorrenovacao | diferenciacao | pluripotente,avancada,True,,NAO_DECLARADA,False,NAO_DECLARADO,PENDENTE_VALIDACAO_SEMANTICA,LEGADO_NAO_AUDITADO
CB-BCM-067,TEG,TEG,BCM,Biologia Celular e Molecular,Junções celulares,Adesão na epiderme,Compreender as junções de adesão (desmossomos) na coesão e resistência da epiderme.,desmossomos | juncoes celulares | queratinocitos | adesao,avancada,True,,NAO_DECLARADA,False,NAO_DECLARADO,PENDENTE_VALIDACAO_SEMANTICA,LEGADO_NAO_AUDITADO
CB-BCM-068,RENAL,RENAL,BCM,Biologia Celular e Molecular,Transporte de membrana,Transportadores no néfron,Compreender a reabsorção tubular por cotransporte (glicose-sódio) e a saturação (glicosúria).,cotransporte | glicose | nefron | glicosuria,avancada,True,,NAO_DECLARADA,False,NAO_DECLARADO,PENDENTE_VALIDACAO_SEMANTICA,LEGADO_NAO_AUDITADO
CB-BCM-069,LOCO,LOCO,BCM,Biologia Celular e Molecular,Citoesqueleto,Proteínas estruturais do músculo,Compreender o papel das proteínas estruturais (distrofina) na integridade da fibra e a distrofia muscular.,distrofina | citoesqueleto | distrofia muscular | fibra muscular,avancada,True,,NAO_DECLARADA,False,NAO_DECLARADO,PENDENTE_VALIDACAO_SEMANTICA,LEGADO_NAO_AUDITADO
CB-BCM-070,IMUNO,IMUNO,BCM,Biologia Celular e Molecular,Proteínas,Estrutura dos anticorpos,Compreender a estrutura dos anticorpos (regiões constante e variável) e a origem da especificidade.,anticorpos | regiao variavel | antigeno | especificidade,avancada,True,,NAO_DECLARADA,False,NAO_DECLARADO,PENDENTE_VALIDACAO_SEMANTICA,LEGADO_NAO_AUDITADO
CB-BCM-071,REPRO,REPRO,BCM,Biologia Celular e Molecular,Divisão celular,Meiose,Compreender a meiose (redução dos cromossomos e recombinação) e sua importância.,meiose | gametas | cromossomos | recombinacao,avancada,True,,NAO_DECLARADA,False,NAO_DECLARADO,PENDENTE_VALIDACAO_SEMANTICA,LEGADO_NAO_AUDITADO
CB-BCM-072,IMUNO,IMUNO,BCM,Biologia Celular e Molecular,Apresentação antigênica,MHC,Compreender a apresentação de antígenos via MHC e o reconhecimento pelos linfócitos T.,MHC | apresentacao de antigenos | linfocitos T | peptideos,avancada,True,,NAO_DECLARADA,False,NAO_DECLARADO,PENDENTE_VALIDACAO_SEMANTICA,LEGADO_NAO_AUDITADO
CB-BCM-073,TEG,TEG,BCM,Biologia Celular e Molecular,Junções celulares,Desmossomos e adesão,"Compreender as junções celulares (desmossomos, oclusão, comunicantes) e a adesão nos epitélios.",juncoes celulares | desmossomos | adesao celular | epitelio,avancada,True,,NAO_DECLARADA,False,NAO_DECLARADO,PENDENTE_VALIDACAO_SEMANTICA,LEGADO_NAO_AUDITADO
CB-BCM-074,TEG,TEG,BCM,Biologia Celular e Molecular,Ciclo celular,Renovação epitelial,Compreender a renovação epitelial pelo ciclo celular e seu controle.,ciclo celular | celulas-tronco | renovacao epitelial | cancer,avancada,True,,NAO_DECLARADA,False,NAO_DECLARADO,PENDENTE_VALIDACAO_SEMANTICA,LEGADO_NAO_AUDITADO
CB-BCM-075,HEMATO,HEMATO,BCM,Biologia Celular e Molecular,Morte celular,Apoptose,"Compreender a apoptose (morte programada), suas funções e a relação com o câncer.",apoptose | morte celular programada | necrose | cancer,avancada,True,,NAO_DECLARADA,False,NAO_DECLARADO,PENDENTE_VALIDACAO_SEMANTICA,LEGADO_NAO_AUDITADO
CB-BCM-076,REPRO,REPRO,BCM,Biologia Celular e Molecular,Fecundação,Encontro dos gametas,"Compreender a fecundação em nível celular (fusão, união dos núcleos, zigoto).",fecundacao | zigoto | gametas | fusao de membranas,avancada,True,,NAO_DECLARADA,False,NAO_DECLARADO,PENDENTE_VALIDACAO_SEMANTICA,LEGADO_NAO_AUDITADO
CB-BCM-077,IMUNO,IMUNO,BCM,Biologia Celular e Molecular,Sinalização celular,Receptores,"Compreender a sinalização celular (receptor, cascata, resposta).",sinalizacao celular | receptores | cascata de sinalizacao | comunicacao celular,avancada,True,,NAO_DECLARADA,False,NAO_DECLARADO,PENDENTE_VALIDACAO_SEMANTICA,LEGADO_NAO_AUDITADO
CB-BCM-078,LOCO,LOCO,BCM,Biologia Celular e Molecular,DNA,Mutação e reparo,"Compreender o dano ao DNA, os sistemas de reparo e a origem das mutações.",reparo do DNA | mutacao | dano ao DNA | cancer,avancada,True,,NAO_DECLARADA,False,NAO_DECLARADO,PENDENTE_VALIDACAO_SEMANTICA,LEGADO_NAO_AUDITADO
CB-BCM-079,RENAL,RENAL,BCM,Biologia Celular e Molecular,Membrana plasmática,Transporte de membrana,Compreender transporte passivo e ativo através da membrana.,transporte de membrana | transporte passivo | transporte ativo | bomba de sodio e potassio,avancada,True,,NAO_DECLARADA,False,NAO_DECLARADO,PENDENTE_VALIDACAO_SEMANTICA,LEGADO_NAO_AUDITADO
CB-BIOQ-001,DIG,DIG,BIOQ,Bioquímica,Digestão de lipídios,Sais biliares e micelas,"Sem bile não há micela: a gordura até é digerida, mas não é absorvida, causando esteatorreia e deficiência de vitaminas lipossolúveis.",sais biliares | micela | emulsificação | esteatorreia | vitaminas lipossolúveis,intermediaria,False,,True,False,draft,PENDENTE_VALIDACAO_SEMANTICA,LEGADO_NAO_AUDITADO
CB-BIOQ-002,ENDO,ENDO,BIOQ,Bioquímica,Metabolismo no jejum,Glucagon e glicogenólise,"Jejum: glucagon aumenta e ativa a glicogenólise hepática, liberando glicose. A insulina faz o inverso.",glucagon | glicogenólise | jejum | glicemia | fígado,intermediaria,True,BIOQ | FISI,False,True,draft,PENDENTE_VALIDACAO_SEMANTICA,LEGADO_NAO_AUDITADO
CB-BIOQ-003,HEMATO,HEMATO,BIOQ,Bioquímica,Metabolismo da bilirrubina,Conjugação hepática,"Bilirrubina não conjugada (lipossolúvel) é conjugada no fígado com ácido glicurônico (UGT), ficando hidrossolúvel e excretável na bile.",bilirrubina | conjugação | ácido glicurônico | UGT | icterícia neonatal,avancada,True,BIOQ | FISI,True,False,draft,PENDENTE_VALIDACAO_SEMANTICA,LEGADO_NAO_AUDITADO
CB-BIOQ-004,LOCO,LOCO,BIOQ,Bioquímica,Metabolismo energético,Fontes de ATP no músculo,Esforço máximo de segundos: creatina fosfato primeiro; depois glicólise anaeróbia (lactato); esforço prolongado: fosforilação oxidativa.,creatina fosfato | ATP | glicólise anaeróbia | exercício | metabolismo muscular,avancada,True,BIOQ | FISI,True,True,draft,PENDENTE_VALIDACAO_SEMANTICA,LEGADO_NAO_AUDITADO
CB-BIOQ-005,ENDO,ENDO,BIOQ,Bioquímica,Metabolismo integrado,Cetoacidose diabética,"Sem insulina, a lipólise se desinibe e o fígado converte ácidos graxos em corpos cetônicos, gerando cetoacidose.",cetoacidose | insulina | lipólise | corpos cetônicos | diabetes tipo 1,avancada,True,BIOQ | PATO,True,True,draft,PENDENTE_VALIDACAO_SEMANTICA,LEGADO_NAO_AUDITADO
CB-BIOQ-006,HEMATO,HEMATO,BIOQ,Bioquímica,Metabolismo do ferro,Síntese de hemoglobina,"Falta de ferro leva a menos heme e hemoglobina, gerando hemácias microcíticas e hipocrômicas (anemia ferropriva).",ferro | heme | hemoglobina | anemia ferropriva | microcítica,intermediaria,False,,True,True,draft,PENDENTE_VALIDACAO_SEMANTICA,LEGADO_NAO_AUDITADO
CB-BIOQ-007,DIG,DIG,BIOQ,Bioquímica,Cinetica enzimatica,Km e Vmax,"Km = concentracao de substrato para metade da Vmax; menor Km, maior afinidade. Vmax = velocidade com enzima saturada.",Km | Vmax | Michaelis-Menten | afinidade | enzima,intermediaria,False,,False,True,draft,PENDENTE_VALIDACAO_SEMANTICA,LEGADO_NAO_AUDITADO
CB-BIOQ-008,TEG,TEG,BIOQ,Bioquímica,Vitaminas,Vitamina C e colageno,Vitamina C e cofator da hidroxilacao do colageno; sua falta desestabiliza o colageno e causa escorbuto.,vitamina C | colageno | hidroxilacao | escorbuto | cofator,intermediaria,True,BIOQ | PATO,True,False,draft,PENDENTE_VALIDACAO_SEMANTICA,LEGADO_NAO_AUDITADO
CB-BIOQ-009,HEMATO,HEMATO,BIOQ,Bioquímica,Estresse oxidativo,Deficiencia de G6PD,"G6PD gera NADPH, que mantem a glutationa reduzida; sua falta deixa a hemacia sem defesa oxidativa, causando hemolise.",G6PD | NADPH | glutationa | estresse oxidativo | hemolise,avancada,True,BIOQ | FISI,True,True,draft,PENDENTE_VALIDACAO_SEMANTICA,LEGADO_NAO_AUDITADO
CB-BIOQ-010,ENDO,ENDO,BIOQ,Bioquímica,Metabolismo lipidico,LDL e HDL,LDL leva colesterol aos tecidos (aterogenico); HDL o remove de volta ao figado (protetor).,LDL | HDL | colesterol | lipoproteina | aterosclerose,intermediaria,True,BIOQ | PATO,True,False,draft,PENDENTE_VALIDACAO_SEMANTICA,LEGADO_NAO_AUDITADO
CB-BIOQ-011,DIG,DIG,BIOQ,Bioquímica,Ciclo da ureia,Hiperamonemia,Ciclo da ureia (figado) converte amonia toxica em ureia; sua falha causa hiperamonemia e encefalopatia.,ciclo da ureia | amonia | encefalopatia hepatica | figado | cirrose,avancada,True,BIOQ | PATO,True,True,draft,PENDENTE_VALIDACAO_SEMANTICA,LEGADO_NAO_AUDITADO
CB-BIOQ-012,HEMATO,HEMATO,BIOQ,Bioquímica,Coagulacao,Vitamina K e varfarina,"Varfarina inibe a vitamina K, reduzindo os fatores II, VII, IX e X e a coagulacao.",varfarina | vitamina K | fatores de coagulacao | INR | anticoagulante,intermediaria,True,BIOQ | FARM,True,True,draft,PENDENTE_VALIDACAO_SEMANTICA,LEGADO_NAO_AUDITADO
CB-BIOQ-013,NERV,NERV,BIOQ,Bioquímica,Neurotransmissores,Sintese de dopamina,Dopamina vem da tirosina (via L-dopa); a levodopa repoe essa via no Parkinson.,dopamina | tirosina | levodopa | Parkinson | catecolamina,intermediaria,False,,True,False,draft,PENDENTE_VALIDACAO_SEMANTICA,LEGADO_NAO_AUDITADO
CB-BIOQ-014,TEG,TEG,BIOQ,Bioquímica,Metabolismo da bilirrubina,Bilirrubina indireta,Bilirrubina vem do heme; a hemolise eleva a indireta (nao conjugada) antes da conjugacao hepatica.,bilirrubina indireta | heme | hemolise | ictericia | conjugacao,intermediaria,True,BIOQ | PATO,True,True,draft,PENDENTE_VALIDACAO_SEMANTICA,LEGADO_NAO_AUDITADO
CB-BIOQ-015,LOCO,LOCO,BIOQ,Bioquímica,Metabolismo energetico,Ciclo de Cori,"Ciclo de Cori: o lactato do musculo vai ao figado, vira glicose e retorna ao musculo.",ciclo de Cori | lactato | gliconeogenese | glicolise anaerobia | figado,intermediaria,False,,True,False,draft,PENDENTE_VALIDACAO_SEMANTICA,LEGADO_NAO_AUDITADO
CB-BIOQ-016,ENDO,ENDO,BIOQ,Bioquímica,Cadeia respiratoria,Intoxicacao por cianeto,Cianeto inibe o complexo IV da cadeia respiratoria: a celula nao usa oxigenio nem produz ATP aerobio.,cadeia respiratoria | complexo IV | cianeto | fosforilacao oxidativa | hipoxia histotoxica,avancada,True,BIOQ | FISI,True,True,draft,PENDENTE_VALIDACAO_SEMANTICA,LEGADO_NAO_AUDITADO
CB-BIOQ-017,HEMATO,HEMATO,BIOQ,Bioquímica,Metabolismo do ferro,Ferritina e transferrina,Ferritina armazena ferro nos tecidos; transferrina o transporta. Ferritina baixa indica deficiencia de ferro.,ferritina | transferrina | ferro | anemia ferropriva | estoques,intermediaria,True,BIOQ | PATO,True,True,draft,PENDENTE_VALIDACAO_SEMANTICA,LEGADO_NAO_AUDITADO
CB-BIOQ-018,ENDO,ENDO,BIOQ,Bioquímica,Metabolismo integrado,Alimentado e jejum,Alimentado: insulina (armazena); jejum: glucagon (mobiliza). Eles se opoem e coordenam o metabolismo.,insulina | glucagon | estado alimentado | jejum | metabolismo integrado,avancada,True,BIOQ | FISI,True,False,draft,PENDENTE_VALIDACAO_SEMANTICA,LEGADO_NAO_AUDITADO
CB-BIOQ-019,LOCO,LOCO,BIOQ,Bioquímica,Estrutura de proteinas,Niveis de estrutura,"Proteina: primaria (sequencia), secundaria (helice/folha), terciaria (3D), quaternaria (varias cadeias). Estrutura define funcao.",estrutura primaria | estrutura secundaria | estrutura terciaria | desnaturacao | proteina,basica,False,,False,False,draft,PENDENTE_VALIDACAO_SEMANTICA,LEGADO_NAO_AUDITADO
CB-BIOQ-020,LOCO,LOCO,BIOQ,Bioquímica,Metabolismo do calcio,PTH e vitamina D,"Calcio baixo: PTH e vitamina D elevam a calcemia (osso, rim, intestino). A calcitonina baixa o calcio.",PTH | vitamina D | calcitonina | calcemia | paratireoide,intermediaria,True,BIOQ | FISI,True,True,draft,PENDENTE_VALIDACAO_SEMANTICA,LEGADO_NAO_AUDITADO
CB-BIOQ-021,ENDO,ENDO,BIOQ,Bioquímica,Hormonios tireoidianos,Iodo,T3/T4 dependem do iodo (dieta); sua falta reduz os hormonios e causa bocio e hipotireoidismo.,iodo | T3 | T4 | bocio | hipotireoidismo,basica,False,,False,False,draft,PENDENTE_VALIDACAO_SEMANTICA,LEGADO_NAO_AUDITADO
CB-BIOQ-022,DIG,DIG,BIOQ,Bioquímica,Enzimas digestivas,Enzimas pancreaticas,"Enzimas pancreaticas: amilase (carboidratos), lipase (gorduras), tripsina (proteinas). Elevam-se na pancreatite.",amilase | lipase | tripsina | pancreas | pancreatite,basica,False,,True,False,draft,PENDENTE_VALIDACAO_SEMANTICA,LEGADO_NAO_AUDITADO
CB-BIOQ-023,LOCO,LOCO,BIOQ,Bioquímica,Glicólise,Glicólise anaeróbia e lactato,"Glicólise anaeróbia gera ATP e converte piruvato em lactato, regenerando NAD+ para continuar sem O2.",glicolise anaerobia | lactato | NAD+ | ATP | ciclo de Cori,intermediaria,False,,False,False,draft,PENDENTE_VALIDACAO_SEMANTICA,LEGADO_NAO_AUDITADO
CB-BIOQ-024,DIG,DIG,BIOQ,Bioquímica,Ciclo da ureia,Hiperamonemia,O fígado converte amônio tóxico em ureia (ciclo da ureia); na falência hepática o amônio acumula e causa encefalopatia.,ciclo da ureia | amonio | hiperamonemia | encefalopatia hepatica | figado,intermediaria,True,BIOQ | PATO,True,False,draft,PENDENTE_VALIDACAO_SEMANTICA,LEGADO_NAO_AUDITADO
CB-BIOQ-025,CARDIO,CARDIO,BIOQ,Bioquímica,Lipoproteínas,LDL e HDL,LDL leva colesterol aos tecidos/artérias (aterogênica); HDL faz o transporte reverso ao fígado (protetora).,LDL | HDL | colesterol | aterosclerose | lipoproteina,intermediaria,True,BIOQ | PATO,True,True,draft,PENDENTE_VALIDACAO_SEMANTICA,LEGADO_NAO_AUDITADO
CB-BIOQ-026,DIG,DIG,BIOQ,Bioquímica,Cinética enzimática,Inibição competitiva e não competitiva,"Inibidor competitivo: disputa o sítio ativo, é revertido por mais substrato (Vmax mantida, Km aparente maior).",cinetica enzimatica | inibicao competitiva | Km | Vmax | Michaelis-Menten,intermediaria,True,BIOQ | FARM,False,True,draft,PENDENTE_VALIDACAO_SEMANTICA,LEGADO_NAO_AUDITADO
CB-BIOQ-027,TEG,TEG,BIOQ,Bioquímica,Vitaminas,Vitamina C e colágeno (escorbuto),"Vitamina C é cofator na hidroxilação do colágeno; sua falta (escorbuto) causa colágeno frágil, sangramento e má cicatrização.",vitamina C | colageno | escorbuto | hidroxilacao | cicatrizacao,basica,True,BIOQ | HIST,True,False,draft,PENDENTE_VALIDACAO_SEMANTICA,LEGADO_NAO_AUDITADO
CB-BIOQ-028,HEMATO,HEMATO,BIOQ,Bioquímica,Estresse oxidativo,Deficiência de G6PD,Sem G6PD falta NADPH; a hemácia não neutraliza radicais livres e sofre hemólise sob estresse oxidativo.,G6PD | NADPH | estresse oxidativo | hemolise | glutationa,intermediaria,True,BIOQ | PATO,True,False,draft,PENDENTE_VALIDACAO_SEMANTICA,LEGADO_NAO_AUDITADO
CB-BIOQ-029,ENDO,ENDO,BIOQ,Bioquímica,Metabolismo lipídico,Corpos cetônicos,"Corpos cetônicos: o fígado os produz da beta-oxidação de ácidos graxos quando falta glicose/insulina (jejum, diabetes).",corpos cetonicos | beta-oxidacao | cetoacidose | jejum | acetil-CoA,avancada,True,BIOQ | PATO,True,True,draft,PENDENTE_VALIDACAO_SEMANTICA,LEGADO_NAO_AUDITADO
CB-BIOQ-030,NERV,NERV,BIOQ,Bioquímica,Aminoácidos,Fenilcetonúria,PKU: deficiência da fenilalanina-hidroxilase; a fenilalanina acumula e lesa o cérebro; triagem neonatal e dieta previnem.,fenilcetonuria | fenilalanina-hidroxilase | tirosina | teste do pezinho | erro inato,intermediaria,True,BIOQ | GENE,True,False,draft,PENDENTE_VALIDACAO_SEMANTICA,LEGADO_NAO_AUDITADO
CB-BIOQ-031,LOCO,LOCO,BIOQ,Bioquímica,Metabolismo de purinas,Ácido úrico e gota,"Gota: acúmulo de ácido úrico (metabolismo das purinas) forma cristais de urato nas articulações, causando inflamação.",acido urico | purinas | gota | cristais de urato | hiperuricemia,intermediaria,True,BIOQ | PATO,True,True,draft,PENDENTE_VALIDACAO_SEMANTICA,LEGADO_NAO_AUDITADO
CB-BIOQ-032,LOCO,LOCO,BIOQ,Bioquímica,Metabolismo energético,Ciclo de Krebs,Ciclo de Krebs (mitocôndria): oxida o acetil-CoA e gera NADH e FADH2 para a cadeia respiratória produzir ATP.,ciclo de Krebs | mitocondria | acetil-CoA | NADH | FADH2,intermediaria,False,,False,True,draft,PENDENTE_VALIDACAO_SEMANTICA,LEGADO_NAO_AUDITADO
CB-BIOQ-033,DIG,DIG,BIOQ,Bioquímica,Metabolismo hepático,Metabolismo do etanol,"Metabolismo do etanol gera excesso de NADH, que favorece a síntese de gordura no fígado (esteatose).",etanol | NADH | esteatose | figado | acetaldeido,intermediaria,True,BIOQ | PATO,True,True,draft,PENDENTE_VALIDACAO_SEMANTICA,LEGADO_NAO_AUDITADO
CB-BIOQ-034,HEMATO,HEMATO,BIOQ,Bioquímica,Vitaminas,Vitamina B12/folato e síntese de DNA,B12/folato são necessários à síntese de DNA; sua falta atrasa a divisão celular e causa anemia megaloblástica (hemácias grandes).,vitamina B12 | folato | sintese de DNA | anemia megaloblastica | macrocitica,intermediaria,True,BIOQ | PATO,True,True,draft,PENDENTE_VALIDACAO_SEMANTICA,LEGADO_NAO_AUDITADO
CB-BIOQ-035,LOCO,LOCO,BIOQ,Bioquímica,Marcadores bioquímicos,Enzimas de lesão tecidual,"Marcadores de lesão: troponina/CK (músculo/miocárdio), AST/ALT (fígado), amilase/lipase (pâncreas).",troponina | CK | AST | ALT | marcador de lesao,intermediaria,True,BIOQ | PATO,True,False,draft,PENDENTE_VALIDACAO_SEMANTICA,LEGADO_NAO_AUDITADO
CB-BIOQ-036,HEMATO,HEMATO,BIOQ,Bioquímica,Hemoglobina,Cooperatividade e curva sigmoide,A cooperatividade entre as quatro subunidades da hemoglobina gera a curva sigmoide de ligação ao O2.,hemoglobina | cooperatividade | curva sigmoide | subunidades | alosterico,avancada,True,BIOQ | FISI,False,False,draft,PENDENTE_VALIDACAO_SEMANTICA,LEGADO_NAO_AUDITADO
CB-BIOQ-037,ENDO,ENDO,BIOQ,Bioquímica,Metabolismo de carboidratos,Galactosemia,"Galactosemia: deficiência de enzima do metabolismo da galactose (do leite), que acumula e se torna tóxica; dieta sem lactose trata.",galactosemia | galactose | lactose | erro inato | autossomica recessiva,intermediaria,True,BIOQ | GENE,True,False,draft,PENDENTE_VALIDACAO_SEMANTICA,LEGADO_NAO_AUDITADO
CB-BIOQ-040,TEG,TEG,BIOQ,Bioquímica,Vitaminas,Vitamina D (ativação),"Vitamina D: produzida na pele (luz solar), ativada por hidroxilações no fígado e no rim (calcitriol); regula o cálcio.",vitamina D | calcitriol | luz ultravioleta | hidroxilacao | raquitismo,intermediaria,True,BIOQ | FISI,True,True,draft,PENDENTE_VALIDACAO_SEMANTICA,LEGADO_NAO_AUDITADO
CB-BIOQ-041,HEMATO,HEMATO,BIOQ,Bioquímica,Síntese do heme,Intoxicação por chumbo,"Chumbo (saturnismo) inibe enzimas da síntese do heme (ALA-desidratase, ferroquelatase), reduzindo o heme e causando anemia.",chumbo | saturnismo | heme | ferroquelatase | anemia,avancada,True,BIOQ | PATO,True,False,draft,PENDENTE_VALIDACAO_SEMANTICA,LEGADO_NAO_AUDITADO
CB-BIOQ-042,Digestivo,DIG,BIOQ,Bioquímica,Enzimas,Inibição competitiva,"Diferenciar inibição competitiva pelas suas marcas: mesmo sítio, reversível por substrato, Vmáx mantida.",inibicao competitiva | enzima | sitio ativo | Vmax | Km,avancada,False,,NAO_DECLARADA,False,NAO_DECLARADO,PENDENTE_VALIDACAO_SEMANTICA,LEGADO_NAO_AUDITADO
CB-BIOQ-043,Endócrino,ENDO,BIOQ,Bioquímica,Metabolismo integrado,Jejum prolongado,Compreender a cetogênese no jejum prolongado e seu papel em poupar glicose e proteína corporal.,corpos cetonicos | jejum | beta-oxidacao | cetogenese,avancada,True,,NAO_DECLARADA,False,NAO_DECLARADO,PENDENTE_VALIDACAO_SEMANTICA,LEGADO_NAO_AUDITADO
CB-BIOQ-044,Hematopoético,HEMATO,BIOQ,Bioquímica,Vitaminas e cofatores,Ácido fólico e B12,Relacionar folato/B12 à síntese de DNA e à gênese da anemia macrocítica.,folato | vitamina B12 | anemia macrocitica | sintese de DNA,intermediaria,True,,NAO_DECLARADA,False,NAO_DECLARADO,PENDENTE_VALIDACAO_SEMANTICA,LEGADO_NAO_AUDITADO
CB-BIOQ-045,Endócrino,ENDO,BIOQ,Bioquímica,Metabolismo de carboidratos,Regulação da glicólise,Compreender a regulação da glicólise pelo estado energético via inibição da PFK-1 pelo ATP.,glicolise | fosfofrutoquinase | ATP | regulacao alosterica | feedback,avancada,False,,NAO_DECLARADA,False,NAO_DECLARADO,PENDENTE_VALIDACAO_SEMANTICA,LEGADO_NAO_AUDITADO
CB-BIOQ-046,Hematopoético,HEMATO,BIOQ,Bioquímica,Estrutura de proteínas,Estrutura e função da hemoglobina,Relacionar a cooperatividade da hemoglobina à sua estrutura quaternária.,hemoglobina | estrutura quaternaria | cooperatividade | subunidades,intermediaria,True,,NAO_DECLARADA,False,NAO_DECLARADO,PENDENTE_VALIDACAO_SEMANTICA,LEGADO_NAO_AUDITADO
CB-BIOQ-047,Hematopoético,HEMATO,BIOQ,Bioquímica,Metabolismo do ferro,Absorção e transporte do ferro,Associar transferrina (transporte) e ferritina (armazenamento) no metabolismo do ferro.,transferrina | ferritina | metabolismo do ferro | armazenamento,avancada,True,,NAO_DECLARADA,False,NAO_DECLARADO,PENDENTE_VALIDACAO_SEMANTICA,LEGADO_NAO_AUDITADO
CB-BIOQ-048,Digestivo,DIG,BIOQ,Bioquímica,Metabolismo da bilirrubina,Conjugação hepática,Compreender a conjugação hepática da bilirrubina e sua necessidade para a excreção.,bilirrubina | conjugacao | acido glicuronico | ictericia,avancada,True,,NAO_DECLARADA,False,NAO_DECLARADO,PENDENTE_VALIDACAO_SEMANTICA,LEGADO_NAO_AUDITADO
CB-BIOQ-049,HEMATO,HEMATO,BIOQ,Bioquímica,Metabolismo energético,Fosforilação oxidativa,Compreender o acoplamento entre gradiente de prótons e síntese de ATP e o efeito do desacoplamento.,fosforilacao oxidativa | gradiente de protons | ATP-sintase | desacoplamento,avancada,False,,NAO_DECLARADA,False,NAO_DECLARADO,PENDENTE_VALIDACAO_SEMANTICA,LEGADO_NAO_AUDITADO
CB-BIOQ-050,CARDIO,CARDIO,BIOQ,Bioquímica,Enzimas,Enzimas como marcadores de lesão,Compreender o princípio dos marcadores de lesão: conteúdo intracelular liberado no sangue pela lesão.,troponina | marcadores de lesao | infarto | enzimas cardiacas,intermediaria,True,,NAO_DECLARADA,False,NAO_DECLARADO,PENDENTE_VALIDACAO_SEMANTICA,LEGADO_NAO_AUDITADO
CB-BIOQ-051,DIG,DIG,BIOQ,Bioquímica,Carboidratos,Digestão de dissacarídeos (lactase),Relacionar a deficiência de lactase à má absorção da lactose e aos sintomas de fermentação.,lactase | lactose | intolerancia | dissacarideo,intermediaria,True,,NAO_DECLARADA,False,NAO_DECLARADO,PENDENTE_VALIDACAO_SEMANTICA,LEGADO_NAO_AUDITADO
CB-BIOQ-052,DIG,DIG,BIOQ,Bioquímica,Enzimas,Especificidade e sítio ativo,Relacionar o sítio ativo e a complementaridade à especificidade enzimática.,sitio ativo | especificidade | enzima | chave-fechadura,intermediaria,False,,NAO_DECLARADA,False,NAO_DECLARADO,PENDENTE_VALIDACAO_SEMANTICA,LEGADO_NAO_AUDITADO
CB-BIOQ-053,ENDO,ENDO,BIOQ,Bioquímica,Metabolismo integrado,Estado alimentado x jejum,Relacionar insulina (alimentado) e glucagon (jejum) ao controle da glicemia.,insulina | glucagon | estado alimentado | jejum | glicemia,avancada,True,,NAO_DECLARADA,False,NAO_DECLARADO,PENDENTE_VALIDACAO_SEMANTICA,LEGADO_NAO_AUDITADO
CB-BIOQ-054,LOCO,LOCO,BIOQ,Bioquímica,Vitaminas,Vitamina D e cálcio,Relacionar a vitamina D à absorção de cálcio e à mineralização óssea.,vitamina D | calcio | mineralizacao ossea | raquitismo,intermediaria,True,,NAO_DECLARADA,False,NAO_DECLARADO,PENDENTE_VALIDACAO_SEMANTICA,LEGADO_NAO_AUDITADO
CB-BIOQ-055,DIG,DIG,BIOQ,Bioquímica,Metabolismo de aminoácidos,Ciclo da ureia,"Relacionar o ciclo da ureia (fígado) à conversão da amônia em ureia, excretada pelos rins.",ciclo da ureia | amonia | ureia | figado,avancada,True,,NAO_DECLARADA,False,NAO_DECLARADO,PENDENTE_VALIDACAO_SEMANTICA,LEGADO_NAO_AUDITADO
CB-BIOQ-056,HEMATO,HEMATO,BIOQ,Bioquímica,Metabolismo do ferro,Hemoglobina e transporte de ferro,Reconhecer o ferro (grupo heme) como essencial à hemoglobina e a anemia ferropriva na sua falta.,ferro | hemoglobina | grupo heme | anemia ferropriva,intermediaria,True,,NAO_DECLARADA,False,NAO_DECLARADO,PENDENTE_VALIDACAO_SEMANTICA,LEGADO_NAO_AUDITADO
CB-BIOQ-057,DIG,DIG,BIOQ,Bioquímica,Enzimas,Função das enzimas,Compreender a enzima como catalisador que acelera reações sem ser consumido.,enzima | catalisador | energia de ativacao | sitio ativo,basica,False,,NAO_DECLARADA,False,NAO_DECLARADO,PENDENTE_VALIDACAO_SEMANTICA,LEGADO_NAO_AUDITADO
CB-BIOQ-058,DIG,DIG,BIOQ,Bioquímica,Metabolismo de carboidratos,Glicólise,Localizar a glicólise no citosol e reconhecer o piruvato como produto final direto.,glicolise | citosol | piruvato | metabolismo energetico,intermediaria,False,,NAO_DECLARADA,False,NAO_DECLARADO,PENDENTE_VALIDACAO_SEMANTICA,LEGADO_NAO_AUDITADO
CB-BIOQ-059,HEMATO,HEMATO,BIOQ,Bioquímica,Vitaminas e cofatores,Vitamina B12 e ácido fólico,Associar deficiência de B12/folato à anemia megaloblástica (macrocítica) por prejuízo na síntese de DNA.,vitamina B12 | acido folico | anemia megaloblastica | sintese de DNA,intermediaria,True,,NAO_DECLARADA,False,NAO_DECLARADO,PENDENTE_VALIDACAO_SEMANTICA,LEGADO_NAO_AUDITADO
CB-BIOQ-060,CARDIO,CARDIO,BIOQ,Bioquímica,Metabolismo de lipídios,Lipoproteínas (LDL e HDL),"Diferenciar LDL ('ruim', deposita nas artérias) de HDL ('bom', remove colesterol).",LDL | HDL | colesterol | aterosclerose,intermediaria,True,,NAO_DECLARADA,False,NAO_DECLARADO,PENDENTE_VALIDACAO_SEMANTICA,LEGADO_NAO_AUDITADO
CB-BIOQ-061,RESP,RESP,BIOQ,Bioquímica,Equilíbrio ácido-base,Sistema tampão bicarbonato,Compreender o sistema tampão bicarbonato e o ajuste respiratório e renal do pH.,tampao bicarbonato | pH | equilibrio acido-base | H+,avancada,True,,NAO_DECLARADA,False,NAO_DECLARADO,PENDENTE_VALIDACAO_SEMANTICA,LEGADO_NAO_AUDITADO
CB-BIOQ-062,RENAL,RENAL,BIOQ,Bioquímica,Enzimas,Cinética e cofatores enzimáticos,"Compreender cofatores/coenzimas e a ação enzimática (reduz energia de ativação, não é consumida).",enzimas | cofatores | coenzimas | energia de ativacao,intermediaria,False,,NAO_DECLARADA,False,NAO_DECLARADO,PENDENTE_VALIDACAO_SEMANTICA,LEGADO_NAO_AUDITADO
CB-BIOQ-063,HEMATO,HEMATO,BIOQ,Bioquímica,Metabolismo de aminoácidos,Ciclo da ureia,Compreender a conversão da amônia em ureia (ciclo da ureia) pelo fígado e a excreção renal.,ciclo da ureia | amonia | ureia | metabolismo de aminoacidos,avancada,True,,NAO_DECLARADA,False,NAO_DECLARADO,PENDENTE_VALIDACAO_SEMANTICA,LEGADO_NAO_AUDITADO
CB-BIOQ-064,DIG,DIG,BIOQ,Bioquímica,Carboidratos,"Mono, di e polissacarídeos","Classificar carboidratos em mono, di e polissacarídeos e entender a digestão até monossacarídeos.",monossacarideo | dissacarideo | polissacarideo | glicose,basica,False,,NAO_DECLARADA,False,NAO_DECLARADO,PENDENTE_VALIDACAO_SEMANTICA,LEGADO_NAO_AUDITADO
CB-BIOQ-065,ENDO,ENDO,BIOQ,Bioquímica,Metabolismo integrado,Gliconeogênese,"Compreender a gliconeogênese, seus precursores e a impossibilidade de converter ácidos graxos em glicose líquida.",gliconeogenese | jejum | lactato | glicerol,intermediaria,True,,NAO_DECLARADA,False,NAO_DECLARADO,PENDENTE_VALIDACAO_SEMANTICA,LEGADO_NAO_AUDITADO
CB-BIOQ-066,LOCO,LOCO,BIOQ,Bioquímica,Metabolismo de lipídios,Beta-oxidação de ácidos graxos,"Compreender a beta-oxidação: local mitocondrial, geração de acetil-CoA e coenzimas reduzidas, alto rendimento de ATP.",beta-oxidacao | acidos graxos | mitocondria | acetil-CoA,intermediaria,False,,NAO_DECLARADA,False,NAO_DECLARADO,PENDENTE_VALIDACAO_SEMANTICA,LEGADO_NAO_AUDITADO
CB-BIOQ-067,HEMATO,HEMATO,BIOQ,Bioquímica,Metabolismo de carboidratos,Via das pentoses-fosfato (NADPH),Entender que a via das pentoses-fosfato gera NADPH para a defesa antioxidante e o elo com a deficiência de G6PD.,via das pentoses fosfato | NADPH | G6PD | estresse oxidativo,avancada,True,,NAO_DECLARADA,False,NAO_DECLARADO,PENDENTE_VALIDACAO_SEMANTICA,LEGADO_NAO_AUDITADO
CB-BIOQ-068,CARDIO,CARDIO,BIOQ,Bioquímica,Metabolismo de lipídios,Síntese de colesterol (HMG-CoA redutase),Reconhecer a HMG-CoA redutase como etapa limitante da síntese de colesterol e alvo das estatinas.,colesterol | HMG-CoA redutase | estatina | LDL,intermediaria,True,,NAO_DECLARADA,False,NAO_DECLARADO,PENDENTE_VALIDACAO_SEMANTICA,LEGADO_NAO_AUDITADO
CB-BIOQ-069,LOCO,LOCO,BIOQ,Bioquímica,Metabolismo de carboidratos,Metabolismo do glicogênio,Distinguir o papel do glicogênio hepático (mantém a glicemia) do muscular (uso local).,glicogenio | glicogenolise | glicose-6-fosfatase | glicemia,intermediaria,False,,NAO_DECLARADA,False,NAO_DECLARADO,PENDENTE_VALIDACAO_SEMANTICA,LEGADO_NAO_AUDITADO
CB-BIOQ-070,HEMATO,HEMATO,BIOQ,Bioquímica,Metabolismo de nucleotídeos,Síntese de purinas e pirimidinas,Ligar a síntese de nucleotídeos à proliferação celular e entender por que é alvo de quimioterápicos.,nucleotideos | metotrexato | folato | proliferacao,avancada,True,,NAO_DECLARADA,False,NAO_DECLARADO,PENDENTE_VALIDACAO_SEMANTICA,LEGADO_NAO_AUDITADO
CB-BIOQ-071,TEG,TEG,BIOQ,Bioquímica,Estresse oxidativo,Defesa antioxidante enzimática,"Conhecer o sistema antioxidante enzimático (SOD, catalase, glutationa peroxidase) contra o estresse oxidativo.",superoxido dismutase | catalase | glutationa peroxidase | estresse oxidativo,intermediaria,False,,NAO_DECLARADA,False,NAO_DECLARADO,PENDENTE_VALIDACAO_SEMANTICA,LEGADO_NAO_AUDITADO
CB-BIOQ-072,NERV,NERV,BIOQ,Bioquímica,Vitaminas e cofatores,Tiamina (B1),Associar a tiamina ao metabolismo da glicose e reconhecer beribéri e Wernicke na sua deficiência.,tiamina | vitamina B1 | piruvato desidrogenase | wernicke,intermediaria,True,,NAO_DECLARADA,False,NAO_DECLARADO,PENDENTE_VALIDACAO_SEMANTICA,LEGADO_NAO_AUDITADO
CB-BIOQ-073,CARDIO,CARDIO,BIOQ,Bioquímica,Metabolismo de lipídios,Lipoproteínas (LDL e HDL),Distinguir os papéis do LDL (favorece aterosclerose) e do HDL (protetor) no transporte do colesterol.,lipoproteinas | LDL | HDL | aterosclerose,intermediaria,True,,NAO_DECLARADA,False,NAO_DECLARADO,PENDENTE_VALIDACAO_SEMANTICA,LEGADO_NAO_AUDITADO
CB-BIOQ-074,NERV,NERV,BIOQ,Bioquímica,Metabolismo de aminoácidos,Ciclo da ureia,Compreender o ciclo da ureia como desintoxicação da amônia e a toxicidade neurológica do seu acúmulo.,ciclo da ureia | amonia | encefalopatia | figado,avancada,True,,NAO_DECLARADA,False,NAO_DECLARADO,PENDENTE_VALIDACAO_SEMANTICA,LEGADO_NAO_AUDITADO
CB-BIOQ-075,HEMATO,HEMATO,BIOQ,Bioquímica,Proteínas,Hemoglobina e transporte de O2,"Relacionar a estrutura da hemoglobina (quatro subunidades, cooperatividade) à curva sigmoide e ao transporte de O2.",hemoglobina | cooperatividade | curva sigmoide | transporte de oxigenio,intermediaria,True,,NAO_DECLARADA,False,NAO_DECLARADO,PENDENTE_VALIDACAO_SEMANTICA,LEGADO_NAO_AUDITADO
CB-BIOQ-076,TEG,TEG,BIOQ,Bioquímica,Vitaminas,"Vitaminas lipossolúveis (A, D, E, K)","Compreender absorção, armazenamento, toxicidade e funções das vitaminas lipossolúveis (A, D, E, K).",vitaminas lipossoluveis | vitamina A | vitamina D | armazenamento,intermediaria,False,,NAO_DECLARADA,False,NAO_DECLARADO,PENDENTE_VALIDACAO_SEMANTICA,LEGADO_NAO_AUDITADO
CB-BIOQ-077,LOCO,LOCO,BIOQ,Bioquímica,Metabolismo mineral,Cálcio e fosfato,"Compreender a regulação do cálcio/fosfato pelo PTH, vitamina D e osso.",calcio | fosfato | paratormonio | vitamina D,intermediaria,True,,NAO_DECLARADA,False,NAO_DECLARADO,PENDENTE_VALIDACAO_SEMANTICA,LEGADO_NAO_AUDITADO
CB-BIOQ-078,HEMATO,HEMATO,BIOQ,Bioquímica,Metabolismo de pigmentos,Bilirrubina,"Compreender o metabolismo da bilirrubina (origem, conjugação hepática, excreção) e a gênese da icterícia.",bilirrubina | conjugacao | ictericia | figado,avancada,True,,NAO_DECLARADA,False,NAO_DECLARADO,PENDENTE_VALIDACAO_SEMANTICA,LEGADO_NAO_AUDITADO
CB-BIOQ-079,ENDO,ENDO,BIOQ,Bioquímica,Metabolismo integrado,Corpos cetônicos,Compreender a formação dos corpos cetônicos no jejum e sua relação com a cetoacidose diabética.,corpos cetonicos | cetogenese | jejum | cetoacidose,avancada,True,,NAO_DECLARADA,False,NAO_DECLARADO,PENDENTE_VALIDACAO_SEMANTICA,LEGADO_NAO_AUDITADO
CB-BIOQ-080,TEG,TEG,BIOQ,Bioquímica,Proteínas estruturais,Colágeno e vitamina C,Relacionar a vitamina C à síntese do colágeno e compreender o escorbuto.,colageno | vitamina C | hidroxilacao | escorbuto,intermediaria,True,,NAO_DECLARADA,False,NAO_DECLARADO,PENDENTE_VALIDACAO_SEMANTICA,LEGADO_NAO_AUDITADO
CB-BIOQ-081,HEMATO,HEMATO,BIOQ,Bioquímica,Metabolismo de carboidratos,Via das pentoses-fosfato,"Relacionar a via das pentoses-fosfato (NADPH, ribose) à defesa das hemácias e à deficiência de G6PD.",via das pentoses-fosfato | NADPH | G6PD | hemolise,avancada,True,,NAO_DECLARADA,False,NAO_DECLARADO,PENDENTE_VALIDACAO_SEMANTICA,LEGADO_NAO_AUDITADO
CB-BIOQ-082,ENDO,ENDO,BIOQ,Bioquímica,Hormônios,Síntese dos hormônios tireoidianos,Relacionar a síntese dos hormônios tireoidianos ao iodo e compreender a deficiência de iodo.,hormonios tireoidianos | iodo | tireoglobulina | bocio,intermediaria,True,,NAO_DECLARADA,False,NAO_DECLARADO,PENDENTE_VALIDACAO_SEMANTICA,LEGADO_NAO_AUDITADO
CB-BIOQ-083,TEG,TEG,BIOQ,Bioquímica,Metabolismo de pigmentos,Síntese do heme e porfirias,Compreender as porfirias como defeitos da síntese do heme e a origem da fotossensibilidade cutânea.,porfirias | sintese do heme | porfirinas | fotossensibilidade,avancada,True,,NAO_DECLARADA,False,NAO_DECLARADO,PENDENTE_VALIDACAO_SEMANTICA,LEGADO_NAO_AUDITADO
CB-BIOQ-084,RENAL,RENAL,BIOQ,Bioquímica,Equilíbrio ácido-base,Sistemas-tampão,"Compreender os três mecanismos do equilíbrio ácido-base (tampões, pulmões, rins).",equilibrio acido-base | bicarbonato | tampao | pH,avancada,True,,NAO_DECLARADA,False,NAO_DECLARADO,PENDENTE_VALIDACAO_SEMANTICA,LEGADO_NAO_AUDITADO
CB-BIOQ-085,ENDO,ENDO,BIOQ,Bioquímica,Metabolismo integrado,Regulação por insulina e glucagon,Compreender como a insulina e o glucagon coordenam o metabolismo regulando enzimas-chave.,insulina | glucagon | metabolismo integrado | glicogenolise,avancada,True,,NAO_DECLARADA,False,NAO_DECLARADO,PENDENTE_VALIDACAO_SEMANTICA,LEGADO_NAO_AUDITADO
CB-BIOQ-086,HEMATO,HEMATO,BIOQ,Bioquímica,Metabolismo mineral,Ferro,"Compreender o metabolismo do ferro (absorção regulada, transferrina, ferritina) e sua relação com a anemia.",ferro | transferrina | ferritina | anemia ferropriva,intermediaria,True,,NAO_DECLARADA,False,NAO_DECLARADO,PENDENTE_VALIDACAO_SEMANTICA,LEGADO_NAO_AUDITADO
CB-BIOQ-087,LOCO,LOCO,BIOQ,Bioquímica,Proteínas,Níveis de estrutura,Compreender os quatro níveis de estrutura das proteínas e a relação estrutura-função.,proteinas | estrutura primaria | alfa-helice | desnaturacao,intermediaria,False,,NAO_DECLARADA,False,NAO_DECLARADO,PENDENTE_VALIDACAO_SEMANTICA,LEGADO_NAO_AUDITADO
CB-BIOQ-088,REPRO,REPRO,BIOQ,Bioquímica,Metabolismo de lipídios,Síntese de esteroides,Compreender a origem comum dos hormônios esteroides no colesterol e o papel das enzimas de cada tecido.,hormonios esteroides | colesterol | esteroidogenese | enzimas,avancada,True,,NAO_DECLARADA,False,NAO_DECLARADO,PENDENTE_VALIDACAO_SEMANTICA,LEGADO_NAO_AUDITADO
CB-BIOQ-089,ENDO,ENDO,BIOQ,Bioquímica,Metabolismo de carboidratos,Hemoglobina glicada,Compreender a HbA1c como reflexo da glicemia média (glicação da hemoglobina) no diabetes.,hemoglobina glicada | HbA1c | glicacao | diabetes,avancada,True,,NAO_DECLARADA,False,NAO_DECLARADO,PENDENTE_VALIDACAO_SEMANTICA,LEGADO_NAO_AUDITADO
CB-BIOQ-090,TEG,TEG,BIOQ,Bioquímica,Proteínas estruturais,Colágeno e elastina,Relacionar o colágeno (resistência) e a elastina (elasticidade) às propriedades da pele.,colageno | elastina | matriz extracelular | pele,intermediaria,True,,NAO_DECLARADA,False,NAO_DECLARADO,PENDENTE_VALIDACAO_SEMANTICA,LEGADO_NAO_AUDITADO
CB-BIOQ-091,RENAL,RENAL,BIOQ,Bioquímica,Marcadores renais,Creatinina,Compreender por que a creatinina é usada para avaliar a filtração renal.,creatinina | filtracao glomerular | funcao renal | musculo,intermediaria,True,,NAO_DECLARADA,False,NAO_DECLARADO,PENDENTE_VALIDACAO_SEMANTICA,LEGADO_NAO_AUDITADO
CB-BIOQ-092,LOCO,LOCO,BIOQ,Bioquímica,Metabolismo energético,Fontes de ATP no músculo,Compreender as vias de produção de ATP no músculo conforme a intensidade do esforço.,metabolismo muscular | fosfato de creatina | glicolise | respiracao aerobia,avancada,True,,NAO_DECLARADA,False,NAO_DECLARADO,PENDENTE_VALIDACAO_SEMANTICA,LEGADO_NAO_AUDITADO
CB-BIOQ-093,TEG,TEG,BIOQ,Bioquímica,Pigmentos,Melanina,Compreender a síntese (tirosina/tirosinase) e as funções da melanina (cor e fotoproteção).,melanina | melanocitos | tirosinase | fotoprotecao,intermediaria,True,,NAO_DECLARADA,False,NAO_DECLARADO,PENDENTE_VALIDACAO_SEMANTICA,LEGADO_NAO_AUDITADO
CB-BIOQ-094,LOCO,LOCO,BIOQ,Bioquímica,Metabolismo integrado,Ciclo de Cori e lactato,Compreender o ciclo de Cori (lactato do músculo → glicose no fígado) na integração metabólica.,ciclo de Cori | lactato | gliconeogenese | glicolise anaerobia,avancada,True,,NAO_DECLARADA,False,NAO_DECLARADO,PENDENTE_VALIDACAO_SEMANTICA,LEGADO_NAO_AUDITADO
CB-BIOQ-095,ENDO,ENDO,BIOQ,Bioquímica,Hormônios,Cortisol e metabolismo,"Compreender os efeitos metabólicos do cortisol (hiperglicemiante, catabólico, anti-inflamatório).",cortisol | gliconeogenese | catabolismo | anti-inflamatorio,intermediaria,True,,NAO_DECLARADA,False,NAO_DECLARADO,PENDENTE_VALIDACAO_SEMANTICA,LEGADO_NAO_AUDITADO
CB-BIOQ-096,HEMATO,HEMATO,BIOQ,Bioquímica,Hemoglobina,Fetal e adulta,Compreender a maior afinidade da hemoglobina fetal e sua vantagem na captação de oxigênio na placenta.,hemoglobina fetal | HbF | afinidade pelo oxigenio | placenta,intermediaria,True,,NAO_DECLARADA,False,NAO_DECLARADO,PENDENTE_VALIDACAO_SEMANTICA,LEGADO_NAO_AUDITADO
CB-BIOQ-097,ENDO,ENDO,BIOQ,Bioquímica,Sinalização,Mecanismo de ação hormonal,Relacionar a natureza química do hormônio ao local do receptor e à velocidade da resposta.,hormonios | receptores | lipossolubilidade | segundos mensageiros,avancada,True,,NAO_DECLARADA,False,NAO_DECLARADO,PENDENTE_VALIDACAO_SEMANTICA,LEGADO_NAO_AUDITADO
CB-BIOQ-098,LOCO,LOCO,BIOQ,Bioquímica,Metabolismo mineral,Cálcio,"Compreender a regulação hormonal do cálcio (PTH, vitamina D, calcitonina) e o papel do osso.",calcio | paratormonio | vitamina D | osso,intermediaria,True,,NAO_DECLARADA,False,NAO_DECLARADO,PENDENTE_VALIDACAO_SEMANTICA,LEGADO_NAO_AUDITADO
CB-BIOQ-099,TEG,TEG,BIOQ,Bioquímica,Vitaminas,Vitamina D,"Compreender a síntese cutânea, a ativação e a função da vitamina D no metabolismo do cálcio.",vitamina D | pele | calcio | raquitismo,intermediaria,True,,NAO_DECLARADA,False,NAO_DECLARADO,PENDENTE_VALIDACAO_SEMANTICA,LEGADO_NAO_AUDITADO
CB-BIOQ-100,NERV,NERV,BIOQ,Bioquímica,Neurotransmissão,Neurotransmissores,"Compreender a sinapse química (liberação, ação e remoção de neurotransmissores).",neurotransmissores | sinapse | fenda sinaptica | recaptacao,avancada,True,,NAO_DECLARADA,False,NAO_DECLARADO,PENDENTE_VALIDACAO_SEMANTICA,LEGADO_NAO_AUDITADO
CB-BIOQ-101,HEMATO,HEMATO,BIOQ,Bioquímica,Metabolismo mineral,Ferro,"Compreender a absorção, o transporte, o uso e o armazenamento do ferro e a anemia ferropriva.",ferro | transferrina | hemoglobina | anemia ferropriva,intermediaria,True,,NAO_DECLARADA,False,NAO_DECLARADO,PENDENTE_VALIDACAO_SEMANTICA,LEGADO_NAO_AUDITADO
CB-BIOQ-102,TEG,TEG,BIOQ,Bioquímica,Proteínas,Colágeno e vitamina C,Compreender o papel da vitamina C na síntese do colágeno e a deficiência (escorbuto).,colageno | vitamina C | escorbuto | tecido conjuntivo,intermediaria,True,,NAO_DECLARADA,False,NAO_DECLARADO,PENDENTE_VALIDACAO_SEMANTICA,LEGADO_NAO_AUDITADO
CB-BIOQ-103,NERV,NERV,BIOQ,Bioquímica,Metabolismo,Metabolismo cerebral e glicose,Compreender a dependência do cérebro da glicose e sua vulnerabilidade à hipoglicemia.,metabolismo cerebral | glicose | hipoglicemia | corpos cetonicos,avancada,True,,NAO_DECLARADA,False,NAO_DECLARADO,PENDENTE_VALIDACAO_SEMANTICA,LEGADO_NAO_AUDITADO
CB-BIOQ-104,REPRO,REPRO,BIOQ,Bioquímica,Hormônios,hCG e teste de gravidez,Compreender o hCG como marcador de gravidez e seu papel em sustentar o corpo lúteo.,hCG | teste de gravidez | corpo luteo | progesterona,intermediaria,True,,NAO_DECLARADA,False,NAO_DECLARADO,PENDENTE_VALIDACAO_SEMANTICA,LEGADO_NAO_AUDITADO
CB-BIOQ-105,RENAL,RENAL,BIOQ,Bioquímica,Equilíbrio ácido-base,Tampões e rim,"Compreender os três mecanismos do equilíbrio ácido-base (tampões, pulmões, rins) e seus tempos.",equilibrio acido-base | tampao bicarbonato | pulmoes | rins,avancada,True,,NAO_DECLARADA,False,NAO_DECLARADO,PENDENTE_VALIDACAO_SEMANTICA,LEGADO_NAO_AUDITADO
CB-BIOQ-106,TEG,TEG,BIOQ,Bioquímica,Pigmentos,Melanina,Compreender a melanina como pigmento protetor produzido pelos melanócitos.,melanina | melanocitos | radiacao ultravioleta | pigmentacao,basica,False,,NAO_DECLARADA,False,NAO_DECLARADO,PENDENTE_VALIDACAO_SEMANTICA,LEGADO_NAO_AUDITADO
CB-BIOQ-107,REPRO,REPRO,BIOQ,Bioquímica,Hormônios,Esteroidogênese,Compreender a origem comum dos hormônios esteroides (colesterol) e seu mecanismo de ação.,hormonios esteroides | colesterol | esteroidogenese | receptores intracelulares,avancada,True,,NAO_DECLARADA,False,NAO_DECLARADO,PENDENTE_VALIDACAO_SEMANTICA,LEGADO_NAO_AUDITADO
CB-BIOQ-108,ENDO,ENDO,BIOQ,Bioquímica,Metabolismo mineral,Cálcio e vitamina D,Compreender o controle do cálcio pela vitamina D (absorção) e pelo PTH (mobilização).,calcio | vitamina D | PTH | paratireoides,intermediaria,True,,NAO_DECLARADA,False,NAO_DECLARADO,PENDENTE_VALIDACAO_SEMANTICA,LEGADO_NAO_AUDITADO
CB-BIOQ-109,HEMATO,HEMATO,BIOQ,Bioquímica,Metabolismo,Ferro,"Compreender o manejo do ferro (absorção controlada, reciclagem, transporte e depósito).",ferro | hemoglobina | ferritina | absorcao intestinal,intermediaria,False,,NAO_DECLARADA,False,NAO_DECLARADO,PENDENTE_VALIDACAO_SEMANTICA,LEGADO_NAO_AUDITADO
CB-BIOQ-110,ENDO,ENDO,BIOQ,Bioquímica,Hormônios,Hormônios tireoidianos,"Compreender os hormônios tireoidianos, seu papel no metabolismo e a importância do iodo.",hormonios tireoidianos | iodo | metabolismo | bocio,intermediaria,True,,NAO_DECLARADA,False,NAO_DECLARADO,PENDENTE_VALIDACAO_SEMANTICA,LEGADO_NAO_AUDITADO
CB-BIOQ-111,LOCO,LOCO,BIOQ,Bioquímica,Metabolismo energético,ATP no músculo,Compreender os sistemas energéticos do músculo conforme intensidade e duração do esforço.,metabolismo energetico | ATP | fosfocreatina | via aerobica e anaerobica,avancada,True,,NAO_DECLARADA,False,NAO_DECLARADO,PENDENTE_VALIDACAO_SEMANTICA,LEGADO_NAO_AUDITADO
CB-BIOQ-112,RENAL,RENAL,BIOQ,Bioquímica,Metabolismo do nitrogênio,Ureia,Compreender a conversão da amônia em ureia (fígado) e sua excreção (rins).,amonia | ureia | ciclo da ureia | excrecao de nitrogenio,intermediaria,True,,NAO_DECLARADA,False,NAO_DECLARADO,PENDENTE_VALIDACAO_SEMANTICA,LEGADO_NAO_AUDITADO
CB-BIOQ-113,RESP,RESP,BIOQ,Bioquímica,Equilíbrio ácido-base,Tampão bicarbonato,Compreender o tampão bicarbonato e o ajuste do pH pelos pulmões e rins.,equilibrio acido-base | tampao bicarbonato | pH | gas carbonico,intermediaria,True,,NAO_DECLARADA,False,NAO_DECLARADO,PENDENTE_VALIDACAO_SEMANTICA,LEGADO_NAO_AUDITADO
CB-BIOQ-114,TEG,TEG,BIOQ,Bioquímica,Proteínas,Colágeno,Compreender o papel do colágeno e a exigência de vitamina C na sua produção.,colageno | vitamina C | escorbuto | tecido conjuntivo,intermediaria,True,,NAO_DECLARADA,False,NAO_DECLARADO,PENDENTE_VALIDACAO_SEMANTICA,LEGADO_NAO_AUDITADO
CB-BIOQ-115,ENDO,ENDO,BIOQ,Bioquímica,Hormônios,Cortisol,Compreender os efeitos metabólicos do cortisol e seu papel no estresse.,cortisol | adrenais | glicose | anti-inflamatorio,avancada,True,,NAO_DECLARADA,False,NAO_DECLARADO,PENDENTE_VALIDACAO_SEMANTICA,LEGADO_NAO_AUDITADO
CB-BIOQ-116,HEMATO,HEMATO,BIOQ,Bioquímica,Metabolismo,Bilirrubina,Compreender a origem da bilirrubina e sua eliminação pelo fígado e bile.,bilirrubina | hemacias | figado | ictericia,avancada,True,,NAO_DECLARADA,False,NAO_DECLARADO,PENDENTE_VALIDACAO_SEMANTICA,LEGADO_NAO_AUDITADO
CB-EMBR-001,CARDIO,CARDIO,EMBR,Embriologia,Circulação fetal e transição neonatal,Fechamento funcional do forame oval,"O forame oval fecha por inversão do gradiente de pressão atrial ao nascer: cai a resistência pulmonar (sobe a pressão à esquerda) e o cordão é clampeado (cai a pressão à direita). Fechamento do ducto arterioso é outro evento, guiado pelo oxigênio.",forame oval | circulação fetal | resistência vascular pulmonar | septum primum | transição neonatal,intermediaria,True,EMBR | FISI,True,False,draft,PENDENTE_VALIDACAO_SEMANTICA,LEGADO_NAO_AUDITADO
CB-EMBR-002,RENAL,RENAL,EMBR,Embriologia,Desenvolvimento renal,Metanefro,"Rim definitivo = metanefro (após pronefro e mesonefro), que depois ascende da pelve à região lombar.",metanefro | pronefro | mesonefro | broto ureteral | desenvolvimento renal,intermediaria,False,,False,False,draft,PENDENTE_VALIDACAO_SEMANTICA,LEGADO_NAO_AUDITADO
CB-EMBR-003,REPRO,REPRO,EMBR,Embriologia,Determinação do sexo,Gene SRY,"O SRY, no cromossomo Y, direciona a gônada indiferenciada para testículo; sem ele, forma-se ovário.",SRY | determinação do sexo | gônada indiferenciada | testículo | cromossomo Y,intermediaria,False,,True,False,draft,PENDENTE_VALIDACAO_SEMANTICA,LEGADO_NAO_AUDITADO
CB-EMBR-004,CARDIO,CARDIO,EMBR,Embriologia,Circulacao fetal,Canal arterial,"Canal arterial desvia sangue da arteria pulmonar para a aorta no feto e fecha ao nascer; se persiste, e cardiopatia.",canal arterial | circulacao fetal | forame oval | persistencia do canal arterial | aorta,intermediaria,False,,True,True,draft,PENDENTE_VALIDACAO_SEMANTICA,LEGADO_NAO_AUDITADO
CB-EMBR-005,NERV,NERV,EMBR,Embriologia,Neurulacao,Defeitos do tubo neural,"Acido folico periconcepcional previne defeitos do tubo neural (espinha bifida, anencefalia).",tubo neural | acido folico | espinha bifida | anencefalia | neurulacao,intermediaria,False,,True,False,draft,PENDENTE_VALIDACAO_SEMANTICA,LEGADO_NAO_AUDITADO
CB-EMBR-006,DIG,DIG,EMBR,Embriologia,Rotacao intestinal,Ma-rotacao e volvo,"Ma-rotacao do intestino medio (falha na rotacao embrionaria) predispoe ao volvo, com vomito bilioso no recem-nascido.",rotacao intestinal | ma-rotacao | volvo | intestino medio | vomito bilioso,intermediaria,False,,True,False,draft,PENDENTE_VALIDACAO_SEMANTICA,LEGADO_NAO_AUDITADO
CB-EMBR-007,RESP,RESP,EMBR,Embriologia,Desenvolvimento respiratorio,Fistula traqueoesofagica,Fistula traqueoesofagica: falha na separacao entre traqueia (broto respiratorio) e esofago.,fistula traqueoesofagica | atresia de esofago | broto laringotraqueal | intestino anterior | recem-nascido,intermediaria,False,,True,False,draft,PENDENTE_VALIDACAO_SEMANTICA,LEGADO_NAO_AUDITADO
CB-EMBR-008,DIG,DIG,EMBR,Embriologia,Parede abdominal,Gastrosquise,"Gastrosquise: falha do fechamento da parede abdominal, com visceras exteriorizadas sem membrana (onfalocele tem saco).",gastrosquise | onfalocele | parede abdominal | recem-nascido | malformacao,intermediaria,False,,True,False,draft,PENDENTE_VALIDACAO_SEMANTICA,LEGADO_NAO_AUDITADO
CB-EMBR-009,CARDIO,CARDIO,EMBR,Embriologia,Septacao cardiaca,Comunicacao interventricular,"CIV: falha na septacao do septo interventricular, com comunicacao (shunt) entre os ventriculos.",comunicacao interventricular | septo interventricular | septacao | shunt | cardiopatia congenita,intermediaria,False,,True,False,draft,PENDENTE_VALIDACAO_SEMANTICA,LEGADO_NAO_AUDITADO
CB-EMBR-010,RENAL,RENAL,EMBR,Embriologia,Desenvolvimento renal,Agenesia e liquido amniotico,"Rim fetal produz urina, principal fonte do liquido amniotico; agenesia renal causa oligoidramnio (sequencia de Potter).",agenesia renal | oligoidramnio | metanefro | liquido amniotico | sequencia de Potter,intermediaria,False,,True,False,draft,PENDENTE_VALIDACAO_SEMANTICA,LEGADO_NAO_AUDITADO
CB-EMBR-011,REPRO,REPRO,EMBR,Embriologia,Gametogenese,Espermatogenese e ovogenese,"Espermatogenese: continua, muitos gametas. Ovogenese: ciclica, em geral um ovulo por ciclo, estoque finito.",espermatogenese | ovogenese | gametogenese | meiose | ovocito,basica,False,,False,False,draft,PENDENTE_VALIDACAO_SEMANTICA,LEGADO_NAO_AUDITADO
CB-EMBR-012,NERV,NERV,EMBR,Embriologia,Tubo neural,Defeitos e ácido fólico,"Ácido fólico reduz defeitos de fechamento do tubo neural (espinha bífida, anencefalia); é medida de saúde pública.",tubo neural | acido folico | espinha bifida | anencefalia | neurulacao,intermediaria,True,EMBR | SC,True,True,draft,PENDENTE_VALIDACAO_SEMANTICA,LEGADO_NAO_AUDITADO
CB-EMBR-013,TEG,TEG,EMBR,Embriologia,Folhetos germinativos,Derivados dos folhetos,"Ectoderma: pele e sistema nervoso; mesoderma: músculo, osso, coração, rim; endoderma: revestimento digestivo/respiratório.",folhetos germinativos | ectoderma | mesoderma | endoderma | gastrulacao,basica,True,EMBR | HIST,False,False,draft,PENDENTE_VALIDACAO_SEMANTICA,LEGADO_NAO_AUDITADO
CB-EMBR-014,CARDIO,CARDIO,EMBR,Embriologia,Circulação fetal,Shunts fetais,"Circulação fetal: forame oval e ducto arterioso desviam o sangue dos pulmões; devem fechar ao nascer (senão, cardiopatia).",circulacao fetal | forame oval | ducto arterioso | shunt | cardiopatia congenita,intermediaria,True,EMBR | FISI,False,True,draft,PENDENTE_VALIDACAO_SEMANTICA,LEGADO_NAO_AUDITADO
CB-EMBR-015,LOCO,LOCO,EMBR,Embriologia,Desenvolvimento dos membros,Brotos e malformações,"Membros formam-se de brotos; teratógenos em períodos críticos causam malformações (amelia, focomelia — ex.: talidomida).",broto do membro | teratogeno | talidomida | focomelia | periodo critico,basica,False,,True,False,draft,PENDENTE_VALIDACAO_SEMANTICA,LEGADO_NAO_AUDITADO
CB-EMBR-016,Nervoso,NERV,EMBR,Embriologia,Folhetos germinativos,Derivados do ectoderma,Associar ectoderma à origem comum da epiderme e do sistema nervoso.,ectoderma | folhetos germinativos | tubo neural | epiderme,intermediaria,True,,NAO_DECLARADA,False,NAO_DECLARADO,PENDENTE_VALIDACAO_SEMANTICA,LEGADO_NAO_AUDITADO
CB-EMBR-017,Nervoso,NERV,EMBR,Embriologia,Desenvolvimento do tubo neural,Defeitos de fechamento,Relacionar os defeitos do tubo neural à falha de fechamento e ao papel preventivo do ácido fólico.,tubo neural | anencefalia | espinha bifida | acido folico,intermediaria,True,,NAO_DECLARADA,False,NAO_DECLARADO,PENDENTE_VALIDACAO_SEMANTICA,LEGADO_NAO_AUDITADO
CB-EMBR-018,Cardiovascular,CARDIO,EMBR,Embriologia,Desenvolvimento cardíaco,Septação e defeitos do septo,Relacionar as comunicações interventriculares à falha da septação cardíaca embrionária.,septacao cardiaca | comunicacao interventricular | cardiopatia congenita | septo,avancada,True,,NAO_DECLARADA,False,NAO_DECLARADO,PENDENTE_VALIDACAO_SEMANTICA,LEGADO_NAO_AUDITADO
CB-EMBR-019,Reprodutor,REPRO,EMBR,Embriologia,Anexos embrionários,Placenta e trocas materno-fetais,Compreender a placenta como órgão de troca materno-fetal por difusão sem mistura dos sangues.,placenta | trocas materno-fetais | barreira placentaria | difusao,intermediaria,True,,NAO_DECLARADA,False,NAO_DECLARADO,PENDENTE_VALIDACAO_SEMANTICA,LEGADO_NAO_AUDITADO
CB-EMBR-020,REPRO,REPRO,EMBR,Embriologia,Diferenciação sexual,Determinação do sexo (gene SRY),Reconhecer o gene SRY (no Y) como determinante da diferenciação testicular.,SRY | determinacao sexual | cromossomo Y | gonada indiferenciada,avancada,True,,NAO_DECLARADA,False,NAO_DECLARADO,PENDENTE_VALIDACAO_SEMANTICA,LEGADO_NAO_AUDITADO
CB-EMBR-021,TEG,TEG,EMBR,Embriologia,Folhetos germinativos,Derivados dos folhetos,Associar epiderme e sistema nervoso à origem ectodérmica comum.,ectoderma | folhetos germinativos | epiderme | tubo neural,avancada,True,,NAO_DECLARADA,False,NAO_DECLARADO,PENDENTE_VALIDACAO_SEMANTICA,LEGADO_NAO_AUDITADO
CB-EMBR-022,DIG,DIG,EMBR,Embriologia,Desenvolvimento gastrointestinal,Rotação e defeitos da parede,Compreender a herniação umbilical fisiológica e a origem embrionária dos defeitos de parede.,herniacao umbilical fisiologica | rotacao intestinal | defeito de parede | desenvolvimento,avancada,True,,NAO_DECLARADA,False,NAO_DECLARADO,PENDENTE_VALIDACAO_SEMANTICA,LEGADO_NAO_AUDITADO
CB-EMBR-023,CARDIO,CARDIO,EMBR,Embriologia,Desenvolvimento cardiovascular,Circulação fetal,Reconhecer o forame oval e o canal arterial como shunts fetais que se fecham após o nascimento.,forame oval | canal arterial | circulacao fetal | shunt,avancada,True,,NAO_DECLARADA,False,NAO_DECLARADO,PENDENTE_VALIDACAO_SEMANTICA,LEGADO_NAO_AUDITADO
CB-EMBR-024,REPRO,REPRO,EMBR,Embriologia,Fertilização,Fecundação e formação do zigoto,"Compreender o local (tuba uterina) e o processo da fertilização (zigoto, bloqueio à poliespermia).",fertilizacao | zigoto | tuba uterina | poliespermia,intermediaria,False,,NAO_DECLARADA,False,NAO_DECLARADO,PENDENTE_VALIDACAO_SEMANTICA,LEGADO_NAO_AUDITADO
CB-EMBR-025,REPRO,REPRO,EMBR,Embriologia,Desenvolvimento genital,Diferenciação sexual,Compreender a diferenciação sexual a partir da fase indiferenciada e do papel do gene SRY (cromossomo Y).,diferenciacao sexual | gene SRY | cromossomo Y | gonada indiferenciada,avancada,True,,NAO_DECLARADA,False,NAO_DECLARADO,PENDENTE_VALIDACAO_SEMANTICA,LEGADO_NAO_AUDITADO
CB-EMBR-026,REPRO,REPRO,EMBR,Embriologia,Anexos embrionários,Placenta (funções),Reconhecer a placenta e suas funções (trocas e produção hormonal) na gestação.,placenta | trocas materno-fetais | barreira placentaria | anexos embrionarios,intermediaria,True,,NAO_DECLARADA,False,NAO_DECLARADO,PENDENTE_VALIDACAO_SEMANTICA,LEGADO_NAO_AUDITADO
CB-EMBR-027,NERV,NERV,EMBR,Embriologia,Folhetos germinativos,Derivados do ectoderma,Reconhecer o ectoderma como origem do sistema nervoso e da epiderme.,ectoderma | tubo neural | folhetos germinativos | epiderme,intermediaria,True,,NAO_DECLARADA,False,NAO_DECLARADO,PENDENTE_VALIDACAO_SEMANTICA,LEGADO_NAO_AUDITADO
CB-EMBR-028,ENDO,ENDO,EMBR,Embriologia,Desenvolvimento,Derivados endodérmicos (glândulas),"Reconhecer fígado, pâncreas e tireoide como derivados endodérmicos do tubo digestivo.",endoderma | tubo digestivo | figado pancreas tireoide | brotos glandulares,intermediaria,True,,NAO_DECLARADA,False,NAO_DECLARADO,PENDENTE_VALIDACAO_SEMANTICA,LEGADO_NAO_AUDITADO
CB-EMBR-029,CARDIO,CARDIO,EMBR,Embriologia,Circulação fetal,Forame oval e canal arterial,Reconhecer forame oval e canal arterial como shunts fetais que se fecham após o nascimento.,circulacao fetal | forame oval | canal arterial | shunt,avancada,True,,NAO_DECLARADA,False,NAO_DECLARADO,PENDENTE_VALIDACAO_SEMANTICA,LEGADO_NAO_AUDITADO
CB-EMBR-030,NERV,NERV,EMBR,Embriologia,Folhetos germinativos,Derivados do ectoderma,Reconhecer o ectoderma como origem do sistema nervoso e da epiderme.,ectoderma | folhetos germinativos | neurulacao | epiderme,intermediaria,True,,NAO_DECLARADA,False,NAO_DECLARADO,PENDENTE_VALIDACAO_SEMANTICA,LEGADO_NAO_AUDITADO
CB-EMBR-031,REPRO,REPRO,EMBR,Embriologia,Desenvolvimento genital,Determinação do sexo (cromossomo Y/gene SRY),Reconhecer o gene SRY (cromossomo Y) como determinante da diferenciação gonadal.,SRY | cromossomo Y | determinacao do sexo | gonada indiferenciada,avancada,True,,NAO_DECLARADA,False,NAO_DECLARADO,PENDENTE_VALIDACAO_SEMANTICA,LEGADO_NAO_AUDITADO
CB-EMBR-032,ENDO,ENDO,EMBR,Embriologia,Desenvolvimento da cabeça e pescoço,Descida da tireoide,Compreender a origem e a descida da tireoide e as malformações do ducto tireoglosso.,ducto tireoglosso | tireoide | forame cego | migracao,intermediaria,True,,NAO_DECLARADA,False,NAO_DECLARADO,PENDENTE_VALIDACAO_SEMANTICA,LEGADO_NAO_AUDITADO
CB-EMBR-033,REPRO,REPRO,EMBR,Embriologia,Anexos embrionários,"Âmnio, saco vitelino e alantoide","Conhecer as funções dos anexos embrionários (âmnio, saco vitelino, alantoide, cório).",anexos embrionarios | amnio | saco vitelino | alantoide,intermediaria,False,,NAO_DECLARADA,False,NAO_DECLARADO,PENDENTE_VALIDACAO_SEMANTICA,LEGADO_NAO_AUDITADO
CB-EMBR-034,NERV,NERV,EMBR,Embriologia,Neurulação,Defeitos do tubo neural,"Compreender os defeitos do tubo neural, sua origem na neurulação e a prevenção com ácido fólico.",tubo neural | anencefalia | espinha bifida | acido folico,intermediaria,True,,NAO_DECLARADA,False,NAO_DECLARADO,PENDENTE_VALIDACAO_SEMANTICA,LEGADO_NAO_AUDITADO
CB-EMBR-035,REPRO,REPRO,EMBR,Embriologia,Diferenciação sexual,Determinação do sexo,Compreender a determinação do sexo pelo gene SRY e a diferenciação genital subsequente.,diferenciacao sexual | gene SRY | cromossomo Y | gonadas,avancada,True,,NAO_DECLARADA,False,NAO_DECLARADO,PENDENTE_VALIDACAO_SEMANTICA,LEGADO_NAO_AUDITADO
CB-EMBR-036,RENAL,RENAL,EMBR,Embriologia,Desenvolvimento do sistema urinário,"Pronefro, mesonefro e metanefro",Compreender as fases do desenvolvimento renal e sua relação com malformações.,desenvolvimento renal | pronefro | mesonefro | metanefro,intermediaria,False,,NAO_DECLARADA,False,NAO_DECLARADO,PENDENTE_VALIDACAO_SEMANTICA,LEGADO_NAO_AUDITADO
CB-EMBR-037,REPRO,REPRO,EMBR,Embriologia,Anexos embrionários,Placenta,"Compreender as funções da placenta (trocas, hormônios, barreira) na gravidez.",placenta | trocas materno-fetais | hormonios | gravidez,intermediaria,True,,NAO_DECLARADA,False,NAO_DECLARADO,PENDENTE_VALIDACAO_SEMANTICA,LEGADO_NAO_AUDITADO
CB-EMBR-038,REPRO,REPRO,EMBR,Embriologia,Desenvolvimento inicial,Implantação,Compreender a formação do blastocisto e a implantação no endométrio preparado pelos hormônios.,implantacao | blastocisto | endometrio | nidacao,intermediaria,True,,NAO_DECLARADA,False,NAO_DECLARADO,PENDENTE_VALIDACAO_SEMANTICA,LEGADO_NAO_AUDITADO
CB-EMBR-039,NERV,NERV,EMBR,Embriologia,Neurulação,Desenvolvimento do sistema nervoso,Compreender a formação do tubo neural (neurulação) e os defeitos do tubo neural.,tubo neural | neurulacao | espinha bifida | acido folico,intermediaria,True,,NAO_DECLARADA,False,NAO_DECLARADO,PENDENTE_VALIDACAO_SEMANTICA,LEGADO_NAO_AUDITADO
CB-EMBR-040,TEG,TEG,EMBR,Embriologia,Desenvolvimento,Origem da pele,Compreender a dupla origem embrionária da pele (ectoderma e mesoderma) e a dos anexos.,ectoderma | mesoderma | epiderme | derme,intermediaria,False,,NAO_DECLARADA,False,NAO_DECLARADO,PENDENTE_VALIDACAO_SEMANTICA,LEGADO_NAO_AUDITADO
CB-EMBR-041,REPRO,REPRO,EMBR,Embriologia,Desenvolvimento,Diferenciação sexual,"Compreender a diferenciação sexual (gônada indiferenciada, gene SRY, hormônios).",diferenciacao sexual | gene SRY | gonada indiferenciada | cromossomo Y,intermediaria,True,,NAO_DECLARADA,False,NAO_DECLARADO,PENDENTE_VALIDACAO_SEMANTICA,LEGADO_NAO_AUDITADO
CB-EMBR-042,CARDIO,CARDIO,EMBR,Embriologia,Desenvolvimento,Septação cardíaca,Compreender a septação cardíaca e sua relação com malformações congênitas.,desenvolvimento do coracao | tubo cardiaco | septacao | cardiopatia congenita,intermediaria,True,,NAO_DECLARADA,False,NAO_DECLARADO,PENDENTE_VALIDACAO_SEMANTICA,LEGADO_NAO_AUDITADO
CB-EMBR-043,RENAL,RENAL,EMBR,Embriologia,Desenvolvimento,Desenvolvimento renal,Compreender a ascensão renal e as malformações que explicam suas falhas.,desenvolvimento renal | ascensao renal | rim pelvico | rim em ferradura,intermediaria,True,,NAO_DECLARADA,False,NAO_DECLARADO,PENDENTE_VALIDACAO_SEMANTICA,LEGADO_NAO_AUDITADO
CB-EPI-001,ENDO,ENDO,EPI,Epidemiologia e Bioestatística,Testes diagnósticos,Sensibilidade no rastreamento,Rastreamento prioriza alta sensibilidade (não perder doentes); a confirmação posterior usa alta especificidade.,sensibilidade | especificidade | rastreamento | falso-negativo | valor preditivo,intermediaria,False,,True,False,draft,PENDENTE_VALIDACAO_SEMANTICA,LEGADO_NAO_AUDITADO
CB-EPI-002,ENDO,ENDO,EPI,Epidemiologia e Bioestatística,Testes diagnosticos,Prevalencia e valor preditivo,"Valor preditivo positivo depende da prevalencia: sobe em populacao de alto risco, cai em baixo risco (com teste fixo).",valor preditivo positivo | prevalencia | sensibilidade | especificidade | teste diagnostico,avancada,False,,True,False,draft,PENDENTE_VALIDACAO_SEMANTICA,LEGADO_NAO_AUDITADO
CB-EPI-003,CARDIO,CARDIO,EPI,Epidemiologia e Bioestatística,Tipos de estudo,Coorte e caso-controle,Coorte parte da exposicao e mede incidencia e risco relativo ao longo do tempo; caso-controle estima odds ratio.,estudo de coorte | caso-controle | incidencia | risco relativo | desenho de estudo,intermediaria,False,,False,False,draft,PENDENTE_VALIDACAO_SEMANTICA,LEGADO_NAO_AUDITADO
CB-EPI-004,CARDIO,CARDIO,EPI,Epidemiologia e Bioestatística,Medidas de efeito,Numero necessario para tratar,"NNT = 1 / reducao absoluta de risco: quantos tratar para evitar um evento. Menor NNT, maior beneficio.",NNT | reducao absoluta de risco | ensaio clinico | medida de efeito | beneficio,intermediaria,False,,True,False,draft,PENDENTE_VALIDACAO_SEMANTICA,LEGADO_NAO_AUDITADO
CB-EPI-005,CARDIO,CARDIO,EPI,Epidemiologia e Bioestatística,Vies,Confundimento,Confundimento: um fator ligado a exposicao e ao desfecho (o fumo) distorce a associacao. Associacao nao e causalidade.,confundimento | vies | associacao | causalidade | tabagismo,intermediaria,False,,True,False,draft,PENDENTE_VALIDACAO_SEMANTICA,LEGADO_NAO_AUDITADO
CB-EPI-006,CARDIO,CARDIO,EPI,Epidemiologia e Bioestatística,Medidas de frequencia,Incidencia e prevalencia,Incidencia = casos novos no periodo (risco); prevalencia = todos os casos existentes num momento (carga).,incidencia | prevalencia | casos novos | risco | medida de frequencia,intermediaria,False,,True,False,draft,PENDENTE_VALIDACAO_SEMANTICA,LEGADO_NAO_AUDITADO
CB-EPI-007,CARDIO,CARDIO,EPI,Epidemiologia e Bioestatística,Ensaio clinico,Randomizacao e cegamento,Randomizacao equilibra os grupos (reduz confundimento); cegamento reduz o vies de paciente e avaliador.,randomizacao | cegamento | ensaio clinico | vies | confundimento,intermediaria,False,,False,False,draft,PENDENTE_VALIDACAO_SEMANTICA,LEGADO_NAO_AUDITADO
CB-EPI-008,CARDIO,CARDIO,EPI,Epidemiologia e Bioestatística,Rastreamento,Sensibilidade no rastreio,"Rastreamento: teste em assintomaticos, prioriza alta sensibilidade (poucos falsos-negativos); confirma-se depois.",rastreamento | sensibilidade | falso-negativo | assintomatico | prevencao,intermediaria,False,,True,False,draft,PENDENTE_VALIDACAO_SEMANTICA,LEGADO_NAO_AUDITADO
CB-EPI-009,RESP,RESP,EPI,Epidemiologia e Bioestatística,Medidas de efeito,Número necessário para tratar (NNT),"NNT: número de pessoas que precisam ser tratadas para evitar um desfecho ruim a mais; quanto menor, maior o benefício.",NNT | reducao absoluta de risco | NNH | medida de efeito | ensaio clinico,basica,False,,False,False,draft,PENDENTE_VALIDACAO_SEMANTICA,LEGADO_NAO_AUDITADO
CB-EPI-010,RESP,RESP,EPI,Epidemiologia e Bioestatística,Tipos de estudo,Coorte versus caso-controle,Coorte: parte da exposição e segue o desfecho (risco relativo). Caso-controle: parte do desfecho e olha a exposição (odds ratio).,coorte | caso-controle | risco relativo | odds ratio | desenho de estudo,intermediaria,False,,False,False,draft,PENDENTE_VALIDACAO_SEMANTICA,LEGADO_NAO_AUDITADO
CB-EPI-011,IMUNO,IMUNO,EPI,Epidemiologia e Bioestatística,Testes diagnósticos,Valor preditivo e prevalência,"O VPP depende da prevalência: quanto maior a prevalência, maior o VPP (para o mesmo teste).",valor preditivo positivo | prevalencia | sensibilidade | especificidade | teste diagnostico,intermediaria,False,,False,False,draft,PENDENTE_VALIDACAO_SEMANTICA,LEGADO_NAO_AUDITADO
CB-EPI-012,RESP,RESP,EPI,Epidemiologia e Bioestatística,Inferência,Intervalo de confiança,"IC 95%: faixa de valores plausíveis para o resultado real, com 95% de confiança; mais estreito = mais preciso.",intervalo de confianca | IC 95% | precisao | significancia | inferencia,basica,False,,False,False,draft,PENDENTE_VALIDACAO_SEMANTICA,LEGADO_NAO_AUDITADO
CB-EPI-013,Imunológico,IMUNO,EPI,Epidemiologia e Bioestatística,Testes diagnósticos,Sensibilidade e especificidade,Escolher sensibilidade para rastreamento e entender o par rastrear-sensível/confirmar-específico.,sensibilidade | especificidade | rastreamento | falso negativo,avancada,False,,NAO_DECLARADA,False,NAO_DECLARADO,PENDENTE_VALIDACAO_SEMANTICA,LEGADO_NAO_AUDITADO
CB-EPI-014,Cardiovascular,CARDIO,EPI,Epidemiologia e Bioestatística,Medidas de associação,Risco relativo,Interpretar corretamente o risco relativo como medida de associação em estudos de coorte.,risco relativo | coorte | incidencia | medida de associacao,avancada,False,,NAO_DECLARADA,False,NAO_DECLARADO,PENDENTE_VALIDACAO_SEMANTICA,LEGADO_NAO_AUDITADO
CB-EPI-015,Imunológico,IMUNO,EPI,Epidemiologia e Bioestatística,Tipos de estudo,Ensaio clínico randomizado,Reconhecer o ensaio clínico randomizado e o papel da randomização e do cegamento no controle de vieses.,ensaio clinico randomizado | randomizacao | cegamento | causalidade,avancada,False,,NAO_DECLARADA,False,NAO_DECLARADO,PENDENTE_VALIDACAO_SEMANTICA,LEGADO_NAO_AUDITADO
CB-EPI-016,Endócrino,ENDO,EPI,Epidemiologia e Bioestatística,Medidas de frequência,Incidência e prevalência,Diferenciar incidência (casos novos no tempo) de prevalência (casos existentes num momento).,incidencia | prevalencia | medidas de frequencia | diabetes,intermediaria,False,,NAO_DECLARADA,False,NAO_DECLARADO,PENDENTE_VALIDACAO_SEMANTICA,LEGADO_NAO_AUDITADO
CB-EPI-017,Respiratório,RESP,EPI,Epidemiologia e Bioestatística,Validade dos estudos,Fator de confusão,Reconhecer o fator de confusão como causa de associações espúrias entre exposição e desfecho.,fator de confusao | confundimento | associacao e causalidade | vies,avancada,False,,NAO_DECLARADA,False,NAO_DECLARADO,PENDENTE_VALIDACAO_SEMANTICA,LEGADO_NAO_AUDITADO
CB-EPI-018,IMUNO,IMUNO,EPI,Epidemiologia e Bioestatística,Testes diagnósticos,Valor preditivo e prevalência,Compreender a dependência do valor preditivo positivo em relação à prevalência.,valor preditivo positivo | prevalencia | falso positivo | rastreamento,avancada,False,,NAO_DECLARADA,False,NAO_DECLARADO,PENDENTE_VALIDACAO_SEMANTICA,LEGADO_NAO_AUDITADO
CB-EPI-019,IMUNO,IMUNO,EPI,Epidemiologia e Bioestatística,Medidas de frequência,Incidência x prevalência,Distinguir incidência (casos novos) de prevalência (casos existentes).,incidencia | prevalencia | medidas de frequencia | epidemiologia,intermediaria,False,,NAO_DECLARADA,False,NAO_DECLARADO,PENDENTE_VALIDACAO_SEMANTICA,LEGADO_NAO_AUDITADO
CB-EPI-020,CARDIO,CARDIO,EPI,Epidemiologia e Bioestatística,Tipos de estudo,Coorte x caso-controle,"Distinguir coorte (parte da exposição, prospectivo) de caso-controle (parte da doença, retrospectivo).",coorte | caso-controle | tipos de estudo | exposicao,avancada,False,,NAO_DECLARADA,False,NAO_DECLARADO,PENDENTE_VALIDACAO_SEMANTICA,LEGADO_NAO_AUDITADO
CB-EPI-021,RESP,RESP,EPI,Epidemiologia e Bioestatística,Testes diagnósticos,Sensibilidade x especificidade,Distinguir sensibilidade (detecta doentes) de especificidade (identifica sadios).,sensibilidade | especificidade | falso-negativo | falso-positivo,avancada,False,,NAO_DECLARADA,False,NAO_DECLARADO,PENDENTE_VALIDACAO_SEMANTICA,LEGADO_NAO_AUDITADO
CB-EPI-022,RESP,RESP,EPI,Epidemiologia,Medidas de frequência,Incidência x prevalência,Distinguir incidência (casos novos) de prevalência (casos existentes).,incidencia | prevalencia | medidas de frequencia | risco,intermediaria,False,,NAO_DECLARADA,False,NAO_DECLARADO,PENDENTE_VALIDACAO_SEMANTICA,LEGADO_NAO_AUDITADO
CB-EPI-023,DIG,DIG,EPI,Epidemiologia,Testes diagnósticos,Valor preditivo positivo,"Compreender o VPP como a chance de doença dado teste positivo, dependente da prevalência.",valor preditivo positivo | prevalencia | sensibilidade | especificidade,avancada,False,,NAO_DECLARADA,False,NAO_DECLARADO,PENDENTE_VALIDACAO_SEMANTICA,LEGADO_NAO_AUDITADO
CB-EPI-024,RESP,RESP,EPI,Epidemiologia,Medidas de frequência,Sensibilidade x especificidade,Definir sensibilidade (acerta entre doentes) e especificidade (acerta entre sadios).,sensibilidade | especificidade | teste diagnostico | validade,avancada,False,,NAO_DECLARADA,False,NAO_DECLARADO,PENDENTE_VALIDACAO_SEMANTICA,LEGADO_NAO_AUDITADO
CB-EPI-025,IMUNO,IMUNO,EPI,Epidemiologia,Medidas de frequência,Letalidade x mortalidade,Distinguir letalidade (mortes ÷ doentes) de mortalidade (mortes ÷ população total).,letalidade | mortalidade | denominador | epidemia,intermediaria,False,,NAO_DECLARADA,False,NAO_DECLARADO,PENDENTE_VALIDACAO_SEMANTICA,LEGADO_NAO_AUDITADO
CB-EPI-026,IMUNO,IMUNO,EPI,Epidemiologia/Bioestatística,Testes diagnósticos,Sensibilidade e especificidade,Compreender sensibilidade e especificidade e sua aplicação em rastreamento e confirmação.,sensibilidade | especificidade | teste diagnostico | rastreamento,intermediaria,False,,NAO_DECLARADA,False,NAO_DECLARADO,PENDENTE_VALIDACAO_SEMANTICA,LEGADO_NAO_AUDITADO
CB-EPI-027,ENDO,ENDO,EPI,Epidemiologia/Bioestatística,Desenhos de estudo,Tipos de estudo epidemiológico,"Distinguir os principais desenhos de estudo (transversal, coorte, caso-controle, ensaio clínico).",tipos de estudo | coorte | caso-controle | ensaio clinico,intermediaria,False,,NAO_DECLARADA,False,NAO_DECLARADO,PENDENTE_VALIDACAO_SEMANTICA,LEGADO_NAO_AUDITADO
CB-EPI-028,ENDO,ENDO,EPI,Epidemiologia/Bioestatística,Medidas de frequência,Prevalência e incidência,Distinguir incidência (casos novos) de prevalência (casos existentes) e o efeito da duração.,incidencia | prevalencia | medidas de frequencia | doenca cronica,intermediaria,False,,NAO_DECLARADA,False,NAO_DECLARADO,PENDENTE_VALIDACAO_SEMANTICA,LEGADO_NAO_AUDITADO
CB-EPI-029,TEG,TEG,EPI,Epidemiologia/Bioestatística,Testes diagnósticos,Sensibilidade e especificidade,Distinguir sensibilidade (detectar doentes) de especificidade (descartar sadios).,sensibilidade | especificidade | testes diagnosticos | triagem,intermediaria,False,,NAO_DECLARADA,False,NAO_DECLARADO,PENDENTE_VALIDACAO_SEMANTICA,LEGADO_NAO_AUDITADO
CB-EPI-030,CARDIO,CARDIO,EPI,Epidemiologia/Bioestatística,Desenhos de estudo,Coorte e fatores de risco,Reconhecer o estudo de coorte e sua utilidade para identificar fatores de risco.,coorte | fatores de risco | incidencia | risco cardiovascular,intermediaria,False,,NAO_DECLARADA,False,NAO_DECLARADO,PENDENTE_VALIDACAO_SEMANTICA,LEGADO_NAO_AUDITADO
CB-EPI-031,IMUNO,IMUNO,EPI,Epidemiologia/Bioestatística,Imunização,Imunidade coletiva,Compreender a imunidade coletiva e a importância da cobertura vacinal na população.,imunidade coletiva | imunidade de rebanho | cobertura vacinal | vacinacao,intermediaria,True,,NAO_DECLARADA,False,NAO_DECLARADO,PENDENTE_VALIDACAO_SEMANTICA,LEGADO_NAO_AUDITADO
CB-EPI-032,IMUNO,IMUNO,EPI,Epidemiologia/Bioestatística,Testes diagnósticos,Sensibilidade e especificidade,Compreender sensibilidade (detectar doentes) e especificidade (identificar sadios) de um teste.,sensibilidade | especificidade | falso negativo | falso positivo,intermediaria,False,,NAO_DECLARADA,False,NAO_DECLARADO,PENDENTE_VALIDACAO_SEMANTICA,LEGADO_NAO_AUDITADO
CB-EPI-033,ENDO,ENDO,EPI,Epidemiologia,Tipos de estudo,Coorte e caso-controle,Diferenciar coorte (exposição → desfecho) de caso-controle (desfecho → exposição).,estudo de coorte | caso-controle | desenho de estudo | associacao,intermediaria,False,,NAO_DECLARADA,False,NAO_DECLARADO,PENDENTE_VALIDACAO_SEMANTICA,LEGADO_NAO_AUDITADO
CB-EPI-034,IMUNO,IMUNO,EPI,Epidemiologia,Testes diagnósticos,Sensibilidade e especificidade,Compreender sensibilidade (acerto nos doentes) e especificidade (acerto nos sadios).,sensibilidade | especificidade | teste diagnostico | falsos positivos e negativos,intermediaria,False,,NAO_DECLARADA,False,NAO_DECLARADO,PENDENTE_VALIDACAO_SEMANTICA,LEGADO_NAO_AUDITADO
CB-EPI-035,IMUNO,IMUNO,EPI,Epidemiologia,Testes diagnósticos,Valor preditivo,Compreender o valor preditivo positivo e a influência da prevalência.,valor preditivo positivo | prevalencia | falsos positivos | teste diagnostico,intermediaria,False,,NAO_DECLARADA,False,NAO_DECLARADO,PENDENTE_VALIDACAO_SEMANTICA,LEGADO_NAO_AUDITADO
CB-ETICA-001,NERV,NERV,ETICA,"Bioética, Ética e Profissionalismo",Bioética,Autonomia e consentimento,Paciente capaz e informado pode recusar tratamento: prevalece a autonomia. A beneficência não autoriza impor conduta contra a vontade.,autonomia | consentimento informado | recusa de tratamento | bioética | princípios,intermediaria,False,,True,False,draft,PENDENTE_VALIDACAO_SEMANTICA,LEGADO_NAO_AUDITADO
CB-ETICA-002,NERV,NERV,ETICA,"Bioética, Ética e Profissionalismo",Sigilo,Confidencialidade e excecoes,"Sigilo e a regra; quebra-se por dever legal ou risco grave a terceiros, revelando so o necessario.",sigilo | confidencialidade | dever legal | notificacao compulsoria | etica,intermediaria,False,,True,False,draft,PENDENTE_VALIDACAO_SEMANTICA,LEGADO_NAO_AUDITADO
CB-ETICA-003,REPRO,REPRO,ETICA,"Bioética, Ética e Profissionalismo",Consentimento informado,Elementos do consentimento,"Consentimento informado valido: informacao adequada, capacidade de decidir e voluntariedade.",consentimento informado | autonomia | capacidade | voluntariedade | informacao,intermediaria,False,,True,False,draft,PENDENTE_VALIDACAO_SEMANTICA,LEGADO_NAO_AUDITADO
CB-ETICA-004,NERV,NERV,ETICA,"Bioética, Ética e Profissionalismo",Autonomia,Recusa de tratamento,"Autonomia: o paciente capaz e informado pode recusar tratamento; respeita-se a decisao, sem abandono.",autonomia | recusa de tratamento | paciente capaz | consentimento | dignidade,intermediaria,False,,True,False,draft,PENDENTE_VALIDACAO_SEMANTICA,LEGADO_NAO_AUDITADO
CB-ETICA-005,IMUNO,IMUNO,ETICA,"Bioética, Ética e Profissionalismo",Sigilo médico,Confidencialidade e exceções,"Sigilo médico: dever de confidencialidade; quebrado só em exceções justificadas (dever legal, risco a terceiro, autorização).",sigilo medico | confidencialidade | justa causa | notificacao compulsoria | etica,intermediaria,False,,True,False,draft,PENDENTE_VALIDACAO_SEMANTICA,LEGADO_NAO_AUDITADO
CB-ETICA-006,RENAL,RENAL,ETICA,"Bioética, Ética e Profissionalismo",Princípios,Justiça e alocação de recursos,"Justiça (bioética): distribuir recursos escassos de forma equitativa, por critérios técnicos e transparentes, sem discriminação.",justica | equidade | alocacao de recursos | transplante | bioetica,intermediaria,True,ETICA | SC,True,False,draft,PENDENTE_VALIDACAO_SEMANTICA,LEGADO_NAO_AUDITADO
CB-ETICA-007,Imunológico,IMUNO,ETICA,Bioética e Ética,Princípios da bioética,Autonomia e consentimento,Reconhecer a autonomia como base do direito de recusa do paciente capaz e informado.,autonomia | consentimento informado | recusa de tratamento | bioetica,intermediaria,False,,NAO_DECLARADA,False,NAO_DECLARADO,PENDENTE_VALIDACAO_SEMANTICA,LEGADO_NAO_AUDITADO
CB-ETICA-008,Imunológico,IMUNO,ETICA,Bioética e Ética,Sigilo médico,Quebra de sigilo e seus limites,Compreender o sigilo como regra com exceções por justa causa diante de risco a terceiros.,sigilo medico | justa causa | quebra de sigilo | protecao de terceiros,intermediaria,False,,NAO_DECLARADA,False,NAO_DECLARADO,PENDENTE_VALIDACAO_SEMANTICA,LEGADO_NAO_AUDITADO
CB-ETICA-009,REPRO,REPRO,ETICA,Bioética e Ética,Princípios da bioética,Justiça e alocação de recursos,Reconhecer a justiça como princípio da alocação equitativa de recursos escassos.,justica | alocacao de recursos | bioetica | triagem,intermediaria,False,,NAO_DECLARADA,False,NAO_DECLARADO,PENDENTE_VALIDACAO_SEMANTICA,LEGADO_NAO_AUDITADO
CB-ETICA-010,NERV,NERV,ETICA,Bioética e Ética,Relação médico-paciente,Consentimento informado,Reconhecer o consentimento informado como expressão do respeito à autonomia.,consentimento informado | autonomia | relacao medico-paciente | bioetica,intermediaria,False,,NAO_DECLARADA,False,NAO_DECLARADO,PENDENTE_VALIDACAO_SEMANTICA,LEGADO_NAO_AUDITADO
CB-ETICA-011,IMUNO,IMUNO,ETICA,Bioética e Ética,Confidencialidade,Sigilo médico e limites,"Reconhecer o sigilo e suas exceções legítimas (risco a terceiros, exigência legal).",sigilo | confidencialidade | quebra de sigilo | etica medica,intermediaria,False,,NAO_DECLARADA,False,NAO_DECLARADO,PENDENTE_VALIDACAO_SEMANTICA,LEGADO_NAO_AUDITADO
CB-ETICA-012,LOCO,LOCO,ETICA,Bioética e Ética,Princípios da bioética,Beneficência e não maleficência,Distinguir beneficência (fazer o bem) de não maleficência (não causar dano).,beneficencia | nao maleficencia | primum non nocere | bioetica,intermediaria,False,,NAO_DECLARADA,False,NAO_DECLARADO,PENDENTE_VALIDACAO_SEMANTICA,LEGADO_NAO_AUDITADO
CB-ETICA-013,NERV,NERV,ETICA,Bioética e Ética,Autonomia,Consentimento informado,Associar o consentimento informado ao princípio da autonomia.,consentimento informado | autonomia | esclarecimento | bioetica,intermediaria,False,,NAO_DECLARADA,False,NAO_DECLARADO,PENDENTE_VALIDACAO_SEMANTICA,LEGADO_NAO_AUDITADO
CB-ETICA-014,IMUNO,IMUNO,ETICA,Bioética e Ética,Sigilo,Quebra de sigilo (limites),"Reconhecer a notificação compulsória como exceção legítima ao sigilo, distinguindo-a de violações.",sigilo | confidencialidade | notificacao compulsoria | quebra de sigilo,intermediaria,True,,NAO_DECLARADA,False,NAO_DECLARADO,PENDENTE_VALIDACAO_SEMANTICA,LEGADO_NAO_AUDITADO
CB-ETICA-015,NERV,NERV,ETICA,Bioética e Ética,Princípios da bioética,Os quatro princípios,"Reconhecer os quatro princípios da bioética (autonomia, beneficência, não maleficência, justiça).",bioetica | autonomia | beneficencia | nao maleficencia,basica,False,,NAO_DECLARADA,False,NAO_DECLARADO,PENDENTE_VALIDACAO_SEMANTICA,LEGADO_NAO_AUDITADO
CB-ETICA-016,REPRO,REPRO,ETICA,Ética/Bioética,Princípios da bioética,Consentimento informado e autonomia,Compreender o consentimento informado como processo baseado na autonomia do paciente.,consentimento informado | autonomia | bioetica | relacao medico-paciente,intermediaria,False,,NAO_DECLARADA,False,NAO_DECLARADO,PENDENTE_VALIDACAO_SEMANTICA,LEGADO_NAO_AUDITADO
CB-ETICA-017,IMUNO,IMUNO,ETICA,Bioética e Profissionalismo,Ética médica,Sigilo profissional,"Compreender o sigilo profissional, sua importância e suas exceções.",sigilo profissional | confidencialidade | privacidade | etica medica,basica,False,,NAO_DECLARADA,False,NAO_DECLARADO,PENDENTE_VALIDACAO_SEMANTICA,LEGADO_NAO_AUDITADO
CB-FARM-001,NERV,NERV,FARM,Farmacologia,Farmacodinâmica,Antagonista competitivo,"Antagonista competitivo (reversível) desloca a curva do agonista para a direita, mantendo o efeito máximo.",antagonista competitivo | curva dose-resposta | potência | efeito máximo | receptor,intermediaria,True,FARM | FISI,False,True,draft,PENDENTE_VALIDACAO_SEMANTICA,LEGADO_NAO_AUDITADO
CB-FARM-002,CARDIO,CARDIO,FARM,Farmacologia,Fármacos adrenérgicos,Betabloqueador,"Betabloqueador antagoniza o receptor beta-1 cardíaco: reduz frequência, contratilidade, débito e pressão.",betabloqueador | receptor beta-1 | frequência cardíaca | antagonista | hipertensão,intermediaria,True,FARM | FISI,True,False,draft,PENDENTE_VALIDACAO_SEMANTICA,LEGADO_NAO_AUDITADO
CB-FARM-003,RESP,RESP,FARM,Farmacologia,Fármacos respiratórios,Beta-2 agonista,Salbutamol é agonista beta-2: relaxa a musculatura brônquica e broncodilata na crise de asma.,salbutamol | beta-2 agonista | broncodilatação | asma | musculatura lisa,intermediaria,True,FARM | FISI,True,False,draft,PENDENTE_VALIDACAO_SEMANTICA,LEGADO_NAO_AUDITADO
CB-FARM-004,REPRO,REPRO,FARM,Farmacologia,Contracepção hormonal,Inibição da ovulação,"Contraceptivo combinado: o feedback negativo suprime FSH e LH e abole o pico de LH, impedindo a ovulação.",contracepção hormonal | feedback negativo | LH | ovulação | estrogênio e progesterona,intermediaria,True,FARM | FISI,True,False,draft,PENDENTE_VALIDACAO_SEMANTICA,LEGADO_NAO_AUDITADO
CB-FARM-005,RENAL,RENAL,FARM,Farmacologia,Diureticos,Diuretico de alca,"Furosemida (diuretico de alca) inibe o cotransportador Na-K-2Cl na alca de Henle, aumentando a excrecao de agua.",furosemida | diuretico de alca | Na-K-2Cl | alca de Henle | edema,intermediaria,True,FARM | FISI,True,True,draft,PENDENTE_VALIDACAO_SEMANTICA,LEGADO_NAO_AUDITADO
CB-FARM-006,DIG,DIG,FARM,Farmacologia,Farmacocinetica,Primeira passagem,"Primeira passagem: o farmaco oral e metabolizado no figado antes da circulacao, reduzindo a biodisponibilidade.",primeira passagem | biodisponibilidade | metabolismo hepatico | via oral | farmacocinetica,intermediaria,True,FARM | FISI,True,True,draft,PENDENTE_VALIDACAO_SEMANTICA,LEGADO_NAO_AUDITADO
CB-FARM-007,NERV,NERV,FARM,Farmacologia,Anti-inflamatorios,AINEs e COX,"AINEs inibem a COX e reduzem prostaglandinas, diminuindo dor, febre e inflamacao (com risco gastrico e renal).",AINE | ciclo-oxigenase | prostaglandina | anti-inflamatorio | analgesico,intermediaria,True,FARM | FISI,True,True,draft,PENDENTE_VALIDACAO_SEMANTICA,LEGADO_NAO_AUDITADO
CB-FARM-008,ENDO,ENDO,FARM,Farmacologia,Hipoglicemiantes,Metformina,Metformina reduz a producao hepatica de glicose e melhora a sensibilidade a insulina (baixo risco de hipoglicemia).,metformina | gliconeogenese | sensibilidade a insulina | diabetes tipo 2 | biguanida,intermediaria,True,FARM | FISI,True,True,draft,PENDENTE_VALIDACAO_SEMANTICA,LEGADO_NAO_AUDITADO
CB-FARM-009,CARDIO,CARDIO,FARM,Farmacologia,Anti-hipertensivos,Inibidor da ECA,"IECA inibe a ECA, reduz a angiotensina II (vasodilatacao); o acumulo de bradicinina causa tosse seca.",inibidor da ECA | angiotensina II | bradicinina | tosse seca | hipertensao,intermediaria,True,FARM | FISI,True,False,draft,PENDENTE_VALIDACAO_SEMANTICA,LEGADO_NAO_AUDITADO
CB-FARM-010,NERV,NERV,FARM,Farmacologia,Analgesicos,Opioides,"Opioides ativam receptores mu (analgesia, depressao respiratoria); a naloxona reverte a intoxicacao.",opioide | receptor mu | naloxona | depressao respiratoria | analgesia,intermediaria,True,FARM | FISI,True,False,draft,PENDENTE_VALIDACAO_SEMANTICA,LEGADO_NAO_AUDITADO
CB-FARM-011,CARDIO,CARDIO,FARM,Farmacologia,Anti-hipertensivos,Betabloqueador,"Betabloqueador bloqueia beta-1 (reduz FC/contratilidade) e beta-2 (risco de broncoespasmo, cuidado na asma).",betabloqueador | receptor beta-1 | receptor beta-2 | broncoespasmo | asma,intermediaria,True,FARM | FISI,True,True,draft,PENDENTE_VALIDACAO_SEMANTICA,LEGADO_NAO_AUDITADO
CB-FARM-012,REPRO,REPRO,FARM,Farmacologia,Contracepcao,Anticoncepcional hormonal,Anticoncepcional combinado: feedback negativo suprime FSH/LH e inibe a ovulacao (+ muco e endometrio).,anticoncepcional | estrogenio | progesterona | ovulacao | feedback negativo,intermediaria,True,FARM | FISI,True,False,draft,PENDENTE_VALIDACAO_SEMANTICA,LEGADO_NAO_AUDITADO
CB-FARM-013,DIG,DIG,FARM,Farmacologia,Farmacocinética,Efeito de primeira passagem,Efeito de primeira passagem: metabolismo hepático antes da circulação reduz a biodisponibilidade oral.,primeira passagem | biodisponibilidade | via oral | metabolismo hepatico | veia porta,basica,False,,True,False,draft,PENDENTE_VALIDACAO_SEMANTICA,LEGADO_NAO_AUDITADO
CB-FARM-014,NERV,NERV,FARM,Farmacologia,Sistema nervoso autônomo,Antimuscarínico (atropina),Atropina: antimuscarínica; bloqueia o efeito vagal (acetilcolina) no coração e acelera a frequência.,atropina | antimuscarinico | vago | acetilcolina | bradicardia,intermediaria,False,,True,False,draft,PENDENTE_VALIDACAO_SEMANTICA,LEGADO_NAO_AUDITADO
CB-FARM-015,DIG,DIG,FARM,Farmacologia,Anti-inflamatórios,AINEs e inibição da COX,"AINEs inibem a COX e reduzem prostaglandinas: menos inflamação/dor, mas menos proteção gástrica (risco de úlcera).",AINE | COX | prostaglandinas | ulcera | acido araquidonico,intermediaria,True,FARM | BIOQ,True,False,draft,PENDENTE_VALIDACAO_SEMANTICA,LEGADO_NAO_AUDITADO
CB-FARM-016,TEG,TEG,FARM,Farmacologia,Antibióticos,Betalactâmicos e a parede bacteriana,"Betalactâmicos inibem a síntese da parede (peptidoglicano); a bactéria se rompe (bactericida). Seletivos, pois células humanas não têm parede.",betalactamico | penicilina | parede bacteriana | peptidoglicano | bactericida,intermediaria,True,FARM | MICR,True,True,draft,PENDENTE_VALIDACAO_SEMANTICA,LEGADO_NAO_AUDITADO
CB-FARM-017,RENAL,RENAL,FARM,Farmacologia,Diuréticos,Mecanismo de ação,"Diuréticos reduzem a reabsorção de sódio no néfron; mais sódio e água são excretados (mais urina), reduzindo volume e edema.",diuretico | reabsorcao de sodio | nefron | furosemida | tiazidico,intermediaria,True,FARM | FISI,True,True,draft,PENDENTE_VALIDACAO_SEMANTICA,LEGADO_NAO_AUDITADO
CB-FARM-018,DIG,DIG,FARM,Farmacologia,Antiparasitários,Anti-helmínticos,"Anti-helmínticos (albendazol/mebendazol): ligam-se à tubulina do verme, desorganizam microtúbulos e o eliminam.",albendazol | mebendazol | anti-helmintico | tubulina | verminose,intermediaria,True,FARM | PARA,True,False,draft,PENDENTE_VALIDACAO_SEMANTICA,LEGADO_NAO_AUDITADO
CB-FARM-019,IMUNO,IMUNO,FARM,Farmacologia,Corticoides,Efeitos e adversos,"Corticoides: anti-inflamatórios e imunossupressores (como o cortisol); uso prolongado causa infecções, osteoporose, hiperglicemia.",corticoide | prednisona | anti-inflamatorio | imunossupressao | osteoporose,intermediaria,True,FARM | FISI,True,True,draft,PENDENTE_VALIDACAO_SEMANTICA,LEGADO_NAO_AUDITADO
CB-FARM-020,Nervoso,NERV,FARM,Farmacologia,Farmacodinâmica,Agonista e antagonista,Diferenciar agonista de antagonista e entender o antagonismo como reversão de excesso de estímulo.,antagonista | agonista | receptor | antidoto,intermediaria,False,,NAO_DECLARADA,False,NAO_DECLARADO,PENDENTE_VALIDACAO_SEMANTICA,LEGADO_NAO_AUDITADO
CB-FARM-021,Digestivo,DIG,FARM,Farmacologia,Farmacocinética,Metabolismo de primeira passagem,Compreender o efeito de primeira passagem e seu impacto na biodisponibilidade oral.,primeira passagem | biodisponibilidade | veia porta | metabolismo hepatico,avancada,True,,NAO_DECLARADA,False,NAO_DECLARADO,PENDENTE_VALIDACAO_SEMANTICA,LEGADO_NAO_AUDITADO
CB-FARM-022,Renal/Urinário,RENAL,FARM,Farmacologia,Farmacocinética,Meia-vida e estado de equilíbrio,"Relacionar o tempo até o estado de equilíbrio ao número de meias-vidas, independentemente da dose.",meia-vida | estado de equilibrio | steady state | dose de ataque,avancada,False,,NAO_DECLARADA,False,NAO_DECLARADO,PENDENTE_VALIDACAO_SEMANTICA,LEGADO_NAO_AUDITADO
CB-FARM-023,Cardiovascular,CARDIO,FARM,Farmacologia,Farmacodinâmica,Índice terapêutico,Compreender o índice terapêutico como medida da margem de segurança de um fármaco.,indice terapeutico | margem de seguranca | dose toxica | monitorizacao,intermediaria,False,,NAO_DECLARADA,False,NAO_DECLARADO,PENDENTE_VALIDACAO_SEMANTICA,LEGADO_NAO_AUDITADO
CB-FARM-024,Renal/Urinário,RENAL,FARM,Farmacologia,Farmacocinética,Excreção renal e ajuste de dose,Relacionar a excreção renal ao acúmulo de fármacos na insuficiência renal e ao ajuste de dose.,excrecao renal | clearance | ajuste de dose | insuficiencia renal,intermediaria,True,,NAO_DECLARADA,False,NAO_DECLARADO,PENDENTE_VALIDACAO_SEMANTICA,LEGADO_NAO_AUDITADO
CB-FARM-025,Nervoso,NERV,FARM,Farmacologia,Sistema nervoso autônomo,Bloqueio adrenérgico,Deduzir o efeito do bloqueio beta-1 e uma aplicação clínica a partir do mecanismo.,betabloqueador | beta-1 | sistema nervoso autonomo | hipertensao,intermediaria,True,,NAO_DECLARADA,False,NAO_DECLARADO,PENDENTE_VALIDACAO_SEMANTICA,LEGADO_NAO_AUDITADO
CB-FARM-026,NERV,NERV,FARM,Farmacologia,Farmacodinâmica,Tolerância farmacológica,Reconhecer a tolerância como redução da resposta ao fármaco com o uso repetido.,tolerancia | dessensibilizacao | uso repetido | dose,intermediaria,False,,NAO_DECLARADA,False,NAO_DECLARADO,PENDENTE_VALIDACAO_SEMANTICA,LEGADO_NAO_AUDITADO
CB-FARM-027,CARDIO,CARDIO,FARM,Farmacologia,Vias de administração,Via intravenosa x oral,Reconhecer a via intravenosa como a de início mais rápido e biodisponibilidade completa.,via intravenosa | biodisponibilidade | inicio de acao | vias de administracao,basica,False,,NAO_DECLARADA,False,NAO_DECLARADO,PENDENTE_VALIDACAO_SEMANTICA,LEGADO_NAO_AUDITADO
CB-FARM-028,DIG,DIG,FARM,Farmacologia,Farmacocinética,Efeito de primeira passagem,Compreender o efeito de primeira passagem e sua consequência sobre a dose oral.,efeito de primeira passagem | veia porta | metabolismo hepatico | biodisponibilidade,avancada,True,,NAO_DECLARADA,False,NAO_DECLARADO,PENDENTE_VALIDACAO_SEMANTICA,LEGADO_NAO_AUDITADO
CB-FARM-029,NERV,NERV,FARM,Farmacologia,Farmacodinâmica,Agonista x antagonista,"Distinguir agonista (ativa o receptor) de antagonista (liga sem ativar, bloqueia).",agonista | antagonista | receptor | farmacodinamica,intermediaria,False,,NAO_DECLARADA,False,NAO_DECLARADO,PENDENTE_VALIDACAO_SEMANTICA,LEGADO_NAO_AUDITADO
CB-FARM-030,RENAL,RENAL,FARM,Farmacologia,Farmacocinética,Excreção renal e meia-vida,Compreender a meia-vida e sua utilidade para definir intervalos de dose.,meia-vida | excrecao renal | intervalo de dose | farmacocinetica,intermediaria,False,,NAO_DECLARADA,False,NAO_DECLARADO,PENDENTE_VALIDACAO_SEMANTICA,LEGADO_NAO_AUDITADO
CB-FARM-031,CARDIO,CARDIO,FARM,Farmacologia,Farmacocinética,Distribuição e ligação a proteínas,Compreender que a fração livre é a ativa e o papel da ligação às proteínas plasmáticas.,distribuicao | fracao livre | albumina | ligacao proteica,avancada,False,,NAO_DECLARADA,False,NAO_DECLARADO,PENDENTE_VALIDACAO_SEMANTICA,LEGADO_NAO_AUDITADO
CB-FARM-032,ENDO,ENDO,FARM,Farmacologia,Farmacodinâmica,Agonista x antagonista,Distinguir agonista (ativa o receptor) de antagonista (bloqueia o receptor).,agonista | antagonista | receptor | farmacodinamica,intermediaria,False,,NAO_DECLARADA,False,NAO_DECLARADO,PENDENTE_VALIDACAO_SEMANTICA,LEGADO_NAO_AUDITADO
CB-FARM-033,RENAL,RENAL,FARM,Farmacologia,Farmacocinética,Excreção renal,"Compreender que a insuficiência renal reduz a eliminação de fármacos renais, causando acúmulo.",excrecao renal | meia-vida | acumulo | ajuste de dose,intermediaria,True,,NAO_DECLARADA,False,NAO_DECLARADO,PENDENTE_VALIDACAO_SEMANTICA,LEGADO_NAO_AUDITADO
CB-FARM-034,DIG,DIG,FARM,Farmacologia,Vias de administração,Efeito de primeira passagem,Reconhecer o efeito de primeira passagem e seu impacto na biodisponibilidade oral.,efeito de primeira passagem | biodisponibilidade | metabolismo hepatico | via oral,avancada,True,,NAO_DECLARADA,False,NAO_DECLARADO,PENDENTE_VALIDACAO_SEMANTICA,LEGADO_NAO_AUDITADO
CB-FARM-035,LOCO,LOCO,FARM,Farmacologia,Anti-inflamatórios,AINEs (mecanismo),"Compreender que os AINEs inibem a COX e reduzem prostaglandinas, com efeitos analgésico/antitérmico/anti-inflamatório.",AINEs | ciclo-oxigenase | prostaglandinas | anti-inflamatorio,intermediaria,True,,NAO_DECLARADA,False,NAO_DECLARADO,PENDENTE_VALIDACAO_SEMANTICA,LEGADO_NAO_AUDITADO
CB-FARM-036,RENAL,RENAL,FARM,Farmacologia,Farmacocinética,Meia-vida,Definir meia-vida como o tempo para a concentração plasmática cair à metade e sua utilidade prática.,meia-vida | farmacocinetica | concentracao plasmatica | intervalo de doses,intermediaria,False,,NAO_DECLARADA,False,NAO_DECLARADO,PENDENTE_VALIDACAO_SEMANTICA,LEGADO_NAO_AUDITADO
CB-FARM-037,HEMATO,HEMATO,FARM,Farmacologia,Anticoagulantes,Heparina x varfarina,"Distinguir heparina (rápida, parenteral, antitrombina) de varfarina (lenta, oral, vitamina K).",heparina | varfarina | antitrombina | vitamina K,avancada,True,,NAO_DECLARADA,False,NAO_DECLARADO,PENDENTE_VALIDACAO_SEMANTICA,LEGADO_NAO_AUDITADO
CB-FARM-038,NERV,NERV,FARM,Farmacologia,Anestésicos locais,Bloqueio dos canais de sódio,"Compreender que anestésicos locais bloqueiam canais de sódio, impedindo o potencial de ação de forma local e reversível.",anestesico local | canais de sodio | potencial de acao | lidocaina,intermediaria,True,,NAO_DECLARADA,False,NAO_DECLARADO,PENDENTE_VALIDACAO_SEMANTICA,LEGADO_NAO_AUDITADO
CB-FARM-039,TEG,TEG,FARM,Farmacologia,Antifúngicos,Alvo: ergosterol da membrana,Reconhecer o ergosterol da membrana como alvo dos antifúngicos e a base da seletividade.,antifungicos | ergosterol | azois | anfotericina,intermediaria,True,,NAO_DECLARADA,False,NAO_DECLARADO,PENDENTE_VALIDACAO_SEMANTICA,LEGADO_NAO_AUDITADO
CB-FARM-040,ENDO,ENDO,FARM,Farmacologia,Insulina,Farmacologia da insulina,"Compreender a farmacologia da insulina: via injetável, formulações rápida/lenta e risco de hipoglicemia.",insulina | via subcutanea | hipoglicemia | basal e bolus,intermediaria,True,,NAO_DECLARADA,False,NAO_DECLARADO,PENDENTE_VALIDACAO_SEMANTICA,LEGADO_NAO_AUDITADO
CB-FARM-041,IMUNO,IMUNO,FARM,Farmacologia,Anti-inflamatórios,Corticoides,"Compreender o mecanismo dos glicocorticoides (receptor intracelular, genes) e seus efeitos anti-inflamatório/imunossupressor e adversos.",corticoides | glicocorticoides | imunossupressao | anti-inflamatorio,intermediaria,True,,NAO_DECLARADA,False,NAO_DECLARADO,PENDENTE_VALIDACAO_SEMANTICA,LEGADO_NAO_AUDITADO
CB-FARM-042,CARDIO,CARDIO,FARM,Farmacologia,Sistema nervoso autônomo,Fármacos adrenérgicos,Compreender o mecanismo dos betabloqueadores (bloqueio beta-adrenérgico) e sua utilidade cardiovascular.,betabloqueadores | receptores beta | sistema nervoso autonomo | adrenalina,avancada,True,,NAO_DECLARADA,False,NAO_DECLARADO,PENDENTE_VALIDACAO_SEMANTICA,LEGADO_NAO_AUDITADO
CB-FARM-043,RENAL,RENAL,FARM,Farmacologia,Diuréticos,Mecanismo de ação,Compreender o mecanismo dos diuréticos (bloqueio da reabsorção de sódio no néfron) e seus usos.,diureticos | nefron | reabsorcao de sodio | edema,intermediaria,True,,NAO_DECLARADA,False,NAO_DECLARADO,PENDENTE_VALIDACAO_SEMANTICA,LEGADO_NAO_AUDITADO
CB-FARM-044,REPRO,REPRO,FARM,Farmacologia,Contracepção,Anticoncepcionais hormonais,Compreender o mecanismo dos anticoncepcionais combinados (inibição da ovulação por feedback).,anticoncepcionais | ovulacao | FSH LH | feedback negativo,avancada,True,,NAO_DECLARADA,False,NAO_DECLARADO,PENDENTE_VALIDACAO_SEMANTICA,LEGADO_NAO_AUDITADO
CB-FARM-045,ENDO,ENDO,FARM,Farmacologia,Fármacos endócrinos,Fármacos da tireoide,Compreender a reposição (levotiroxina) e o bloqueio (antitireoidianos) no tratamento da tireoide.,levotiroxina | antitireoidianos | metimazol | tireoide,intermediaria,True,,NAO_DECLARADA,False,NAO_DECLARADO,PENDENTE_VALIDACAO_SEMANTICA,LEGADO_NAO_AUDITADO
CB-FARM-046,LOCO,LOCO,FARM,Farmacologia,Anti-inflamatórios,AINEs,Compreender o mecanismo dos AINEs (inibição da COX) e a origem do efeito adverso gástrico.,AINEs | ciclo-oxigenase | prostaglandinas | ulcera,intermediaria,True,,NAO_DECLARADA,False,NAO_DECLARADO,PENDENTE_VALIDACAO_SEMANTICA,LEGADO_NAO_AUDITADO
CB-FARM-047,ENDO,ENDO,FARM,Farmacologia,Fármacos endócrinos,Tratamento do diabetes,Compreender o tratamento do diabetes (insulina no tipo 1; metformina e outros no tipo 2).,antidiabeticos | insulina | metformina | glicemia,intermediaria,True,,NAO_DECLARADA,False,NAO_DECLARADO,PENDENTE_VALIDACAO_SEMANTICA,LEGADO_NAO_AUDITADO
CB-FARM-048,TEG,TEG,FARM,Farmacologia,Anti-inflamatórios,Corticoides tópicos,Compreender a ação anti-inflamatória dos corticoides tópicos e os riscos do uso inadequado.,corticoides | topicos | anti-inflamatorio | dermatite,intermediaria,True,,NAO_DECLARADA,False,NAO_DECLARADO,PENDENTE_VALIDACAO_SEMANTICA,LEGADO_NAO_AUDITADO
CB-FARM-049,RENAL,RENAL,FARM,Farmacologia,Fármacos renais,Diuréticos,Compreender o mecanismo dos diuréticos (reduzir a reabsorção de sódio/água no rim).,diureticos | reabsorcao de sodio | nefron | edema,intermediaria,True,,NAO_DECLARADA,False,NAO_DECLARADO,PENDENTE_VALIDACAO_SEMANTICA,LEGADO_NAO_AUDITADO
CB-FARM-050,REPRO,REPRO,FARM,Farmacologia,Hormônios,Contraceptivos hormonais,"Compreender o mecanismo dos contraceptivos hormonais (inibição de FSH/LH, supressão da ovulação).",contraceptivos | estrogenio | progesterona | ovulacao,intermediaria,True,,NAO_DECLARADA,False,NAO_DECLARADO,PENDENTE_VALIDACAO_SEMANTICA,LEGADO_NAO_AUDITADO
CB-FARM-051,NERV,NERV,FARM,Farmacologia,Sistema nervoso,Anestésicos locais,Compreender o mecanismo dos anestésicos locais (bloqueio de canais de sódio e do impulso).,anestesicos locais | canais de sodio | potencial de acao | lidocaina,intermediaria,True,,NAO_DECLARADA,False,NAO_DECLARADO,PENDENTE_VALIDACAO_SEMANTICA,LEGADO_NAO_AUDITADO
CB-FARM-052,HEMATO,HEMATO,FARM,Farmacologia,Farmacologia da coagulação,Anticoagulantes,Compreender o mecanismo dos anticoagulantes e o risco de sangramento.,anticoagulantes | coagulacao | fatores de coagulacao | risco de sangramento,intermediaria,True,,NAO_DECLARADA,False,NAO_DECLARADO,PENDENTE_VALIDACAO_SEMANTICA,LEGADO_NAO_AUDITADO
CB-FARM-053,NERV,NERV,FARM,Farmacologia,Sistema nervoso autônomo,Agonistas e antagonistas,Compreender como os fármacos autonômicos agem por agonismo e antagonismo em receptores.,sistema nervoso autonomo | simpatico | parassimpatico | agonistas e antagonistas,intermediaria,True,,NAO_DECLARADA,False,NAO_DECLARADO,PENDENTE_VALIDACAO_SEMANTICA,LEGADO_NAO_AUDITADO
CB-FISI-001,CARDIO,CARDIO,FISI,Fisiologia,Eletrofisiologia cardíaca,Período refratário e platô,"O que impede o tétano no coração é o período refratário longo criado pela fase de platô — não acoplamento, ritmo do nó sinoatrial ou disponibilidade de cálcio. Sem isso, não haveria diástole.",período refratário | fase de platô | canais de cálcio tipo L | tétano | cardiomiócito,intermediaria,False,,False,False,draft,PENDENTE_VALIDACAO_SEMANTICA,LEGADO_NAO_AUDITADO
CB-FISI-002,CARDIO,CARDIO,FISI,Fisiologia,Circulação coronariana,Perfusão coronária e ciclo cardíaco,"Ventrículo esquerdo se perfunde na diástole porque a sístole comprime os ramos intramurais. Taquicardia rouba diástole, e o subendocárdio — o mais distante do epicárdio — é o primeiro a isquemiar.",perfusão coronária | diástole | subendocárdio | taquicardia | vasos intramurais,avancada,True,ANAT | FISI,True,True,draft,PENDENTE_VALIDACAO_SEMANTICA,LEGADO_NAO_AUDITADO
CB-FISI-003,RESP,RESP,FISI,Fisiologia,Transporte de gases,Curva de dissociação da hemoglobina,"Tecido ativo produz CO2, H+ e calor: a curva da hemoglobina vai para a direita, a afinidade cai e mais O2 é entregue (efeito Bohr).",efeito Bohr | curva de dissociação | hemoglobina | afinidade | exercício,intermediaria,False,,False,False,draft,PENDENTE_VALIDACAO_SEMANTICA,LEGADO_NAO_AUDITADO
CB-FISI-004,RENAL,RENAL,FISI,Fisiologia,Regulação hídrica,ADH e aquaporinas,Concentrar urina: o ADH insere aquaporina-2 no ducto coletor e a água é reabsorvida pelo gradiente da medula.,ADH | aquaporina-2 | ducto coletor | osmolaridade | medula renal,intermediaria,False,,True,False,draft,PENDENTE_VALIDACAO_SEMANTICA,LEGADO_NAO_AUDITADO
CB-FISI-005,NERV,NERV,FISI,Fisiologia,Condução do impulso,Condução saltatória,"Mielina mais canais de sódio nos nódulos geram condução saltatória rápida; sem mielina, a regeneração é contínua e lenta.",mielina | nódulos de Ranvier | condução saltatória | desmielinização | canais de sódio,intermediaria,False,,True,True,draft,PENDENTE_VALIDACAO_SEMANTICA,LEGADO_NAO_AUDITADO
CB-FISI-006,ENDO,ENDO,FISI,Fisiologia,Eixos hormonais,Feedback do eixo tireoidiano,Hipotireoidismo primário: T4 baixo tira o freio do feedback e o TSH sobe. TSH alto com T4 baixo aponta falha na tireoide.,TSH | feedback negativo | hipotireoidismo primário | eixo tireoidiano | T4,intermediaria,False,,True,True,draft,PENDENTE_VALIDACAO_SEMANTICA,LEGADO_NAO_AUDITADO
CB-FISI-007,HEMATO,HEMATO,FISI,Fisiologia,Eritropoiese,Eritropoetina e hipóxia,"Hipóxia leva o rim a liberar eritropoetina, que estimula a medula a produzir mais hemácias. É a adaptação à altitude.",eritropoetina | hipóxia | rim | medula óssea | altitude,intermediaria,False,,False,False,draft,PENDENTE_VALIDACAO_SEMANTICA,LEGADO_NAO_AUDITADO
CB-FISI-008,LOCO,LOCO,FISI,Fisiologia,Contração muscular,Acoplamento excitação-contração,"Gatilho da contração: cálcio do retículo se liga à troponina, sai a tropomiosina e actina e miosina deslizam.",acoplamento excitação-contração | cálcio | troponina | tropomiosina | retículo sarcoplasmático,intermediaria,False,,False,True,draft,PENDENTE_VALIDACAO_SEMANTICA,LEGADO_NAO_AUDITADO
CB-FISI-009,REPRO,REPRO,FISI,Fisiologia,Ciclo menstrual,Pico de LH e ovulação,"Estrogênio alto e sustentado faz feedback positivo e gera o pico de LH, que desencadeia a ovulação.",ciclo menstrual | pico de LH | ovulação | feedback positivo | estrogênio,intermediaria,False,,False,True,draft,PENDENTE_VALIDACAO_SEMANTICA,LEGADO_NAO_AUDITADO
CB-FISI-010,DIG,DIG,FISI,Fisiologia,Secreção gástrica,Célula parietal e bomba de prótons,"A etapa final da acidez gástrica é a bomba H+/K+-ATPase da célula parietal, alvo dos inibidores de bomba de prótons.",célula parietal | bomba de prótons | H+/K+-ATPase | secreção ácida | inibidor de bomba de prótons,intermediaria,False,,True,False,draft,PENDENTE_VALIDACAO_SEMANTICA,LEGADO_NAO_AUDITADO
CB-FISI-011,ENDO,ENDO,FISI,Fisiologia,Ação da insulina,Translocação de GLUT4,Insulina promove a translocação de GLUT4 no músculo e no tecido adiposo. O cérebro capta glicose por transportadores independentes de insulina.,insulina | GLUT4 | translocação | captação de glicose | tecido-alvo,intermediaria,False,,False,False,draft,PENDENTE_VALIDACAO_SEMANTICA,LEGADO_NAO_AUDITADO
CB-FISI-012,RESP,RESP,FISI,Fisiologia,Equilibrio acido-base,Acidose respiratoria,Reter CO2 = acidose respiratoria; compensacao renal (retencao de bicarbonato) ao longo de dias.,acidose respiratoria | CO2 | bicarbonato | compensacao renal | pH,avancada,True,FISI | PATO,True,False,draft,PENDENTE_VALIDACAO_SEMANTICA,LEGADO_NAO_AUDITADO
CB-FISI-013,RENAL,RENAL,FISI,Fisiologia,SRAA,Renina-angiotensina-aldosterona,"SRAA: renina, angiotensina I, angiotensina II (vasoconstricao + aldosterona), retencao de sodio e agua, eleva a pressao.",SRAA | renina | angiotensina II | aldosterona | pressao arterial,intermediaria,True,FISI | FARM,True,True,draft,PENDENTE_VALIDACAO_SEMANTICA,LEGADO_NAO_AUDITADO
CB-FISI-014,NERV,NERV,FISI,Fisiologia,Sistema nervoso autonomo,Simpatico e parassimpatico,"Simpatico = luta ou fuga (taquicardia, midriase, broncodilatacao); parassimpatico = repouso e digestao.",simpatico | parassimpatico | luta ou fuga | autonomo | midriase,intermediaria,True,FISI | FARM,True,False,draft,PENDENTE_VALIDACAO_SEMANTICA,LEGADO_NAO_AUDITADO
CB-FISI-015,CARDIO,CARDIO,FISI,Fisiologia,Debito cardiaco,Frank-Starling,Frank-Starling: mais enchimento (pre-carga) estira as fibras e aumenta a forca e o volume ejetado.,Frank-Starling | pre-carga | debito cardiaco | contratilidade | retorno venoso,intermediaria,True,FISI | SEMIO,True,True,draft,PENDENTE_VALIDACAO_SEMANTICA,LEGADO_NAO_AUDITADO
CB-FISI-016,DIG,DIG,FISI,Fisiologia,Secrecao gastrica,Fase cefalica,"Fase cefalica: visao e cheiro da comida estimulam, pelo vago, a secrecao acida antes da chegada do alimento.",fase cefalica | nervo vago | secrecao gastrica | gastrina | celula parietal,intermediaria,False,,True,False,draft,PENDENTE_VALIDACAO_SEMANTICA,LEGADO_NAO_AUDITADO
CB-FISI-017,RENAL,RENAL,FISI,Fisiologia,Filtracao glomerular,Clearance,Clearance = volume de plasma depurado por tempo; o de creatinina estima a filtracao glomerular.,clearance | creatinina | filtracao glomerular | funcao renal | depuracao,avancada,True,FISI | FARM,True,False,draft,PENDENTE_VALIDACAO_SEMANTICA,LEGADO_NAO_AUDITADO
CB-FISI-018,RESP,RESP,FISI,Fisiologia,Relacao ventilacao-perfusao,Espaco morto e shunt,Ventilacao sem perfusao (embolia) = V/Q alto (espaco morto); perfusao sem ventilacao = V/Q baixo (shunt).,relacao V/Q | espaco morto | shunt | embolia pulmonar | hipoxemia,avancada,True,FISI | PATO,True,False,draft,PENDENTE_VALIDACAO_SEMANTICA,LEGADO_NAO_AUDITADO
CB-FISI-019,ENDO,ENDO,FISI,Fisiologia,Eixo hipotalamo-hipofise-adrenal,Cortisol,"Eixo HHA: CRH, ACTH, cortisol, com feedback negativo. A medula faz catecolaminas, nao cortisol.",eixo HHA | cortisol | ACTH | CRH | feedback negativo,intermediaria,True,FISI | FARM,True,True,draft,PENDENTE_VALIDACAO_SEMANTICA,LEGADO_NAO_AUDITADO
CB-FISI-020,NERV,NERV,FISI,Fisiologia,Arco reflexo,Reflexo patelar,"Arco reflexo: receptor, neuronio sensitivo, medula, neuronio motor, musculo, sem passar pelo cerebro.",arco reflexo | reflexo patelar | fuso muscular | medula | neuronio motor,basica,True,FISI | SEMIO,True,True,draft,PENDENTE_VALIDACAO_SEMANTICA,LEGADO_NAO_AUDITADO
CB-FISI-021,CARDIO,CARDIO,FISI,Fisiologia,Regulacao da pressao,Reflexo barorreceptor,Reflexo barorreceptor: sensores detectam a queda da pressao e o sistema nervoso acelera o coracao e vasoconstringe.,barorreceptor | pressao arterial | hipotensao ortostatica | simpatico | seio carotideo,intermediaria,True,FISI | SEMIO,True,False,draft,PENDENTE_VALIDACAO_SEMANTICA,LEGADO_NAO_AUDITADO
CB-FISI-022,DIG,DIG,FISI,Fisiologia,Absorcao,Fator intrinseco e vitamina B12,Fator intrinseco (celulas parietais) liga a B12 para absorcao no ileo; sua falta causa anemia perniciosa.,fator intrinseco | vitamina B12 | celulas parietais | anemia perniciosa | ileo,intermediaria,True,FISI | BIOQ,True,True,draft,PENDENTE_VALIDACAO_SEMANTICA,LEGADO_NAO_AUDITADO
CB-FISI-023,RENAL,RENAL,FISI,Fisiologia,Equilibrio do potassio,Aldosterona,Aldosterona faz o rim excretar potassio; bloquea-la (espironolactona) retem potassio e causa hipercalemia.,aldosterona | potassio | hipercalemia | espironolactona | tubulo renal,avancada,True,FISI | FARM,True,False,draft,PENDENTE_VALIDACAO_SEMANTICA,LEGADO_NAO_AUDITADO
CB-FISI-024,NERV,NERV,FISI,Fisiologia,Termorregulacao,Febre e set-point,Pirogenios elevam o set-point hipotalamico; o corpo gera calor (calafrios) ate a nova temperatura (febre).,febre | set-point | hipotalamo | pirogenio | calafrio,intermediaria,True,FISI | IMUN,True,False,draft,PENDENTE_VALIDACAO_SEMANTICA,LEGADO_NAO_AUDITADO
CB-FISI-025,DIG,DIG,FISI,Fisiologia,Digestao de gorduras,Bile,Bile emulsifica gorduras (sais biliares) para a lipase agir; sua falta causa esteatorreia.,bile | sais biliares | emulsificacao | esteatorreia | lipase,intermediaria,True,FISI | BIOQ,True,True,draft,PENDENTE_VALIDACAO_SEMANTICA,LEGADO_NAO_AUDITADO
CB-FISI-026,CARDIO,CARDIO,FISI,Fisiologia,Sistema de conducao,No sinusal,"Impulso nasce no no sinusal (marca-passo), vai ao no AV (retardo) e ao His-Purkinje (ventriculos).",no sinusal | marca-passo | no atrioventricular | His-Purkinje | bradicardia,intermediaria,True,FISI | SEMIO,True,True,draft,PENDENTE_VALIDACAO_SEMANTICA,LEGADO_NAO_AUDITADO
CB-FISI-027,RESP,RESP,FISI,Fisiologia,Volumes pulmonares,Volume residual,Volume corrente = respiracao normal; volume residual = ar que fica apos expiracao maxima (nao expelivel).,volume corrente | volume residual | capacidade vital | espirometria | volumes pulmonares,basica,False,,False,False,draft,PENDENTE_VALIDACAO_SEMANTICA,LEGADO_NAO_AUDITADO
CB-FISI-028,DIG,DIG,FISI,Fisiologia,Motilidade,Peristalse,Peristalse: contracao atras e relaxamento a frente do bolo (plexo mienterico); independe da gravidade.,peristalse | motilidade | plexo mienterico | esofago | musculo liso,basica,False,,True,False,draft,PENDENTE_VALIDACAO_SEMANTICA,LEGADO_NAO_AUDITADO
CB-FISI-029,LOCO,LOCO,FISI,Fisiologia,Juncao neuromuscular,Acetilcolina,"Juncao neuromuscular: o nervo libera acetilcolina, que ativa receptores no musculo e desencadeia a contracao.",juncao neuromuscular | acetilcolina | receptor nicotinico | miastenia gravis | placa motora,intermediaria,True,FISI | BIOQ,True,True,draft,PENDENTE_VALIDACAO_SEMANTICA,LEGADO_NAO_AUDITADO
CB-FISI-030,REPRO,REPRO,FISI,Fisiologia,Eixo reprodutor,GnRH pulsatil,"Eixo HHG: GnRH pulsatil (hipotalamo), FSH e LH (hipofise), hormonios sexuais (gonadas), com feedback.",eixo HHG | GnRH | FSH | LH | hormonios sexuais,intermediaria,True,FISI | SEMIO,True,False,draft,PENDENTE_VALIDACAO_SEMANTICA,LEGADO_NAO_AUDITADO
CB-FISI-031,TEG,TEG,FISI,Fisiologia,Termorregulacao,Dissipacao de calor,Dissipacao de calor: vasodilatacao cutanea (leva calor a superficie) e evaporacao do suor (resfria).,termorregulacao | vasodilatacao cutanea | suor | evaporacao | hipertermia,basica,False,,True,False,draft,PENDENTE_VALIDACAO_SEMANTICA,LEGADO_NAO_AUDITADO
CB-FISI-032,CARDIO,CARDIO,FISI,Fisiologia,Pos-carga,Hipertrofia ventricular,"Hipertensao aumenta a pos-carga; o ventriculo engrossa (hipertrofia concentrica), que a longo prazo falha.",pos-carga | hipertrofia ventricular | hipertensao | hipertrofia concentrica | insuficiencia cardiaca,avancada,True,FISI | PATO,True,True,draft,PENDENTE_VALIDACAO_SEMANTICA,LEGADO_NAO_AUDITADO
CB-FISI-033,CARDIO,CARDIO,FISI,Fisiologia,Potencial de ação cardíaco,Período refratário,O longo período refratário cardíaco impede tetania e garante relaxamento e enchimento entre batimentos.,periodo refratario | potencial de acao cardiaco | tetania | enchimento diastolico | platô,avancada,True,FISI | PATO,True,False,draft,PENDENTE_VALIDACAO_SEMANTICA,LEGADO_NAO_AUDITADO
CB-FISI-034,RESP,RESP,FISI,Fisiologia,Controle da respiração,Quimiorreceptores periféricos,"A hipóxia é detectada pelos quimiorreceptores periféricos (carotídeos/aórticos), que aumentam a ventilação.",quimiorreceptores perifericos | corpo carotideo | hipoxia | ventilacao | controle da respiracao,basica,False,,True,False,draft,PENDENTE_VALIDACAO_SEMANTICA,LEGADO_NAO_AUDITADO
CB-FISI-035,RESP,RESP,FISI,Fisiologia,Transporte de gases,Curva de dissociação da hemoglobina,Desvio da curva para a direita = menor afinidade = mais liberação de O2 aos tecidos (efeito Bohr).,"curva de dissociacao | hemoglobina | efeito Bohr | afinidade | 2,3-BPG",intermediaria,True,FISI | BIOQ,False,True,draft,PENDENTE_VALIDACAO_SEMANTICA,LEGADO_NAO_AUDITADO
CB-FISI-036,RENAL,RENAL,FISI,Fisiologia,Autorregulação renal,Feedback tubuloglomerular,"Feedback tubuloglomerular: a mácula densa sente o sódio e ajusta a arteríola aferente, estabilizando a TFG.",feedback tubuloglomerular | macula densa | arteriola aferente | TFG | autorregulacao renal,avancada,True,FISI | ANAT,True,True,draft,PENDENTE_VALIDACAO_SEMANTICA,LEGADO_NAO_AUDITADO
CB-FISI-037,CARDIO,CARDIO,FISI,Fisiologia,Débito cardíaco,Lei de Frank-Starling,Frank-Starling: maior pré-carga (enchimento) estira as fibras e aumenta a força de contração e o volume ejetado.,Frank-Starling | pre-carga | volume sistolico | retorno venoso | contratilidade,intermediaria,True,FISI | PATO,True,True,draft,PENDENTE_VALIDACAO_SEMANTICA,LEGADO_NAO_AUDITADO
CB-FISI-038,DIG,DIG,FISI,Fisiologia,Secreção gástrica,Ácido clorídrico e gastrina,"A secreção de HCl pelas células parietais é estimulada por gastrina, vago (acetilcolina) e histamina.",celula parietal | HCl | gastrina | histamina | bomba de protons,basica,False,,True,False,draft,PENDENTE_VALIDACAO_SEMANTICA,LEGADO_NAO_AUDITADO
CB-FISI-039,NERV,NERV,FISI,Fisiologia,Condução do impulso,Mielina e condução saltatória,"A mielina isola o axônio e permite a condução saltatória (nós de Ranvier), acelerando o impulso.",mielina | conducao saltatoria | no de Ranvier | esclerose multipla | axonio,intermediaria,True,FISI | PATO,True,True,draft,PENDENTE_VALIDACAO_SEMANTICA,LEGADO_NAO_AUDITADO
CB-FISI-040,RENAL,RENAL,FISI,Fisiologia,Equilíbrio ácido-base,Sistema tampão bicarbonato,Tampão bicarbonato: HCO3- neutraliza ácidos; pulmão ajusta CO2 (rápido) e rim ajusta HCO3- (lento) para manter o pH.,equilibrio acido-base | bicarbonato | pH | CO2 | compensacao renal,avancada,True,FISI | BIOQ,False,False,draft,PENDENTE_VALIDACAO_SEMANTICA,LEGADO_NAO_AUDITADO
CB-FISI-041,HEMATO,HEMATO,FISI,Fisiologia,Hemostasia,Cascata de coagulação,"Cascata de coagulação: os fatores ativam a trombina, que converte fibrinogênio em fibrina (rede do coágulo).",coagulacao | trombina | fibrina | fibrinogenio | hemostasia,avancada,True,FISI | PATO,True,True,draft,PENDENTE_VALIDACAO_SEMANTICA,LEGADO_NAO_AUDITADO
CB-FISI-042,LOCO,LOCO,FISI,Fisiologia,Contração muscular,Acoplamento excitação-contração,"Acoplamento excitação-contração: o potencial de ação libera cálcio do retículo, que expõe a actina e permite a contração.",acoplamento excitacao-contracao | calcio | reticulo sarcoplasmatico | actina | miosina,intermediaria,False,,False,True,draft,PENDENTE_VALIDACAO_SEMANTICA,LEGADO_NAO_AUDITADO
CB-FISI-043,RENAL,RENAL,FISI,Fisiologia,Regulação da água,Hormônio antidiurético (ADH),"ADH: liberado quando a osmolaridade sobe, aumenta a reabsorção de água no rim e concentra a urina.",ADH | vasopressina | osmolaridade | aquaporina | diabetes insipidus,avancada,True,FISI | PATO,True,True,draft,PENDENTE_VALIDACAO_SEMANTICA,LEGADO_NAO_AUDITADO
CB-FISI-044,NERV,NERV,FISI,Fisiologia,Fisiologia sensorial,Fototransdução,Fototransdução: fotorreceptores (bastonetes/cones) com pigmentos (rodopsina) convertem luz em sinal elétrico na retina.,fototransducao | bastonetes | cones | rodopsina | vitamina A,intermediaria,False,,True,False,draft,PENDENTE_VALIDACAO_SEMANTICA,LEGADO_NAO_AUDITADO
CB-FISI-045,CARDIO,CARDIO,FISI,Fisiologia,Circulação coronária,Oferta e demanda de O2,"Angina: no esforço a demanda de O2 do miocárdio sobe, mas a coronária estreitada não eleva a oferta (isquemia).",circulacao coronaria | demanda de oxigenio | isquemia | angina | placa,avancada,True,FISI | PATO,True,True,draft,PENDENTE_VALIDACAO_SEMANTICA,LEGADO_NAO_AUDITADO
CB-FISI-046,DIG,DIG,FISI,Fisiologia,Deglutição,Fases da deglutição,"Na fase faríngea da deglutição, a epiglote fecha a via aérea e a respiração cessa, evitando a aspiração.",degluticao | fase faringea | epiglote | aspiracao | reflexo,intermediaria,False,,True,False,draft,PENDENTE_VALIDACAO_SEMANTICA,LEGADO_NAO_AUDITADO
CB-FISI-047,ENDO,ENDO,FISI,Fisiologia,Adrenal,Cortisol e resposta ao estresse,"Cortisol (adrenal): eleva a glicose, mobiliza energia e modula a inflamação, na resposta ao estresse.",cortisol | adrenal | gliconeogenese | estresse | Cushing,avancada,True,FISI | PATO,True,True,draft,PENDENTE_VALIDACAO_SEMANTICA,LEGADO_NAO_AUDITADO
CB-FISI-048,NERV,NERV,FISI,Fisiologia,Sistema nervoso autônomo,Simpático versus parassimpático,SNA: simpático = 'luta ou fuga' (ação); parassimpático = 'repouso e digestão'. Efeitos em geral opostos.,sistema nervoso autonomo | simpatico | parassimpatico | luta ou fuga | repouso e digestao,basica,False,,False,False,draft,PENDENTE_VALIDACAO_SEMANTICA,LEGADO_NAO_AUDITADO
CB-FISI-049,RENAL,RENAL,FISI,Fisiologia,Reabsorção tubular,Limiar renal de glicose,"Glicosúria: quando a glicemia excede o limiar renal, a reabsorção tubular satura e o excesso de glicose vai para a urina.",limiar renal | glicosuria | reabsorcao tubular | transporte maximo | diabetes,intermediaria,True,FISI | PATO,True,True,draft,PENDENTE_VALIDACAO_SEMANTICA,LEGADO_NAO_AUDITADO
CB-FISI-050,REPRO,REPRO,FISI,Fisiologia,Gestação,hCG e manutenção inicial,hCG: mantém o corpo lúteo (progesterona) e sustenta o endométrio no início da gestação; é o que os testes detectam.,hCG | corpo luteo | progesterona | gestacao | endometrio,intermediaria,False,,True,False,draft,PENDENTE_VALIDACAO_SEMANTICA,LEGADO_NAO_AUDITADO
CB-FISI-051,HEMATO,HEMATO,FISI,Fisiologia,Hematopoese,Eritropoetina,"O rim produz eritropoetina (EPO), que estimula a medula a fazer hemácias; na doença renal crônica, a falta de EPO causa anemia.",eritropoetina | EPO | hipoxia | doenca renal cronica | anemia,avancada,True,FISI | PATO,True,True,draft,PENDENTE_VALIDACAO_SEMANTICA,LEGADO_NAO_AUDITADO
CB-FISI-052,TEG,TEG,FISI,Fisiologia,Pele,Função de barreira,A pele é barreira contra perda de água e entrada de microrganismos; sua destruição (queimadura) causa perda de líquido e infecção.,barreira cutanea | perda insensivel | queimadura | infeccao | epiderme,intermediaria,True,FISI | PATO,True,True,draft,PENDENTE_VALIDACAO_SEMANTICA,LEGADO_NAO_AUDITADO
CB-FISI-053,REPRO,REPRO,FISI,Fisiologia,Eixo reprodutor masculino,Testosterona e espermatogênese,Eixo masculino: LH → Leydig (testosterona); FSH → Sertoli (espermatogênese); testosterona/inibina fazem feedback negativo.,eixo HHG | testosterona | LH | FSH | celulas de Leydig,intermediaria,False,,True,True,draft,PENDENTE_VALIDACAO_SEMANTICA,LEGADO_NAO_AUDITADO
CB-FISI-054,HEMATO,HEMATO,FISI,Fisiologia,Grupos sanguíneos,Sistema ABO,ABO: antígenos nas hemácias (A/B) + anticorpos no plasma; transfusão incompatível causa hemólise das hemácias doadas.,sistema ABO | antigeno | anticorpo | transfusao | reacao hemolitica,intermediaria,True,FISI | IMUN,False,False,draft,PENDENTE_VALIDACAO_SEMANTICA,LEGADO_NAO_AUDITADO
CB-FISI-055,RENAL,RENAL,FISI,Fisiologia,Micção,Reflexo da micção,Micção: reflexo medular esvazia a bexiga cheia; o cérebro inibe/permite o reflexo (controle voluntário).,miccao | reflexo | bexiga | detrusor | bexiga neurogenica,intermediaria,False,,True,False,draft,PENDENTE_VALIDACAO_SEMANTICA,LEGADO_NAO_AUDITADO
CB-FISI-056,LOCO,LOCO,FISI,Fisiologia,Fibras musculares,Tipo I e tipo II,"Fibras tipo I: lentas, oxidativas, resistentes à fadiga. Tipo II: rápidas, glicolíticas, potentes, fatigáveis.",fibra tipo I | fibra tipo II | oxidativo | glicolitico | fadiga,intermediaria,False,,True,False,draft,PENDENTE_VALIDACAO_SEMANTICA,LEGADO_NAO_AUDITADO
CB-FISI-057,ENDO,ENDO,FISI,Fisiologia,Tireoide,Efeitos dos hormônios tireoidianos,"T3/T4 aumentam o metabolismo basal e a atividade dos órgãos; o excesso causa perda de peso, taquicardia e calor.",hormonios tireoidianos | T3 | T4 | metabolismo basal | hipertireoidismo,intermediaria,False,,True,True,draft,PENDENTE_VALIDACAO_SEMANTICA,LEGADO_NAO_AUDITADO
CB-FISI-058,RENAL,RENAL,FISI,Fisiologia,Regulação do volume,Peptídeo natriurético,"Peptídeos natriuréticos (ANP/BNP): liberados na distensão cardíaca, aumentam a excreção de sódio e água, reduzindo o volume.",peptideo natriuretico | ANP | BNP | natriurese | insuficiencia cardiaca,avancada,True,FISI | PATO,True,True,draft,PENDENTE_VALIDACAO_SEMANTICA,LEGADO_NAO_AUDITADO
CB-FISI-059,NERV,NERV,FISI,Fisiologia,Cerebelo,Coordenação motora,"O cerebelo coordena movimento, equilíbrio e postura, refinando a força e o tempo; sua lesão causa ataxia.",cerebelo | coordenacao | ataxia | equilibrio | dismetria,basica,False,,True,False,draft,PENDENTE_VALIDACAO_SEMANTICA,LEGADO_NAO_AUDITADO
CB-FISI-060,Renal/Urinário,RENAL,FISI,Fisiologia,Regulação hidroeletrolítica,Potássio,"Entender que o potássio sérico reflete distribuição entre compartimentos, e que a bomba Na/K desloca K+ para dentro das células.",potassio | hipocalemia | bomba sodio potassio | distribuicao transcelular,intermediaria,False,,NAO_DECLARADA,False,NAO_DECLARADO,PENDENTE_VALIDACAO_SEMANTICA,LEGADO_NAO_AUDITADO
CB-FISI-061,Cardiovascular,CARDIO,FISI,Fisiologia,Débito cardíaco,Mecanismo de Frank-Starling,Compreender o mecanismo de Frank-Starling como ajuste intrínseco da força à pré-carga.,frank-starling | pre-carga | debito cardiaco | volume sistolico,intermediaria,False,,NAO_DECLARADA,False,NAO_DECLARADO,PENDENTE_VALIDACAO_SEMANTICA,LEGADO_NAO_AUDITADO
CB-FISI-062,Respiratório,RESP,FISI,Fisiologia,Transporte de gases,Curva de dissociação da hemoglobina,Interpretar os deslocamentos da curva de dissociação da hemoglobina e o efeito Bohr.,hemoglobina | curva de dissociacao | efeito bohr | afinidade oxigenio,avancada,False,,NAO_DECLARADA,False,NAO_DECLARADO,PENDENTE_VALIDACAO_SEMANTICA,LEGADO_NAO_AUDITADO
CB-FISI-063,Endócrino,ENDO,FISI,Fisiologia,Eixos hormonais,Feedback negativo,Compreender o feedback negativo do eixo HHA e a atrofia adrenal por supressão do ACTH.,feedback negativo | eixo HHA | cortisol | ACTH | atrofia adrenal,intermediaria,False,,NAO_DECLARADA,False,NAO_DECLARADO,PENDENTE_VALIDACAO_SEMANTICA,LEGADO_NAO_AUDITADO
CB-FISI-064,Digestivo,DIG,FISI,Fisiologia,Motilidade gastrointestinal,Peristaltismo,"Compreender o peristaltismo como motor ativo do trânsito digestivo, independente da gravidade.",peristaltismo | motilidade | esofago | musculo liso,basica,False,,NAO_DECLARADA,False,NAO_DECLARADO,PENDENTE_VALIDACAO_SEMANTICA,LEGADO_NAO_AUDITADO
CB-FISI-065,Renal/Urinário,RENAL,FISI,Fisiologia,Filtração glomerular,Regulação da TFG,Compreender a regulação da TFG pelas arteríolas aferente e eferente e o papel da angiotensina II.,taxa de filtracao glomerular | arteriola eferente | angiotensina II | autorregulacao,avancada,True,,NAO_DECLARADA,False,NAO_DECLARADO,PENDENTE_VALIDACAO_SEMANTICA,LEGADO_NAO_AUDITADO
CB-FISI-066,Respiratório,RESP,FISI,Fisiologia,Relação ventilação-perfusão,Efeito shunt,Diferenciar efeito shunt (perfusão sem ventilação) de espaço morto e entender a hipoxemia resultante.,efeito shunt | ventilacao-perfusao | hipoxemia | V/Q,avancada,False,,NAO_DECLARADA,False,NAO_DECLARADO,PENDENTE_VALIDACAO_SEMANTICA,LEGADO_NAO_AUDITADO
CB-FISI-067,Nervoso,NERV,FISI,Fisiologia,Potencial de ação,Período refratário,Relacionar o período refratário absoluto à inativação dos canais de sódio voltagem-dependentes.,periodo refratario | canal de sodio | potencial de acao | inativacao,avancada,False,,NAO_DECLARADA,False,NAO_DECLARADO,PENDENTE_VALIDACAO_SEMANTICA,LEGADO_NAO_AUDITADO
CB-FISI-068,Endócrino,ENDO,FISI,Fisiologia,Regulação do cálcio,PTH e calcemia,"Compreender o papel do PTH na correção da hipocalcemia por ações no osso, rim e intestino (via vitamina D).",paratormonio | PTH | calcio | vitamina D | calcitonina,intermediaria,True,,NAO_DECLARADA,False,NAO_DECLARADO,PENDENTE_VALIDACAO_SEMANTICA,LEGADO_NAO_AUDITADO
CB-FISI-069,Hematopoético,HEMATO,FISI,Fisiologia,Hemostasia,Hemostasia primária,Reconhecer o papel das plaquetas na hemostasia primária e a formação do tampão plaquetário.,plaquetas | hemostasia primaria | tampao plaquetario | adesao,intermediaria,False,,NAO_DECLARADA,False,NAO_DECLARADO,PENDENTE_VALIDACAO_SEMANTICA,LEGADO_NAO_AUDITADO
CB-FISI-070,Tegumentar,TEG,FISI,Fisiologia,Termorregulação,Respostas ao calor,Compreender a vasodilatação cutânea e a sudorese como respostas de perda de calor.,termorregulacao | vasodilatacao | sudorese | perda de calor,basica,False,,NAO_DECLARADA,False,NAO_DECLARADO,PENDENTE_VALIDACAO_SEMANTICA,LEGADO_NAO_AUDITADO
CB-FISI-071,Respiratório,RESP,FISI,Fisiologia,Equilíbrio ácido-base,Compensação respiratória,Compreender a compensação respiratória da acidose metabólica pela eliminação de CO2.,equilibrio acido-base | acidose metabolica | compensacao respiratoria | CO2,avancada,True,,NAO_DECLARADA,False,NAO_DECLARADO,PENDENTE_VALIDACAO_SEMANTICA,LEGADO_NAO_AUDITADO
CB-FISI-072,REPRO,REPRO,FISI,Fisiologia,Ciclo menstrual,Ovulação e pico de LH,Compreender o pico de LH e o feedback positivo do estrogênio como mecanismo da ovulação.,pico de LH | ovulacao | feedback positivo | estrogenio | ciclo menstrual,avancada,True,,NAO_DECLARADA,False,NAO_DECLARADO,PENDENTE_VALIDACAO_SEMANTICA,LEGADO_NAO_AUDITADO
CB-FISI-073,NERV,NERV,FISI,Fisiologia,Sistema nervoso autônomo,Simpático x parassimpático,Reconhecer o padrão simpático de 'luta ou fuga' e seu sentido funcional.,simpatico | luta ou fuga | sistema nervoso autonomo | parassimpatico,intermediaria,False,,NAO_DECLARADA,False,NAO_DECLARADO,PENDENTE_VALIDACAO_SEMANTICA,LEGADO_NAO_AUDITADO
CB-FISI-074,RENAL,RENAL,FISI,Fisiologia,Regulação hidroeletrolítica,ADH e concentração urinária,Relacionar o ADH à reabsorção de água e à concentração da urina na desidratação.,ADH | vasopressina | aquaporina | concentracao urinaria,avancada,True,,NAO_DECLARADA,False,NAO_DECLARADO,PENDENTE_VALIDACAO_SEMANTICA,LEGADO_NAO_AUDITADO
CB-FISI-075,LOCO,LOCO,FISI,Fisiologia,Contração muscular,Acoplamento excitação-contração,Compreender o papel do cálcio (do retículo sarcoplasmático) no acoplamento excitação-contração.,calcio | retículo sarcoplasmatico | troponina | acoplamento excitacao-contracao,avancada,False,,NAO_DECLARADA,False,NAO_DECLARADO,PENDENTE_VALIDACAO_SEMANTICA,LEGADO_NAO_AUDITADO
CB-FISI-076,DIG,DIG,FISI,Fisiologia,Secreções digestivas,Ácido gástrico e proteção da mucosa,Compreender a barreira de muco e bicarbonato como proteção da mucosa gástrica contra o ácido.,barreira mucosa | muco e bicarbonato | acido gastrico | ulcera,intermediaria,True,,NAO_DECLARADA,False,NAO_DECLARADO,PENDENTE_VALIDACAO_SEMANTICA,LEGADO_NAO_AUDITADO
CB-FISI-077,CARDIO,CARDIO,FISI,Fisiologia,Débito cardíaco,Lei de Frank-Starling,Compreender a lei de Frank-Starling: enchimento maior gera contração mais forte.,frank-starling | pre-carga | debito cardiaco | forca de contracao,avancada,False,,NAO_DECLARADA,False,NAO_DECLARADO,PENDENTE_VALIDACAO_SEMANTICA,LEGADO_NAO_AUDITADO
CB-FISI-078,RESP,RESP,FISI,Fisiologia,Transporte de gases,Curva de dissociação da hemoglobina,Compreender o efeito Bohr e o desvio para a direita da curva de dissociação da hemoglobina.,efeito bohr | curva de dissociacao | hemoglobina | afinidade,avancada,True,,NAO_DECLARADA,False,NAO_DECLARADO,PENDENTE_VALIDACAO_SEMANTICA,LEGADO_NAO_AUDITADO
CB-FISI-079,RENAL,RENAL,FISI,Fisiologia,Filtração glomerular,Barreira de filtração,Compreender a seletividade da barreira de filtração glomerular por tamanho e carga.,barreira de filtracao | glomerulo | podocitos | seletividade,avancada,False,,NAO_DECLARADA,False,NAO_DECLARADO,PENDENTE_VALIDACAO_SEMANTICA,LEGADO_NAO_AUDITADO
CB-FISI-080,ENDO,ENDO,FISI,Fisiologia,Eixos hormonais,Feedback negativo (tireoide),Compreender o feedback negativo na regulação dos eixos hormonais (exemplo da tireoide).,feedback negativo | eixo tireoidiano | TSH | homeostase,avancada,True,,NAO_DECLARADA,False,NAO_DECLARADO,PENDENTE_VALIDACAO_SEMANTICA,LEGADO_NAO_AUDITADO
CB-FISI-081,CARDIO,CARDIO,FISI,Fisiologia,Potencial de ação cardíaco,Automatismo do nó sinoatrial,Reconhecer o nó sinoatrial como marca-passo natural pela despolarização espontânea e maior frequência.,no sinoatrial | automatismo | marca-passo | despolarizacao espontanea,avancada,False,,NAO_DECLARADA,False,NAO_DECLARADO,PENDENTE_VALIDACAO_SEMANTICA,LEGADO_NAO_AUDITADO
CB-FISI-082,RENAL,RENAL,FISI,Fisiologia,Regulação da pressão,Sistema renina-angiotensina-aldosterona,Compreender o SRAA e como ele eleva a pressão (angiotensina II e aldosterona).,SRAA | renina | angiotensina II | aldosterona,avancada,True,,NAO_DECLARADA,False,NAO_DECLARADO,PENDENTE_VALIDACAO_SEMANTICA,LEGADO_NAO_AUDITADO
CB-FISI-083,DIG,DIG,FISI,Fisiologia,Secreções digestivas,Secreção gástrica de ácido,Reconhecer as células parietais como produtoras de ácido e a função do ambiente ácido.,celulas parietais | acido cloridrico | pepsina | secrecao gastrica,avancada,False,,NAO_DECLARADA,False,NAO_DECLARADO,PENDENTE_VALIDACAO_SEMANTICA,LEGADO_NAO_AUDITADO
CB-FISI-084,RENAL,RENAL,FISI,Fisiologia,Transporte de membrana,Difusão x transporte ativo,"Distinguir transporte passivo (difusão, sem energia) de ativo (contra o gradiente, com ATP).",transporte passivo | difusao | transporte ativo | bomba sodio potassio,avancada,False,,NAO_DECLARADA,False,NAO_DECLARADO,PENDENTE_VALIDACAO_SEMANTICA,LEGADO_NAO_AUDITADO
CB-FISI-085,NERV,NERV,FISI,Fisiologia,Sinapse,Neurotransmissão química,Compreender a sinapse química e o papel dos neurotransmissores na transmissão do sinal.,sinapse | neurotransmissor | fenda sinaptica | receptor,avancada,False,,NAO_DECLARADA,False,NAO_DECLARADO,PENDENTE_VALIDACAO_SEMANTICA,LEGADO_NAO_AUDITADO
CB-FISI-086,REPRO,REPRO,FISI,Fisiologia,Fisiologia reprodutiva,Ciclo menstrual (ovulação),Reconhecer o pico de LH (hipófise) como gatilho da ovulação.,ciclo menstrual | pico de LH | ovulacao | hipofise,avancada,True,,NAO_DECLARADA,False,NAO_DECLARADO,PENDENTE_VALIDACAO_SEMANTICA,LEGADO_NAO_AUDITADO
CB-FISI-087,RESP,RESP,FISI,Fisiologia,Transporte de gases,Curva de dissociação da hemoglobina,Compreender o efeito Bohr: mais CO2/acidez/calor aumentam a liberação de O2 nos tecidos ativos.,efeito bohr | curva de dissociacao | hemoglobina | afinidade pelo oxigenio,avancada,True,,NAO_DECLARADA,False,NAO_DECLARADO,PENDENTE_VALIDACAO_SEMANTICA,LEGADO_NAO_AUDITADO
CB-FISI-088,ENDO,ENDO,FISI,Fisiologia,Eixos hormonais,Feedback negativo,Compreender o feedback negativo no eixo tireoidiano (T3/T4 altos reduzem TSH).,feedback negativo | eixo tireoidiano | TSH | T3 e T4,intermediaria,True,,NAO_DECLARADA,False,NAO_DECLARADO,PENDENTE_VALIDACAO_SEMANTICA,LEGADO_NAO_AUDITADO
CB-FISI-089,RESP,RESP,FISI,Fisiologia,Mecânica respiratória,Inspiração e diafragma,"Compreender a inspiração: contração/descida do diafragma aumenta o volume e reduz a pressão, e o ar entra.",diafragma | inspiracao | pressao alveolar | mecanica respiratoria,basica,False,,NAO_DECLARADA,False,NAO_DECLARADO,PENDENTE_VALIDACAO_SEMANTICA,LEGADO_NAO_AUDITADO
CB-FISI-090,NERV,NERV,FISI,Fisiologia,Excitabilidade,Potencial de ação (despolarização),Compreender que a despolarização do potencial de ação se deve à entrada de Na+ por canais dependentes de voltagem.,potencial de acao | despolarizacao | canais de sodio | excitabilidade,intermediaria,False,,NAO_DECLARADA,False,NAO_DECLARADO,PENDENTE_VALIDACAO_SEMANTICA,LEGADO_NAO_AUDITADO
CB-FISI-091,RENAL,RENAL,FISI,Fisiologia,Filtração glomerular,Barreira de filtração,Reconhecer que proteínas grandes e células não passam na filtração normal (e sinalizam lesão se aparecem).,filtracao glomerular | barreira de filtracao | proteinuria | albumina,intermediaria,False,,NAO_DECLARADA,False,NAO_DECLARADO,PENDENTE_VALIDACAO_SEMANTICA,LEGADO_NAO_AUDITADO
CB-FISI-092,ENDO,ENDO,FISI,Fisiologia,Pâncreas endócrino,Insulina e glucagon,Reconhecer a insulina como hormônio do estado alimentado que reduz a glicemia.,insulina | glucagon | glicemia | pancreas endocrino,intermediaria,False,,NAO_DECLARADA,False,NAO_DECLARADO,PENDENTE_VALIDACAO_SEMANTICA,LEGADO_NAO_AUDITADO
CB-FISI-093,REPRO,REPRO,FISI,Fisiologia,Fisiologia reprodutiva masculina,Testosterona e espermatogênese,"Reconhecer a origem da testosterona (células de Leydig, via LH) e suas funções.",testosterona | celulas de leydig | LH | espermatogenese,intermediaria,True,,NAO_DECLARADA,False,NAO_DECLARADO,PENDENTE_VALIDACAO_SEMANTICA,LEGADO_NAO_AUDITADO
CB-FISI-094,CARDIO,CARDIO,FISI,Fisiologia,Sistema nervoso autônomo,Simpático x parassimpático (frequência cardíaca),Reconhecer o simpático (noradrenalina/adrenalina) como acelerador cardíaco no estresse e o parassimpático como desacelerador.,sistema nervoso autonomo | simpatico | noradrenalina | frequencia cardiaca,intermediaria,True,,NAO_DECLARADA,False,NAO_DECLARADO,PENDENTE_VALIDACAO_SEMANTICA,LEGADO_NAO_AUDITADO
CB-FISI-095,RESP,RESP,FISI,Fisiologia,Transporte de gases,Curva de dissociação da hemoglobina,"Interpretar o desvio à direita (menor afinidade, mais liberação) e seus determinantes (CO2, pH, temperatura, 2,3-BPG).","curva de dissociacao | hemoglobina | efeito bohr | 2,3-BPG",avancada,True,,NAO_DECLARADA,False,NAO_DECLARADO,PENDENTE_VALIDACAO_SEMANTICA,LEGADO_NAO_AUDITADO
CB-FISI-096,LOCO,LOCO,FISI,Fisiologia,Contração muscular,Papel do cálcio na contração,"Reconhecer o cálcio como gatilho imediato da contração (liga-se à troponina, libera a actina).",calcio | contracao muscular | troponina | reticulo sarcoplasmatico,avancada,False,,NAO_DECLARADA,False,NAO_DECLARADO,PENDENTE_VALIDACAO_SEMANTICA,LEGADO_NAO_AUDITADO
CB-FISI-097,TEG,TEG,FISI,Fisiologia,Termorregulação,Controle da temperatura pela pele,Reconhecer vasodilatação cutânea e sudorese como mecanismos de perda de calor pela pele.,termorregulacao | vasodilatacao | sudorese | pele,intermediaria,True,,NAO_DECLARADA,False,NAO_DECLARADO,PENDENTE_VALIDACAO_SEMANTICA,LEGADO_NAO_AUDITADO
CB-FISI-098,REPRO,REPRO,FISI,Fisiologia,Homeostase,Feedback positivo,"Distinguir feedback negativo (estabiliza, regra) de positivo (amplifica, exceção como o parto).",feedback positivo | ocitocina | parto | homeostase,intermediaria,False,,NAO_DECLARADA,False,NAO_DECLARADO,PENDENTE_VALIDACAO_SEMANTICA,LEGADO_NAO_AUDITADO
CB-FISI-099,NERV,NERV,FISI,Fisiologia,Potencial de membrana,Potencial de repouso,Entender que o potencial de repouso decorre da alta permeabilidade ao K+ e dos gradientes mantidos pela bomba.,potencial de repouso | potassio | bomba de sodio e potassio | excitabilidade,intermediaria,False,,NAO_DECLARADA,False,NAO_DECLARADO,PENDENTE_VALIDACAO_SEMANTICA,LEGADO_NAO_AUDITADO
CB-FISI-100,CARDIO,CARDIO,FISI,Fisiologia,Microcirculação,Forças de Starling na troca capilar,Compreender as forças de Starling: hidrostática (filtra) x oncótica (reabsorve) e sua relação com o edema.,forcas de starling | pressao hidrostatica | pressao oncotica | edema,intermediaria,True,,NAO_DECLARADA,False,NAO_DECLARADO,PENDENTE_VALIDACAO_SEMANTICA,LEGADO_NAO_AUDITADO
CB-FISI-101,RESP,RESP,FISI,Fisiologia,Mecânica respiratória,Surfactante e complacência,"Entender que o surfactante reduz a tensão superficial, evita colapso e aumenta a complacência.",surfactante | tensao superficial | complacencia | pneumocito tipo II,intermediaria,True,,NAO_DECLARADA,False,NAO_DECLARADO,PENDENTE_VALIDACAO_SEMANTICA,LEGADO_NAO_AUDITADO
CB-FISI-102,RENAL,RENAL,FISI,Fisiologia,Concentração urinária,Multiplicação por contracorrente,Compreender a multiplicação por contracorrente da alça de Henle e o papel do ADH na concentração urinária.,contracorrente | alca de henle | ADH | concentracao urinaria,avancada,False,,NAO_DECLARADA,False,NAO_DECLARADO,PENDENTE_VALIDACAO_SEMANTICA,LEGADO_NAO_AUDITADO
CB-FISI-103,REPRO,REPRO,FISI,Fisiologia,Fisiologia da gestação,Adaptações maternas,"Reconhecer as adaptações normais da gravidez: anemia dilucional, aumento do débito cardíaco e da ventilação.",gestacao | anemia dilucional | debito cardiaco | ventilacao,intermediaria,False,,NAO_DECLARADA,False,NAO_DECLARADO,PENDENTE_VALIDACAO_SEMANTICA,LEGADO_NAO_AUDITADO
CB-FISI-104,RENAL,RENAL,FISI,Fisiologia,Equilíbrio ácido-base renal,Reabsorção de bicarbonato,Compreender a reabsorção indireta do bicarbonato no túbulo proximal (H+ e anidrase carbônica).,bicarbonato | tubulo proximal | anidrase carbonica | equilibrio acido-base,avancada,False,,NAO_DECLARADA,False,NAO_DECLARADO,PENDENTE_VALIDACAO_SEMANTICA,LEGADO_NAO_AUDITADO
CB-FISI-105,HEMATO,HEMATO,FISI,Fisiologia,Hemostasia,Fibrinólise,Compreender a fibrinólise: plasminogênio → plasmina (t-PA) → degradação da fibrina e D-dímero.,fibrinolise | plasmina | t-PA | D-dimero,intermediaria,True,,NAO_DECLARADA,False,NAO_DECLARADO,PENDENTE_VALIDACAO_SEMANTICA,LEGADO_NAO_AUDITADO
CB-FISI-106,LOCO,LOCO,FISI,Fisiologia,Fisiologia sensorial e motora,Fuso muscular e reflexo de estiramento,"Distinguir o fuso muscular (estiramento, reflexo de contração) do órgão tendinoso de Golgi (tensão, relaxamento).",fuso muscular | reflexo de estiramento | orgao tendinoso de golgi | propriocepcao,intermediaria,False,,NAO_DECLARADA,False,NAO_DECLARADO,PENDENTE_VALIDACAO_SEMANTICA,LEGADO_NAO_AUDITADO
CB-FISI-107,NERV,NERV,FISI,Fisiologia,Fisiologia sensorial,Nocicepção e vias da dor,"Compreender a via da dor: nociceptores, fibras A-delta e C, sinapse medular e trato espinotalâmico.",nocicepcao | dor | fibras A-delta e C | trato espinotalamico,intermediaria,False,,NAO_DECLARADA,False,NAO_DECLARADO,PENDENTE_VALIDACAO_SEMANTICA,LEGADO_NAO_AUDITADO
CB-FISI-108,NERV,NERV,FISI,Fisiologia,Fisiologia sensorial,Audição e cóclea,Compreender a transdução sonora na cóclea (células ciliadas) e a via até o cérebro (nervo VIII).,audicao | coclea | celulas ciliadas | nervo vestibulococlear,intermediaria,False,,NAO_DECLARADA,False,NAO_DECLARADO,PENDENTE_VALIDACAO_SEMANTICA,LEGADO_NAO_AUDITADO
CB-FISI-109,ENDO,ENDO,FISI,Fisiologia,Fisiologia endócrina,Regulação da glicemia,Compreender a regulação da glicemia pelo par insulina (reduz) e glucagon (eleva) por feedback.,glicemia | insulina | glucagon | feedback,intermediaria,False,,NAO_DECLARADA,False,NAO_DECLARADO,PENDENTE_VALIDACAO_SEMANTICA,LEGADO_NAO_AUDITADO
CB-FISI-110,HEMATO,HEMATO,FISI,Fisiologia,Hematologia,Eritropoese e eritropoetina,Compreender a regulação da eritropoese pela eritropoetina renal em resposta à hipóxia.,eritropoese | eritropoetina | hipoxia | medula ossea,intermediaria,False,,NAO_DECLARADA,False,NAO_DECLARADO,PENDENTE_VALIDACAO_SEMANTICA,LEGADO_NAO_AUDITADO
CB-FISI-111,IMUNO,IMUNO,FISI,Fisiologia,Sistema linfático,Formação da linfa,"Compreender a formação e o retorno da linfa e as funções do sistema linfático (líquidos, gorduras, imunidade).",sistema linfatico | linfa | linfonodos | edema,intermediaria,False,,NAO_DECLARADA,False,NAO_DECLARADO,PENDENTE_VALIDACAO_SEMANTICA,LEGADO_NAO_AUDITADO
CB-FISI-112,RENAL,RENAL,FISI,Fisiologia,Fisiologia do trato urinário,Reflexo miccional,Compreender o reflexo miccional e a integração com o controle voluntário do esfíncter externo.,miccao | reflexo miccional | detrusor | esfincter,intermediaria,False,,NAO_DECLARADA,False,NAO_DECLARADO,PENDENTE_VALIDACAO_SEMANTICA,LEGADO_NAO_AUDITADO
CB-FISI-113,TEG,TEG,FISI,Fisiologia,Termorregulação,Papel da pele,"Compreender o papel da pele (vasos, suor) na termorregulação comandada pelo hipotálamo.",termorregulacao | suor | vasodilatacao | hipotalamo,intermediaria,False,,NAO_DECLARADA,False,NAO_DECLARADO,PENDENTE_VALIDACAO_SEMANTICA,LEGADO_NAO_AUDITADO
CB-FISI-114,RENAL,RENAL,FISI,Fisiologia,Regulação hidroeletrolítica,Homeostase do potássio,Compreender a homeostase do potássio (distribuição celular e excreção renal) e seu impacto cardíaco.,potassio | aldosterona | insulina | arritmia,avancada,True,,NAO_DECLARADA,False,NAO_DECLARADO,PENDENTE_VALIDACAO_SEMANTICA,LEGADO_NAO_AUDITADO
CB-FISI-115,LOCO,LOCO,FISI,Fisiologia,Contração muscular,Junção neuromuscular,Compreender a transmissão na junção neuromuscular pela acetilcolina e seu encerramento pela acetilcolinesterase.,juncao neuromuscular | acetilcolina | placa motora | acetilcolinesterase,intermediaria,False,,NAO_DECLARADA,False,NAO_DECLARADO,PENDENTE_VALIDACAO_SEMANTICA,LEGADO_NAO_AUDITADO
CB-FISI-116,ENDO,ENDO,FISI,Fisiologia,Eixos hormonais,Eixo hipotálamo-hipófise-tireoide,Compreender o eixo hipotálamo-hipófise-tireoide e o feedback negativo dos hormônios tireoidianos.,eixo tireoidiano | TSH | TRH | feedback negativo,intermediaria,False,,NAO_DECLARADA,False,NAO_DECLARADO,PENDENTE_VALIDACAO_SEMANTICA,LEGADO_NAO_AUDITADO
CB-FISI-117,HEMATO,HEMATO,FISI,Fisiologia,Hemostasia,Hemostasia primária,"Compreender a hemostasia primária (adesão, ativação e agregação plaquetária) como tampão inicial.",hemostasia primaria | plaquetas | adesao | agregacao,intermediaria,False,,NAO_DECLARADA,False,NAO_DECLARADO,PENDENTE_VALIDACAO_SEMANTICA,LEGADO_NAO_AUDITADO
CB-FISI-118,RENAL,RENAL,FISI,Fisiologia,Regulação hidroeletrolítica,Osmolaridade e ADH,"Compreender a regulação da osmolaridade pelos osmorreceptores, pela sede e pelo ADH.",osmolaridade | ADH | hipotalamo | reabsorcao de agua,intermediaria,False,,NAO_DECLARADA,False,NAO_DECLARADO,PENDENTE_VALIDACAO_SEMANTICA,LEGADO_NAO_AUDITADO
CB-FISI-119,REPRO,REPRO,FISI,Fisiologia,Fisiologia reprodutiva,Ciclo menstrual,"Compreender as fases do ciclo menstrual e os hormônios (FSH, LH, estrogênio, progesterona).",ciclo menstrual | FSH LH | ovulacao | corpo luteo,avancada,False,,NAO_DECLARADA,False,NAO_DECLARADO,PENDENTE_VALIDACAO_SEMANTICA,LEGADO_NAO_AUDITADO
CB-FISI-120,TEG,TEG,FISI,Fisiologia,Fisiologia sensorial,Sensibilidade cutânea,Compreender os receptores sensoriais da pele e a via até o cérebro.,sensibilidade cutanea | receptores sensoriais | nociceptores | tato,intermediaria,False,,NAO_DECLARADA,False,NAO_DECLARADO,PENDENTE_VALIDACAO_SEMANTICA,LEGADO_NAO_AUDITADO
CB-FISI-121,LOCO,LOCO,FISI,Fisiologia,Metabolismo ósseo,Remodelação óssea,Compreender a remodelação óssea (osteoclastos e osteoblastos) e suas funções.,remodelacao ossea | osteoclastos | osteoblastos | osteoporose,intermediaria,False,,NAO_DECLARADA,False,NAO_DECLARADO,PENDENTE_VALIDACAO_SEMANTICA,LEGADO_NAO_AUDITADO
CB-FISI-122,HEMATO,HEMATO,FISI,Fisiologia,Hemostasia,Cascata de coagulação,"Compreender a cascata de coagulação, a formação de fibrina e o papel do cálcio e da vitamina K.",coagulacao | fatores de coagulacao | fibrina | vitamina K,avancada,False,,NAO_DECLARADA,False,NAO_DECLARADO,PENDENTE_VALIDACAO_SEMANTICA,LEGADO_NAO_AUDITADO
CB-FISI-123,RENAL,RENAL,FISI,Fisiologia,Funções renais,Visão geral,"Reconhecer as principais funções dos rins (excreção, regulação e produção hormonal).",rim | filtracao | eritropoetina | equilibrio hidroeletrolitico,basica,False,,NAO_DECLARADA,False,NAO_DECLARADO,PENDENTE_VALIDACAO_SEMANTICA,LEGADO_NAO_AUDITADO
CB-FISI-124,REPRO,REPRO,FISI,Fisiologia,Hormônios sexuais,Funções,Reconhecer as funções dos hormônios sexuais na reprodução e em outros tecidos.,testosterona | estrogenio | progesterona | caracteres sexuais,basica,False,,NAO_DECLARADA,False,NAO_DECLARADO,PENDENTE_VALIDACAO_SEMANTICA,LEGADO_NAO_AUDITADO
CB-FISI-125,HEMATO,HEMATO,FISI,Fisiologia,Grupos sanguíneos,"ABO, Rh e transfusão",Compreender a base imunológica da compatibilidade sanguínea na transfusão.,grupos sanguineos | ABO | fator Rh | transfusao,intermediaria,True,,NAO_DECLARADA,False,NAO_DECLARADO,PENDENTE_VALIDACAO_SEMANTICA,LEGADO_NAO_AUDITADO
CB-FISI-126,LOCO,LOCO,FISI,Fisiologia,Contração muscular,Unidade motora,Compreender a unidade motora e os tipos de contração muscular (isométrica e isotônica).,unidade motora | contracao isometrica | contracao isotonica | recrutamento,basica,False,,NAO_DECLARADA,False,NAO_DECLARADO,PENDENTE_VALIDACAO_SEMANTICA,LEGADO_NAO_AUDITADO
CB-FISI-127,IMUNO,IMUNO,FISI,Fisiologia,Resposta inflamatória,Mecanismos e sinais,Compreender os mecanismos da inflamação e a origem fisiológica dos sinais cardinais.,inflamacao | sinais cardinais | vasodilatacao | febre,avancada,True,,NAO_DECLARADA,False,NAO_DECLARADO,PENDENTE_VALIDACAO_SEMANTICA,LEGADO_NAO_AUDITADO
CB-FISI-128,RENAL,RENAL,FISI,Fisiologia,Regulação da pressão,Sistema renina-angiotensina-aldosterona,"Compreender o SRAA e sua integração entre rim, vasos e adrenal na regulação da pressão.",SRAA | renina | angiotensina II | aldosterona,intermediaria,True,,NAO_DECLARADA,False,NAO_DECLARADO,PENDENTE_VALIDACAO_SEMANTICA,LEGADO_NAO_AUDITADO
CB-FISI-129,HEMATO,HEMATO,FISI,Fisiologia,Transporte de gases,Oxigênio e hemoglobina,Reconhecer o transporte de oxigênio ligado à hemoglobina nas hemácias.,oxigenio | hemoglobina | oxi-hemoglobina | transporte de gases,basica,False,,NAO_DECLARADA,False,NAO_DECLARADO,PENDENTE_VALIDACAO_SEMANTICA,LEGADO_NAO_AUDITADO
CB-FISI-130,LOCO,LOCO,FISI,Fisiologia,Fisiologia motora,Arco reflexo,Compreender as etapas do arco reflexo e por que a resposta é rápida e automática.,arco reflexo | reflexo patelar | medula espinhal | nervo motor,basica,False,,NAO_DECLARADA,False,NAO_DECLARADO,PENDENTE_VALIDACAO_SEMANTICA,LEGADO_NAO_AUDITADO
CB-FISI-131,REPRO,REPRO,FISI,Fisiologia,Lactação,Prolactina e ocitocina,"Compreender o controle hormonal da lactação (prolactina, ocitocina) e o reflexo da sucção.",lactacao | prolactina | ocitocina | amamentacao,intermediaria,True,,NAO_DECLARADA,False,NAO_DECLARADO,PENDENTE_VALIDACAO_SEMANTICA,LEGADO_NAO_AUDITADO
CB-FISI-132,HEMATO,HEMATO,FISI,Fisiologia,Hematopoiese,Eritropoetina,Compreender a sinalização da eritropoetina (rim → medula) na produção de hemácias.,eritropoetina | EPO | hipoxia | eritropoiese,intermediaria,True,,NAO_DECLARADA,False,NAO_DECLARADO,PENDENTE_VALIDACAO_SEMANTICA,LEGADO_NAO_AUDITADO
CB-FISI-133,LOCO,LOCO,FISI,Fisiologia,Fisiologia muscular,Tipos de fibra e fadiga,Distinguir as fibras lentas (resistência) das rápidas (força/velocidade) e sua relação com a fadiga.,fibras musculares | tipo I | tipo II | fadiga,intermediaria,False,,NAO_DECLARADA,False,NAO_DECLARADO,PENDENTE_VALIDACAO_SEMANTICA,LEGADO_NAO_AUDITADO
CB-FISI-134,RESP,RESP,FISI,Fisiologia,Mecânica respiratória,Inspiração e expiração,"Compreender a mecânica ventilatória (volume, pressão, músculos) na entrada e saída de ar.",mecanica respiratoria | diafragma | pressao | ventilacao,basica,False,,NAO_DECLARADA,False,NAO_DECLARADO,PENDENTE_VALIDACAO_SEMANTICA,LEGADO_NAO_AUDITADO
CB-FISI-135,RENAL,RENAL,FISI,Fisiologia,Vias urinárias,Reflexo da micção,Compreender o reflexo da micção e o controle voluntário do esvaziamento da bexiga.,miccao | bexiga | receptores de estiramento | esfincter,intermediaria,False,,NAO_DECLARADA,False,NAO_DECLARADO,PENDENTE_VALIDACAO_SEMANTICA,LEGADO_NAO_AUDITADO
CB-FISI-136,REPRO,REPRO,FISI,Fisiologia,Fisiologia reprodutiva,Eixo hipotálamo-hipófise-gonadal,Compreender o eixo hipotálamo-hipófise-gonadal masculino e o feedback negativo da testosterona.,eixo HHG | GnRH | testosterona | feedback negativo,intermediaria,True,,NAO_DECLARADA,False,NAO_DECLARADO,PENDENTE_VALIDACAO_SEMANTICA,LEGADO_NAO_AUDITADO
CB-FISI-137,CARDIO,CARDIO,FISI,Fisiologia,Hemodinâmica,Retorno venoso,"Compreender os fatores do retorno venoso (bomba muscular, válvulas, respiração).",retorno venoso | bomba muscular | valvulas venosas | hemodinamica,intermediaria,False,,NAO_DECLARADA,False,NAO_DECLARADO,PENDENTE_VALIDACAO_SEMANTICA,LEGADO_NAO_AUDITADO
CB-FISI-138,NERV,NERV,FISI,Fisiologia,Sistema nervoso autônomo,Simpático e parassimpático,Distinguir as divisões simpática e parassimpática do sistema nervoso autônomo.,sistema nervoso autonomo | simpatico | parassimpatico | luta ou fuga,intermediaria,False,,NAO_DECLARADA,False,NAO_DECLARADO,PENDENTE_VALIDACAO_SEMANTICA,LEGADO_NAO_AUDITADO
CB-FISI-139,REPRO,REPRO,FISI,Fisiologia,Ciclo menstrual,Fases e hormônios,"Compreender as fases do ciclo menstrual e os hormônios (FSH, LH, estrogênio, progesterona).",ciclo menstrual | ovulacao | FSH | progesterona,intermediaria,True,,NAO_DECLARADA,False,NAO_DECLARADO,PENDENTE_VALIDACAO_SEMANTICA,LEGADO_NAO_AUDITADO
CB-FISI-140,HEMATO,HEMATO,FISI,Fisiologia,Hemostasia,Etapas da hemostasia,"Compreender as etapas da hemostasia (vasoconstrição, tampão plaquetário, coagulação, fibrinólise).",hemostasia | plaquetas | coagulacao | fibrina,intermediaria,False,,NAO_DECLARADA,False,NAO_DECLARADO,PENDENTE_VALIDACAO_SEMANTICA,LEGADO_NAO_AUDITADO
CB-FISI-141,RENAL,RENAL,FISI,Fisiologia,Equilíbrio ácido-base,Papel dos rins,"Compreender o papel dos rins no equilíbrio ácido-base (excreção de H+, bicarbonato).",equilibrio acido-base | bicarbonato | excrecao de H+ | rim,intermediaria,False,,NAO_DECLARADA,False,NAO_DECLARADO,PENDENTE_VALIDACAO_SEMANTICA,LEGADO_NAO_AUDITADO
CB-FISI-142,ENDO,ENDO,FISI,Fisiologia,Hipófise,Adeno-hipófise,Reconhecer os hormônios da adeno-hipófise e sua função de comando das outras glândulas.,adeno-hipofise | glandula mestra | TSH | ACTH,basica,False,,NAO_DECLARADA,False,NAO_DECLARADO,PENDENTE_VALIDACAO_SEMANTICA,LEGADO_NAO_AUDITADO
CB-FISI-143,RESP,RESP,FISI,Fisiologia,Controle da respiração,Centro respiratório e quimiorreceptores,"Compreender o controle automático da respiração (centro respiratório, quimiorreceptores, CO2).",centro respiratorio | quimiorreceptores | gas carbonico | ventilacao,intermediaria,False,,NAO_DECLARADA,False,NAO_DECLARADO,PENDENTE_VALIDACAO_SEMANTICA,LEGADO_NAO_AUDITADO
CB-FISI-144,NERV,NERV,FISI,Fisiologia,Reflexos,Arco reflexo,Compreender o arco reflexo medular e por que os reflexos são rápidos.,arco reflexo | medula espinhal | neuronio sensitivo | neuronio motor,intermediaria,False,,NAO_DECLARADA,False,NAO_DECLARADO,PENDENTE_VALIDACAO_SEMANTICA,LEGADO_NAO_AUDITADO
CB-FISI-145,ENDO,ENDO,FISI,Fisiologia,Tireoide,Hormônios tireoidianos,Compreender os efeitos dos hormônios tireoidianos no metabolismo e os quadros de hiper/hipotireoidismo.,hormonios tireoidianos | T3 e T4 | taxa metabolica | hipertireoidismo,intermediaria,True,,NAO_DECLARADA,False,NAO_DECLARADO,PENDENTE_VALIDACAO_SEMANTICA,LEGADO_NAO_AUDITADO
CB-FISI-146,LOCO,LOCO,FISI,Fisiologia,Contração muscular,Acoplamento excitação-contração,"Compreender o acoplamento excitação-contração (cálcio, actina e miosina) no músculo.",contracao muscular | calcio | actina e miosina | reticulo sarcoplasmatico,intermediaria,False,,NAO_DECLARADA,False,NAO_DECLARADO,PENDENTE_VALIDACAO_SEMANTICA,LEGADO_NAO_AUDITADO
CB-FISI-147,TEG,TEG,FISI,Fisiologia,Termorregulação,Papel da pele,"Compreender o papel da pele na termorregulação (vasodilatação, suor, vasoconstrição).",termorregulacao | vasodilatacao | suor | vasoconstricao,intermediaria,False,,NAO_DECLARADA,False,NAO_DECLARADO,PENDENTE_VALIDACAO_SEMANTICA,LEGADO_NAO_AUDITADO
CB-FISI-148,RENAL,RENAL,FISI,Fisiologia,Regulação hidroeletrolítica,ADH e água,Compreender o papel do ADH na regulação da água e na concentração da urina.,ADH | vasopressina | reabsorcao de agua | osmolaridade,intermediaria,False,,NAO_DECLARADA,False,NAO_DECLARADO,PENDENTE_VALIDACAO_SEMANTICA,LEGADO_NAO_AUDITADO
CB-FISI-149,RESP,RESP,FISI,Fisiologia,Transporte de gases,Curva da hemoglobina,"Compreender como CO2, pH e temperatura ajustam a liberação de O2 pela hemoglobina (curva de dissociação).",hemoglobina | curva de dissociacao | efeito Bohr | transporte de oxigenio,intermediaria,True,,NAO_DECLARADA,False,NAO_DECLARADO,PENDENTE_VALIDACAO_SEMANTICA,LEGADO_NAO_AUDITADO
CB-FISI-150,HEMATO,HEMATO,FISI,Fisiologia,Hemostasia,Hemostasia primária,"Compreender a hemostasia primária (adesão, ativação e agregação plaquetária) e o tampão.",hemostasia | plaquetas | tampao plaquetario | coagulacao,intermediaria,False,,NAO_DECLARADA,False,NAO_DECLARADO,PENDENTE_VALIDACAO_SEMANTICA,LEGADO_NAO_AUDITADO
CB-FISI-151,ENDO,ENDO,FISI,Fisiologia,Regulação da glicemia,Insulina e glucagon,Compreender o controle da glicemia pela insulina e pelo glucagon (efeitos opostos).,insulina | glucagon | glicemia | pancreas,intermediaria,True,,NAO_DECLARADA,False,NAO_DECLARADO,PENDENTE_VALIDACAO_SEMANTICA,LEGADO_NAO_AUDITADO
CB-FISI-152,REPRO,REPRO,FISI,Fisiologia,Ciclo menstrual,Fases do ciclo,Compreender as fases do ciclo menstrual e os hormônios que as coordenam.,ciclo menstrual | ovulacao | fase folicular | fase lutea,intermediaria,False,,NAO_DECLARADA,False,NAO_DECLARADO,PENDENTE_VALIDACAO_SEMANTICA,LEGADO_NAO_AUDITADO
CB-FISI-153,CARDIO,CARDIO,FISI,Fisiologia,Hemodinâmica,Retorno venoso,"Compreender o retorno venoso, seus determinantes e a relação com a pré-carga.",retorno venoso | pre-carga | Frank-Starling | hemodinamica,intermediaria,False,,NAO_DECLARADA,False,NAO_DECLARADO,PENDENTE_VALIDACAO_SEMANTICA,LEGADO_NAO_AUDITADO
CB-FISI-154,RENAL,RENAL,FISI,Fisiologia,Função renal,Filtração glomerular,Compreender a taxa de filtração glomerular e sua estimativa pela creatinina.,taxa de filtracao glomerular | TFG | creatinina | funcao renal,intermediaria,False,,NAO_DECLARADA,False,NAO_DECLARADO,PENDENTE_VALIDACAO_SEMANTICA,LEGADO_NAO_AUDITADO
CB-FISI-155,LOCO,LOCO,FISI,Fisiologia,Fisiologia muscular,Acoplamento excitação-contração,"Compreender o acoplamento excitação-contração (impulso, cálcio, deslizamento dos filamentos).",contracao muscular | acoplamento excitacao-contracao | calcio | actina e miosina,intermediaria,True,,NAO_DECLARADA,False,NAO_DECLARADO,PENDENTE_VALIDACAO_SEMANTICA,LEGADO_NAO_AUDITADO
CB-FISI-156,NERV,NERV,FISI,Fisiologia,Neurofisiologia,Sinapse,"Compreender a transmissão sináptica química (neurotransmissores, fenda, receptores).",sinapse | neurotransmissores | fenda sinaptica | receptores,intermediaria,True,,NAO_DECLARADA,False,NAO_DECLARADO,PENDENTE_VALIDACAO_SEMANTICA,LEGADO_NAO_AUDITADO
CB-FISI-157,RESP,RESP,FISI,Fisiologia,Controle respiratório,Centros e CO2,Compreender o controle automático da respiração e o papel regulador do CO2.,controle da respiracao | centros respiratorios | gas carbonico | ventilacao,intermediaria,False,,NAO_DECLARADA,False,NAO_DECLARADO,PENDENTE_VALIDACAO_SEMANTICA,LEGADO_NAO_AUDITADO
CB-FISI-158,LOCO,LOCO,FISI,Fisiologia,Fisiologia muscular,Tipos de fibra e fadiga,Compreender os tipos de fibra muscular e sua relação com fadiga e metabolismo.,fibras musculares | fadiga | metabolismo aerobico e anaerobico | tipos de fibra,intermediaria,False,,NAO_DECLARADA,False,NAO_DECLARADO,PENDENTE_VALIDACAO_SEMANTICA,LEGADO_NAO_AUDITADO
CB-FISI-159,ENDO,ENDO,FISI,Fisiologia,Eixos hormonais,Feedback negativo,Compreender o eixo hormonal e o feedback negativo que o autorregula.,eixo hormonal | hipotalamo | hipofise | feedback negativo,intermediaria,False,,NAO_DECLARADA,False,NAO_DECLARADO,PENDENTE_VALIDACAO_SEMANTICA,LEGADO_NAO_AUDITADO
CB-FISI-160,RESP,RESP,FISI,Fisiologia,Troca gasosa,Difusão alveolar,Compreender a difusão alveolar e o que a torna eficiente.,difusao | troca gasosa | membrana alveolo-capilar | alveolos,intermediaria,True,,NAO_DECLARADA,False,NAO_DECLARADO,PENDENTE_VALIDACAO_SEMANTICA,LEGADO_NAO_AUDITADO
CB-FISI-161,REPRO,REPRO,FISI,Fisiologia,Gestação,Função da placenta,Compreender as funções da placenta na gestação.,placenta | gestacao | trocas materno-fetais | hormonios da gravidez,intermediaria,False,,NAO_DECLARADA,False,NAO_DECLARADO,PENDENTE_VALIDACAO_SEMANTICA,LEGADO_NAO_AUDITADO
CB-FISI-162,RENAL,RENAL,FISI,Fisiologia,Regulação hidroeletrolítica,Potássio,Compreender a importância do potássio e seu controle renal e hormonal.,potassio | excitabilidade | arritmia | aldosterona,intermediaria,False,,NAO_DECLARADA,False,NAO_DECLARADO,PENDENTE_VALIDACAO_SEMANTICA,LEGADO_NAO_AUDITADO
CB-GENE-001,HEMATO,HEMATO,GENE,Genética,Herança ligada ao X,Hemofilia A,"Hemofilia A é recessiva ligada ao X: mãe portadora gera, em média, 50% dos filhos homens afetados e 50% das filhas portadoras.",herança ligada ao X | recessiva | hemofilia | portadora | heredograma,intermediaria,False,,True,False,draft,PENDENTE_VALIDACAO_SEMANTICA,LEGADO_NAO_AUDITADO
CB-GENE-002,REPRO,REPRO,GENE,Genética,Heranca mendeliana,Autossomica recessiva,"Aa x Aa: 25% afetados (aa), 50% portadores (Aa), 25% normais (AA). Recessiva exige dois alelos mutados.",autossomica recessiva | portador | fibrose cistica | quadro de Punnett | heterozigoto,avancada,False,,True,True,draft,PENDENTE_VALIDACAO_SEMANTICA,LEGADO_NAO_AUDITADO
CB-GENE-003,NERV,NERV,GENE,Genética,Alteracoes cromossomicas,Nao disjuncao e trissomia 21,"Trissomia 21 (Down) resulta, em geral, de nao disjuncao meiotica do cromossomo 21.",nao disjuncao | trissomia 21 | sindrome de Down | aneuploidia | meiose,intermediaria,False,,True,False,draft,PENDENTE_VALIDACAO_SEMANTICA,LEGADO_NAO_AUDITADO
CB-GENE-004,CARDIO,CARDIO,GENE,Genética,Heranca autossomica dominante,Hipercolesterolemia familiar,Autossomica dominante: Aa (afetado) x aa (normal) da 50% de filhos afetados; basta um alelo mutado.,autossomica dominante | heterozigoto | hipercolesterolemia familiar | quadro de Punnett | heranca,intermediaria,False,,True,True,draft,PENDENTE_VALIDACAO_SEMANTICA,LEGADO_NAO_AUDITADO
CB-GENE-005,HEMATO,HEMATO,GENE,Genética,Anemia falciforme,Vantagem do heterozigoto,"Falciforme e recessiva; o traco (heterozigoto) protege contra malaria grave, mantendo o alelo na populacao.",anemia falciforme | recessiva | traco falciforme | malaria | selecao balanceada,intermediaria,True,GENE | PATO,True,False,draft,PENDENTE_VALIDACAO_SEMANTICA,LEGADO_NAO_AUDITADO
CB-GENE-006,REPRO,REPRO,GENE,Genética,Heranca ligada ao X,Recessiva ligada ao X,Recessiva ligada ao X: homens (um X) afetados; mulheres portadoras protegidas pelo segundo X (ex.: hemofilia).,heranca ligada ao X | recessiva | hemofilia | portadora | cromossomo X,intermediaria,False,,True,False,draft,PENDENTE_VALIDACAO_SEMANTICA,LEGADO_NAO_AUDITADO
CB-GENE-007,ENDO,ENDO,GENE,Genética,Heranca multifatorial,Diabetes tipo 2,Multifatorial: varios genes + ambiente determinam o risco (ex.: diabetes tipo 2); nao e mendeliana simples.,heranca multifatorial | diabetes tipo 2 | genes | ambiente | predisposicao,intermediaria,False,,True,False,draft,PENDENTE_VALIDACAO_SEMANTICA,LEGADO_NAO_AUDITADO
CB-GENE-008,NERV,NERV,GENE,Genética,Heranca mitocondrial,Transmissao materna,Heranca mitocondrial: transmitida so pela mae (DNA mitocondrial vem do ovulo); homens afetados nao transmitem.,heranca mitocondrial | DNA mitocondrial | transmissao materna | ovulo | mutacao,intermediaria,False,,True,False,draft,PENDENTE_VALIDACAO_SEMANTICA,LEGADO_NAO_AUDITADO
CB-GENE-009,RESP,RESP,GENE,Genética,Herança autossômica recessiva,Fibrose cística,Autossômica recessiva: dois portadores sadios (Aa) têm 25% de chance de filho afetado (aa) por gestação.,autossomica recessiva | portador | fibrose cistica | heredograma | consanguinidade,intermediaria,True,GENE | FISI,False,True,draft,PENDENTE_VALIDACAO_SEMANTICA,LEGADO_NAO_AUDITADO
CB-GENE-010,Hematopoético,HEMATO,GENE,Genética,Herança mendeliana,Autossômica recessiva,Reconhecer a herança autossômica recessiva pelo quadro de pais portadores sadios e risco de 25%.,autossomica recessiva | portador | heredograma | risco de recorrencia,intermediaria,False,,NAO_DECLARADA,False,NAO_DECLARADO,PENDENTE_VALIDACAO_SEMANTICA,LEGADO_NAO_AUDITADO
CB-GENE-011,Hematopoético,HEMATO,GENE,Genética,Herança ligada ao X,Recessiva ligada ao X,Reconhecer a herança recessiva ligada ao X pelo predomínio em homens e transmissão materna.,ligada ao X | recessiva | portadora | hemofilia,intermediaria,False,,NAO_DECLARADA,False,NAO_DECLARADO,PENDENTE_VALIDACAO_SEMANTICA,LEGADO_NAO_AUDITADO
CB-GENE-012,Nervoso,NERV,GENE,Genética,Alterações cromossômicas,Trissomia (não disjunção),Relacionar a não disjunção meiótica à origem das trissomias como alteração numérica.,nao disjuncao | trissomia | aneuploidia | meiose,intermediaria,False,,NAO_DECLARADA,False,NAO_DECLARADO,PENDENTE_VALIDACAO_SEMANTICA,LEGADO_NAO_AUDITADO
CB-GENE-013,Imunológico,IMUNO,GENE,Genética,Genética de populações,Heterozigoto e vantagem seletiva,Compreender a vantagem do heterozigoto como explicação para a persistência de alelos deletérios.,vantagem do heterozigoto | anemia falciforme | malaria | selecao balanceadora,avancada,True,,NAO_DECLARADA,False,NAO_DECLARADO,PENDENTE_VALIDACAO_SEMANTICA,LEGADO_NAO_AUDITADO
CB-GENE-014,Cardiovascular,CARDIO,GENE,Genética,Herança mendeliana,Autossômica dominante,Reconhecer a herança autossômica dominante pela transmissão vertical contínua em ambos os sexos.,autossomica dominante | heredograma | transmissao vertical | padrao de heranca,intermediaria,False,,NAO_DECLARADA,False,NAO_DECLARADO,PENDENTE_VALIDACAO_SEMANTICA,LEGADO_NAO_AUDITADO
CB-GENE-015,HEMATO,HEMATO,GENE,Genética,Mutações,Tipos de mutação de ponto,Diferenciar mutação sem sentido (nonsense) das demais pela geração de proteína truncada.,mutacao sem sentido | nonsense | codon de parada | proteina truncada,avancada,False,,NAO_DECLARADA,False,NAO_DECLARADO,PENDENTE_VALIDACAO_SEMANTICA,LEGADO_NAO_AUDITADO
CB-GENE-016,HEMATO,HEMATO,GENE,Genética,Padrões de herança,Herança recessiva ligada ao X,Explicar o predomínio em homens na herança recessiva ligada ao X pela lógica cromossômica.,heranca ligada ao X | recessiva | portadora | hemofilia,avancada,False,,NAO_DECLARADA,False,NAO_DECLARADO,PENDENTE_VALIDACAO_SEMANTICA,LEGADO_NAO_AUDITADO
CB-GENE-017,NERV,NERV,GENE,Genética,Alterações cromossômicas,Trissomia do 21,Reconhecer a trissomia do 21 e a não disjunção como mecanismo da síndrome de Down.,trissomia 21 | sindrome de down | nao disjuncao | aneuploidia,intermediaria,False,,NAO_DECLARADA,False,NAO_DECLARADO,PENDENTE_VALIDACAO_SEMANTICA,LEGADO_NAO_AUDITADO
CB-GENE-018,HEMATO,HEMATO,GENE,Genética,Herança mendeliana,Dominante x recessivo,Distinguir dominante (uma cópia) de recessivo (dose dupla) e genótipo de fenótipo.,dominante | recessivo | heterozigoto | genotipo fenotipo,intermediaria,False,,NAO_DECLARADA,False,NAO_DECLARADO,PENDENTE_VALIDACAO_SEMANTICA,LEGADO_NAO_AUDITADO
CB-GENE-019,NERV,NERV,GENE,Genética,Expressão gênica,Penetrância e expressividade,Distinguir penetrância (proporção que manifesta) de expressividade (intensidade).,penetrancia | expressividade | genotipo fenotipo | penetrancia incompleta,avancada,False,,NAO_DECLARADA,False,NAO_DECLARADO,PENDENTE_VALIDACAO_SEMANTICA,LEGADO_NAO_AUDITADO
CB-GENE-020,REPRO,REPRO,GENE,Genética,Citogenética,Cariótipo e sua utilidade,Reconhecer o cariótipo e o que ele detecta (número e estrutura dos cromossomos).,cariotipo | aneuploidia | citogenetica | cromossomos,intermediaria,False,,NAO_DECLARADA,False,NAO_DECLARADO,PENDENTE_VALIDACAO_SEMANTICA,LEGADO_NAO_AUDITADO
CB-GENE-021,ENDO,ENDO,GENE,Genética,Regulação gênica,Epigenética,Compreender a epigenética como regulação da expressão gênica sem alterar a sequência do DNA.,epigenetica | metilacao | histonas | expressao genica,avancada,True,,NAO_DECLARADA,False,NAO_DECLARADO,PENDENTE_VALIDACAO_SEMANTICA,LEGADO_NAO_AUDITADO
CB-GENE-022,HEMATO,HEMATO,GENE,Genética,Herança ligada ao sexo,Herança recessiva ligada ao X,"Explicar por que homens são mais afetados na herança recessiva ligada ao X (um só X, sem compensação).",heranca ligada ao X | recessivo | hemofilia | portadora,avancada,False,,NAO_DECLARADA,False,NAO_DECLARADO,PENDENTE_VALIDACAO_SEMANTICA,LEGADO_NAO_AUDITADO
CB-GENE-023,ENDO,ENDO,GENE,Genética,Genética mendeliana,Heterozigoto e portador,Reconhecer o heterozigoto (portador) na herança autossômica recessiva.,heterozigoto | portador | autossomica recessiva | aconselhamento genetico,intermediaria,False,,NAO_DECLARADA,False,NAO_DECLARADO,PENDENTE_VALIDACAO_SEMANTICA,LEGADO_NAO_AUDITADO
CB-GENE-024,REPRO,REPRO,GENE,Genética,Alterações cromossômicas,Aneuploidias (síndrome de Down),Reconhecer a síndrome de Down como trissomia do 21 e o conceito de aneuploidia.,trissomia do 21 | sindrome de down | aneuploidia | nao disjuncao,intermediaria,False,,NAO_DECLARADA,False,NAO_DECLARADO,PENDENTE_VALIDACAO_SEMANTICA,LEGADO_NAO_AUDITADO
CB-GENE-025,NERV,NERV,GENE,Genética,Padrões de herança,Herança dominante x recessiva,Distinguir alelo dominante (manifesta em cópia única) de recessivo (só em cópia dupla).,alelo dominante | alelo recessivo | heterozigoto | heranca mendeliana,intermediaria,False,,NAO_DECLARADA,False,NAO_DECLARADO,PENDENTE_VALIDACAO_SEMANTICA,LEGADO_NAO_AUDITADO
CB-GENE-026,LOCO,LOCO,GENE,Genética,Mutações,Expansão de repetições e antecipação,Compreender a antecipação pela expansão instável de repetições de nucleotídeos entre gerações.,expansao de repeticoes | antecipacao | distrofia miotonica | trinucleotideos,avancada,False,,NAO_DECLARADA,False,NAO_DECLARADO,PENDENTE_VALIDACAO_SEMANTICA,LEGADO_NAO_AUDITADO
CB-GENE-027,HEMATO,HEMATO,GENE,Genética,Padrões de herança,Codominância (sistema ABO),Reconhecer a codominância no sistema ABO e distingui-la de outros padrões de herança.,codominancia | sistema ABO | alelos | heranca,intermediaria,True,,NAO_DECLARADA,False,NAO_DECLARADO,PENDENTE_VALIDACAO_SEMANTICA,LEGADO_NAO_AUDITADO
CB-GENE-028,HEMATO,HEMATO,GENE,Genética,Padrões de herança,Herança ligada ao X recessiva,Compreender a herança ligada ao X recessiva (mais afetados os homens; mulheres portadoras) com o exemplo da hemofilia.,heranca ligada ao X | recessiva | hemofilia | portadora,intermediaria,True,,NAO_DECLARADA,False,NAO_DECLARADO,PENDENTE_VALIDACAO_SEMANTICA,LEGADO_NAO_AUDITADO
CB-GENE-029,RENAL,RENAL,GENE,Genética,Doenças genéticas,Doença renal policística,Compreender a doença renal policística como herança autossômica dominante que lesa os rins.,doenca renal policistica | autossomica dominante | cistos | rim,intermediaria,True,,NAO_DECLARADA,False,NAO_DECLARADO,PENDENTE_VALIDACAO_SEMANTICA,LEGADO_NAO_AUDITADO
CB-GENE-030,HEMATO,HEMATO,GENE,Genética,Doenças genéticas,Anemia falciforme,"Compreender o mecanismo da anemia falciforme (mutação pontual, Hb S, falcização) e sua herança.",anemia falciforme | hemoglobina S | mutacao pontual | autossomica recessiva,avancada,True,,NAO_DECLARADA,False,NAO_DECLARADO,PENDENTE_VALIDACAO_SEMANTICA,LEGADO_NAO_AUDITADO
CB-GENE-031,HEMATO,HEMATO,GENE,Genética,Padrões de herança,Herança ligada ao X,Compreender a herança recessiva ligada ao X na hemofilia e a predominância masculina.,hemofilia | ligada ao X | recessiva | portadora,avancada,True,,NAO_DECLARADA,False,NAO_DECLARADO,PENDENTE_VALIDACAO_SEMANTICA,LEGADO_NAO_AUDITADO
CB-GENE-032,HEMATO,HEMATO,GENE,Genética,Hemoglobinopatias,Talassemia,Compreender a talassemia como redução genética de uma cadeia da hemoglobina e diferenciá-la da anemia ferropriva.,talassemia | hemoglobina | cadeias de globina | anemia,avancada,True,,NAO_DECLARADA,False,NAO_DECLARADO,PENDENTE_VALIDACAO_SEMANTICA,LEGADO_NAO_AUDITADO
CB-GENE-033,REPRO,REPRO,GENE,Genética,Alterações cromossômicas,Trissomia 21,Compreender a trissomia do 21 e a não disjunção na origem da síndrome de Down.,sindrome de down | trissomia 21 | nao disjuncao | aneuploidia,avancada,True,,NAO_DECLARADA,False,NAO_DECLARADO,PENDENTE_VALIDACAO_SEMANTICA,LEGADO_NAO_AUDITADO
CB-GENE-034,NERV,NERV,GENE,Genética,Herança,Doença de Huntington,Compreender a herança autossômica dominante e a expansão de repetições na doença de Huntington.,huntington | autossomica dominante | expansao de repeticoes | neurodegeneracao,avancada,True,,NAO_DECLARADA,False,NAO_DECLARADO,PENDENTE_VALIDACAO_SEMANTICA,LEGADO_NAO_AUDITADO
CB-GENE-035,HEMATO,HEMATO,GENE,Genética,Herança,Anemia falciforme,Compreender a base genética e molecular da anemia falciforme e suas consequências.,anemia falciforme | hemoglobina S | mutacao de ponto | heranca recessiva,avancada,True,,NAO_DECLARADA,False,NAO_DECLARADO,PENDENTE_VALIDACAO_SEMANTICA,LEGADO_NAO_AUDITADO
CB-GENE-036,RESP,RESP,GENE,Genética,Herança,Fibrose cística,Compreender a base genética e molecular da fibrose cística e seus sintomas.,fibrose cistica | canal de cloro | muco espesso | heranca recessiva,avancada,True,,NAO_DECLARADA,False,NAO_DECLARADO,PENDENTE_VALIDACAO_SEMANTICA,LEGADO_NAO_AUDITADO
CB-GENE-037,TEG,TEG,GENE,Genética,Herança,Albinismo,Compreender a base genética e bioquímica do albinismo e seus sinais.,albinismo | melanina | enzima | heranca recessiva,avancada,True,,NAO_DECLARADA,False,NAO_DECLARADO,PENDENTE_VALIDACAO_SEMANTICA,LEGADO_NAO_AUDITADO
CB-HIST-001,TEG,TEG,HIST,Histologia,Epiderme,Barreira cutânea,A barreira da pele é o estrato córneo: células mortas ricas em queratina cimentadas por lipídios intercelulares.,estrato córneo | queratinócito | queratina | barreira cutânea | lipídios intercelulares,intermediaria,False,,False,False,draft,PENDENTE_VALIDACAO_SEMANTICA,LEGADO_NAO_AUDITADO
CB-HIST-002,RENAL,RENAL,HIST,Histologia,Corpúsculo renal,Barreira de filtração glomerular,"Barreira glomerular: endotélio fenestrado, membrana basal e podócitos filtram por tamanho e por carga, retendo a albumina.",barreira de filtração | podócito | membrana basal glomerular | endotélio fenestrado | albumina,intermediaria,False,,False,False,draft,PENDENTE_VALIDACAO_SEMANTICA,LEGADO_NAO_AUDITADO
CB-HIST-003,DIG,DIG,HIST,Histologia,Parede do tubo digestivo,Camadas concêntricas,"Da luz para fora: mucosa, submucosa, muscular própria e serosa/adventícia.",mucosa | submucosa | muscular própria | serosa | tubo digestivo,basica,False,,False,False,draft,PENDENTE_VALIDACAO_SEMANTICA,LEGADO_NAO_AUDITADO
CB-HIST-004,ENDO,ENDO,HIST,Histologia,Pâncreas endócrino,Ilhotas de Langerhans,Ilhotas de Langerhans: células beta produzem insulina e células alfa produzem glucagon (pâncreas endócrino).,ilhotas de Langerhans | célula beta | insulina | célula alfa | glucagon,intermediaria,True,HIST | FISI,False,True,draft,PENDENTE_VALIDACAO_SEMANTICA,LEGADO_NAO_AUDITADO
CB-HIST-005,REPRO,REPRO,HIST,Histologia,Testículo,Células de Sertoli e Leydig,"Sertoli, nos túbulos seminíferos, dão suporte à espermatogênese; Leydig, no interstício, produzem testosterona.",célula de Sertoli | célula de Leydig | túbulo seminífero | testosterona | espermatogênese,intermediaria,True,HIST | FISI,False,True,draft,PENDENTE_VALIDACAO_SEMANTICA,LEGADO_NAO_AUDITADO
CB-HIST-006,CARDIO,CARDIO,HIST,Histologia,Tecido muscular,Musculo cardiaco,"Musculo cardiaco: estriado, celulas ramificadas com nucleo central e discos intercalares (desmossomos + gap junctions) para contracao coordenada.",musculo cardiaco | disco intercalar | cardiomiocito | gap junction | estriado,intermediaria,False,,False,True,draft,PENDENTE_VALIDACAO_SEMANTICA,LEGADO_NAO_AUDITADO
CB-HIST-007,CARDIO,CARDIO,HIST,Histologia,Vasos,Camadas da parede vascular,"Parede vascular, da luz para fora: intima (endotelio), media (musculo liso), adventicia (conjuntivo).",tunica intima | tunica media | tunica adventicia | endotelio | parede vascular,basica,False,,False,False,draft,PENDENTE_VALIDACAO_SEMANTICA,LEGADO_NAO_AUDITADO
CB-HIST-008,DIG,DIG,HIST,Histologia,Epitelios,Classificacao,"Epitelio simples: uma camada (trocas); estratificado: varias camadas (protecao), como a epiderme.",epitelio simples | epitelio estratificado | pavimentoso | epiderme | revestimento,basica,False,,False,False,draft,PENDENTE_VALIDACAO_SEMANTICA,LEGADO_NAO_AUDITADO
CB-HIST-009,RESP,RESP,HIST,Histologia,Epitelio respiratorio,Mucociliar,Vias aereas: epitelio pseudoestratificado ciliado com celulas caliciformes (limpeza mucociliar); o fumo o lesa.,epitelio pseudoestratificado | cilios | celulas caliciformes | mucociliar | tabagismo,basica,False,,True,True,draft,PENDENTE_VALIDACAO_SEMANTICA,LEGADO_NAO_AUDITADO
CB-HIST-010,LOCO,LOCO,HIST,Histologia,Tecido osseo,Celulas osseas,Osteoblasto forma matriz; osteoclasto reabsorve; osteocito mantem o osso.,osteoblasto | osteoclasto | osteocito | remodelacao ossea | matriz,basica,False,,False,False,draft,PENDENTE_VALIDACAO_SEMANTICA,LEGADO_NAO_AUDITADO
CB-HIST-011,NERV,NERV,HIST,Histologia,Tecido nervoso,Neuronio,"Dendritos recebem, o corpo celular integra e o axonio conduz o impulso; a neuroglia da suporte.",neuronio | dendrito | axonio | neuroglia | sinapse,basica,False,,False,True,draft,PENDENTE_VALIDACAO_SEMANTICA,LEGADO_NAO_AUDITADO
CB-HIST-012,ENDO,ENDO,HIST,Histologia,Tireoide,Foliculos tireoidianos,"Tireoide: foliculos com celulas foliculares em torno de coloide, que armazena a tireoglobulina (T3/T4).",tireoide | foliculo | coloide | celula folicular | tireoglobulina,basica,False,,False,True,draft,PENDENTE_VALIDACAO_SEMANTICA,LEGADO_NAO_AUDITADO
CB-HIST-013,LOCO,LOCO,HIST,Histologia,Cartilagem,Tipos de cartilagem,"Cartilagem: hialina (articulacoes), elastica (orelha), fibrosa (discos intervertebrais).",cartilagem hialina | cartilagem elastica | fibrocartilagem | disco intervertebral | tecido conjuntivo,basica,False,,False,False,draft,PENDENTE_VALIDACAO_SEMANTICA,LEGADO_NAO_AUDITADO
CB-HIST-014,HEMATO,HEMATO,HIST,Histologia,Sangue,Elementos figurados,"Sangue: hemacias (oxigenio), leucocitos (defesa), plaquetas (coagulacao).",hemacias | leucocitos | plaquetas | hemoglobina | hematopoiese,basica,False,,False,True,draft,PENDENTE_VALIDACAO_SEMANTICA,LEGADO_NAO_AUDITADO
CB-HIST-015,REPRO,REPRO,HIST,Histologia,Testiculo,Tubulos seminiferos,Testiculo: Sertoli (tubulos) apoiam a espermatogenese; Leydig (interstício) produzem testosterona.,celulas de Sertoli | celulas de Leydig | tubulos seminiferos | testosterona | espermatogenese,basica,False,,False,False,draft,PENDENTE_VALIDACAO_SEMANTICA,LEGADO_NAO_AUDITADO
CB-HIST-016,DIG,DIG,HIST,Histologia,Figado,Lobulo hepatico,Lobulo hepatico: cordoes de hepatocitos em torno da veia central; sinusoides levam sangue dos espacos porta ao centro.,lobulo hepatico | hepatocito | veia central | sinusoide | espaco porta,basica,False,,False,True,draft,PENDENTE_VALIDACAO_SEMANTICA,LEGADO_NAO_AUDITADO
CB-HIST-017,RENAL,RENAL,HIST,Histologia,Epitélios,Epitélio de transição,"As vias urinárias têm epitélio de transição (urotélio), que se distende conforme o enchimento.",epitelio de transicao | urotelio | bexiga | distensao | estrutura-funcao,basica,False,,False,False,draft,PENDENTE_VALIDACAO_SEMANTICA,LEGADO_NAO_AUDITADO
CB-HIST-018,CARDIO,CARDIO,HIST,Histologia,Parede vascular,Túnicas dos vasos,"Parede vascular: íntima, média (músculo liso) e adventícia; a média é mais espessa nas artérias.",tunica intima | tunica media | adventicia | arteria | veia,basica,False,,False,True,draft,PENDENTE_VALIDACAO_SEMANTICA,LEGADO_NAO_AUDITADO
CB-HIST-019,LOCO,LOCO,HIST,Histologia,Tecido muscular,Tipos de músculo,"Esquelético (estriado, voluntário), cardíaco (estriado, involuntário, discos intercalares) e liso (não estriado, involuntário).",tecido muscular | esqueletico | cardiaco | liso | discos intercalares,basica,False,,False,True,draft,PENDENTE_VALIDACAO_SEMANTICA,LEGADO_NAO_AUDITADO
CB-HIST-020,ENDO,ENDO,HIST,Histologia,Glândulas,Exócrina versus endócrina,Exócrina: secreção por ductos. Endócrina: hormônios direto no sangue (sem ductos).,glandula exocrina | glandula endocrina | ducto | hormonio | secrecao,basica,False,,False,False,draft,PENDENTE_VALIDACAO_SEMANTICA,LEGADO_NAO_AUDITADO
CB-HIST-021,LOCO,LOCO,HIST,Histologia,Tecido conjuntivo,Fibras e matriz,"Tecido conjuntivo: células dispersas em matriz extracelular abundante, com fibras (colágeno, elásticas, reticulares).",tecido conjuntivo | matriz extracelular | colageno | fibroblasto | fibras,basica,False,,False,True,draft,PENDENTE_VALIDACAO_SEMANTICA,LEGADO_NAO_AUDITADO
CB-HIST-022,RENAL,RENAL,HIST,Histologia,Rim,Néfron,Néfron: corpúsculo renal (glomérulo + cápsula de Bowman) e um sistema de túbulos que processam o filtrado em urina.,nefron | glomerulo | capsula de Bowman | tubulos | corpusculo renal,basica,False,,False,True,draft,PENDENTE_VALIDACAO_SEMANTICA,LEGADO_NAO_AUDITADO
CB-HIST-023,REPRO,REPRO,HIST,Histologia,Endométrio,Ciclo endometrial,"Endométrio: fase proliferativa (estrogênio, crescimento) e fase secretora (progesterona, preparo para implantação).",endometrio | fase proliferativa | fase secretora | estrogenio | progesterona,intermediaria,False,,False,False,draft,PENDENTE_VALIDACAO_SEMANTICA,LEGADO_NAO_AUDITADO
CB-HIST-025,DIG,DIG,HIST,Histologia,Intestino delgado,Vilosidades,Vilosidades (e microvilosidades) do intestino delgado ampliam a superfície de absorção de nutrientes.,vilosidades | microvilosidades | intestino delgado | absorcao | enterocito,basica,False,,False,True,draft,PENDENTE_VALIDACAO_SEMANTICA,LEGADO_NAO_AUDITADO
CB-HIST-026,REPRO,REPRO,HIST,Histologia,Ovário,Folículos ovarianos,Ovário: folículos ovarianos contêm o ovócito com células de suporte e evoluem no ciclo (primordial a maduro/de Graaf).,foliculo ovariano | ovocito | granulosa | ovario | de Graaf,basica,False,,False,True,draft,PENDENTE_VALIDACAO_SEMANTICA,LEGADO_NAO_AUDITADO
CB-HIST-027,IMUNO,IMUNO,HIST,Histologia,Linfonodo,Organização histológica,"Linfonodo: córtex (folículos de linfócitos B), paracórtex (linfócitos T) e medula; a linfa entra e é filtrada.",linfonodo | cortex | paracortex | folivulo linfoide | linfocitos,basica,True,HIST | IMUN,False,False,draft,PENDENTE_VALIDACAO_SEMANTICA,LEGADO_NAO_AUDITADO
CB-HIST-028,LOCO,LOCO,HIST,Histologia,Tecido ósseo,Osso compacto e esponjoso,"Osso compacto: denso, com ósteons (resiste à carga). Osso esponjoso: trabéculas porosas, mais leve, com medula.",osso compacto | osso esponjoso | osteon | trabecula | canal de Havers,basica,False,,False,False,draft,PENDENTE_VALIDACAO_SEMANTICA,LEGADO_NAO_AUDITADO
CB-HIST-029,Respiratório,RESP,HIST,Histologia,Epitélios,Relação estrutura-função,Relacionar o epitélio pavimentoso simples do alvéolo à eficiência da difusão gasosa.,epitelio pavimentoso simples | alveolo | difusao | pneumocito,intermediaria,True,,NAO_DECLARADA,False,NAO_DECLARADO,PENDENTE_VALIDACAO_SEMANTICA,LEGADO_NAO_AUDITADO
CB-HIST-030,Locomotor,LOCO,HIST,Histologia,Tecidos de suporte,Osso e remodelação,Identificar o osteócito como célula sensora aprisionada na matriz e seu papel na manutenção óssea.,osteocito | matriz ossea | lacuna | remodelacao ossea,intermediaria,False,,NAO_DECLARADA,False,NAO_DECLARADO,PENDENTE_VALIDACAO_SEMANTICA,LEGADO_NAO_AUDITADO
CB-HIST-031,Tegumentar,TEG,HIST,Histologia,Tecido conjuntivo,Fibras do conjuntivo,Relacionar fibras colágenas (resistência) e elásticas (elasticidade) às propriedades da pele.,fibras colagenas | fibras elasticas | tecido conjuntivo | elastina,intermediaria,False,,NAO_DECLARADA,False,NAO_DECLARADO,PENDENTE_VALIDACAO_SEMANTICA,LEGADO_NAO_AUDITADO
CB-HIST-032,Endócrino,ENDO,HIST,Histologia,Epitélio glandular,Glândulas endócrinas e exócrinas,"Diferenciar glândulas exócrinas (com ducto, para superfície) de endócrinas (sem ducto, para o sangue).",glandula exocrina | glandula endocrina | ducto | hormonio,basica,False,,NAO_DECLARADA,False,NAO_DECLARADO,PENDENTE_VALIDACAO_SEMANTICA,LEGADO_NAO_AUDITADO
CB-HIST-033,Locomotor,LOCO,HIST,Histologia,Tecido muscular,Tipos de músculo,"Diferenciar os três tipos de músculo por estriação, núcleos e controle voluntário/involuntário.",musculo esqueletico | musculo cardiaco | musculo liso | discos intercalares,intermediaria,False,,NAO_DECLARADA,False,NAO_DECLARADO,PENDENTE_VALIDACAO_SEMANTICA,LEGADO_NAO_AUDITADO
CB-HIST-034,HEMATO,HEMATO,HIST,Histologia,Tecido sanguíneo,Células do sangue,"Associar hemácias, leucócitos e plaquetas às suas funções no sangue.",hemacias | leucocitos | plaquetas | tecido sanguineo,basica,False,,NAO_DECLARADA,False,NAO_DECLARADO,PENDENTE_VALIDACAO_SEMANTICA,LEGADO_NAO_AUDITADO
CB-HIST-035,DIG,DIG,HIST,Histologia,Organização dos órgãos,Camadas do tubo digestivo,Reconhecer as quatro camadas da parede do tubo digestivo na ordem correta.,camadas do tubo digestivo | mucosa | submucosa | muscular,intermediaria,False,,NAO_DECLARADA,False,NAO_DECLARADO,PENDENTE_VALIDACAO_SEMANTICA,LEGADO_NAO_AUDITADO
CB-HIST-036,RESP,RESP,HIST,Histologia,Tecido epitelial,Tipos de epitélio e função,Relacionar o tipo de epitélio à função (ciliado/muco nas vias aéreas; queratinizado na pele).,epitelio ciliado | epitelio estratificado | queratina | estrutura-funcao,intermediaria,True,,NAO_DECLARADA,False,NAO_DECLARADO,PENDENTE_VALIDACAO_SEMANTICA,LEGADO_NAO_AUDITADO
CB-HIST-037,LOCO,LOCO,HIST,Histologia,Tecido conjuntivo,Matriz extracelular e fibras,Associar fibras colágenas (resistência) e elásticas (elasticidade) à matriz do tecido conjuntivo.,fibras colagenas | fibras elasticas | matriz extracelular | tecido conjuntivo,intermediaria,False,,NAO_DECLARADA,False,NAO_DECLARADO,PENDENTE_VALIDACAO_SEMANTICA,LEGADO_NAO_AUDITADO
CB-HIST-038,LOCO,LOCO,HIST,Histologia,Tecido muscular,Tipos de músculo,Reconhecer os três tipos de músculo e suas características (estrias e controle).,musculo esqueletico | musculo cardiaco | musculo liso | tecido muscular,intermediaria,False,,NAO_DECLARADA,False,NAO_DECLARADO,PENDENTE_VALIDACAO_SEMANTICA,LEGADO_NAO_AUDITADO
CB-HIST-039,ENDO,ENDO,HIST,Histologia,Tecido epitelial,Glândulas exócrinas x endócrinas,"Classificar glândulas em exócrinas (com ducto) e endócrinas (sem ducto, no sangue).",glandula exocrina | glandula endocrina | ducto | hormonio,intermediaria,False,,NAO_DECLARADA,False,NAO_DECLARADO,PENDENTE_VALIDACAO_SEMANTICA,LEGADO_NAO_AUDITADO
CB-HIST-040,TEG,TEG,HIST,Histologia,Tecido adiposo,Funções do tecido adiposo,"Reconhecer as funções do tecido adiposo além da reserva de energia (isolamento, proteção, endócrina).",tecido adiposo | adipocito | leptina | funcao endocrina,basica,True,,NAO_DECLARADA,False,NAO_DECLARADO,PENDENTE_VALIDACAO_SEMANTICA,LEGADO_NAO_AUDITADO
CB-HIST-041,HEMATO,HEMATO,HIST,Histologia,Tecido sanguíneo,Elementos figurados do sangue,Reconhecer os três elementos figurados do sangue e suas funções.,hemacias | leucocitos | plaquetas | elementos figurados,basica,False,,NAO_DECLARADA,False,NAO_DECLARADO,PENDENTE_VALIDACAO_SEMANTICA,LEGADO_NAO_AUDITADO
CB-HIST-042,TEG,TEG,HIST,Histologia,Tegumento,Camadas da pele,"Reconhecer as camadas da pele: epiderme, derme e a hipoderme subjacente.",epiderme | derme | hipoderme | pele,basica,False,,NAO_DECLARADA,False,NAO_DECLARADO,PENDENTE_VALIDACAO_SEMANTICA,LEGADO_NAO_AUDITADO
CB-HIST-043,DIG,DIG,HIST,Histologia,Tecido epitelial,Tipos de epitélio (revestimento x glandular),Classificar os epitélios em revestimento e glandular e reconhecer suas funções.,epitelio de revestimento | epitelio glandular | glandulas | tecido epitelial,basica,False,,NAO_DECLARADA,False,NAO_DECLARADO,PENDENTE_VALIDACAO_SEMANTICA,LEGADO_NAO_AUDITADO
CB-HIST-044,NERV,NERV,HIST,Histologia,Tecido nervoso,Neurônio e células da glia,Reconhecer neurônios (condução) e células da glia (suporte) como os componentes do tecido nervoso.,neuronio | glia | neuroglia | tecido nervoso,basica,False,,NAO_DECLARADA,False,NAO_DECLARADO,PENDENTE_VALIDACAO_SEMANTICA,LEGADO_NAO_AUDITADO
CB-HIST-045,LOCO,LOCO,HIST,Histologia,Tecido conjuntivo,Componentes do tecido conjuntivo,Reconhecer a matriz extracelular (fibras + substância fundamental) como característica do tecido conjuntivo.,tecido conjuntivo | matriz extracelular | colageno | substancia fundamental,basica,False,,NAO_DECLARADA,False,NAO_DECLARADO,PENDENTE_VALIDACAO_SEMANTICA,LEGADO_NAO_AUDITADO
CB-HIST-046,CARDIO,CARDIO,HIST,Histologia,Tecido muscular,Discos intercalares (músculo cardíaco),Reconhecer os discos intercalares como estrutura exclusiva do músculo cardíaco e sua função de sincronização.,discos intercalares | musculo cardiaco | juncoes gap | cardiomiocitos,intermediaria,False,,NAO_DECLARADA,False,NAO_DECLARADO,PENDENTE_VALIDACAO_SEMANTICA,LEGADO_NAO_AUDITADO
CB-HIST-047,NERV,NERV,HIST,Histologia,Tecido nervoso,Mielinização (oligodendrócito x célula de Schwann),Saber qual célula da glia produz mielina no SNC (oligodendrócito) e no SNP (célula de Schwann).,mielina | oligodendrocito | celula de schwann | glia,intermediaria,False,,NAO_DECLARADA,False,NAO_DECLARADO,PENDENTE_VALIDACAO_SEMANTICA,LEGADO_NAO_AUDITADO
CB-HIST-048,ENDO,ENDO,HIST,Histologia,Glândula adrenal,Zonas do córtex adrenal,Associar cada zona do córtex adrenal ao seu hormônio e a medula às catecolaminas.,adrenal | zona glomerulosa | cortisol | aldosterona,intermediaria,False,,NAO_DECLARADA,False,NAO_DECLARADO,PENDENTE_VALIDACAO_SEMANTICA,LEGADO_NAO_AUDITADO
CB-HIST-049,RENAL,RENAL,HIST,Histologia,Néfron,Túbulo proximal x distal,"Reconhecer o túbulo proximal pela borda em escova e citoplasma acidófilo, ligando estrutura e função.",tubulo proximal | borda em escova | microvilosidades | nefron,intermediaria,False,,NAO_DECLARADA,False,NAO_DECLARADO,PENDENTE_VALIDACAO_SEMANTICA,LEGADO_NAO_AUDITADO
CB-HIST-050,REPRO,REPRO,HIST,Histologia,Glândula mamária,Estrutura e lactação,Reconhecer a mama como glândula exócrina tubuloalveolar com controle hormonal da secreção.,glandula mamaria | tubuloalveolar | prolactina | ocitocina,intermediaria,True,,NAO_DECLARADA,False,NAO_DECLARADO,PENDENTE_VALIDACAO_SEMANTICA,LEGADO_NAO_AUDITADO
CB-HIST-051,LOCO,LOCO,HIST,Histologia,Tecido ósseo,Ósteon (sistema de Havers),Reconhecer o ósteon (sistema de Havers) como unidade do osso compacto e sua organização.,osteon | sistema de havers | osteocitos | osso compacto,intermediaria,False,,NAO_DECLARADA,False,NAO_DECLARADO,PENDENTE_VALIDACAO_SEMANTICA,LEGADO_NAO_AUDITADO
CB-HIST-052,ENDO,ENDO,HIST,Histologia,Glândula tireoide,Folículos e coloide,Reconhecer o folículo tireoidiano com coloide e as células parafoliculares (C).,tireoide | foliculo | coloide | celulas parafoliculares,intermediaria,False,,NAO_DECLARADA,False,NAO_DECLARADO,PENDENTE_VALIDACAO_SEMANTICA,LEGADO_NAO_AUDITADO
CB-HIST-053,REPRO,REPRO,HIST,Histologia,Ovário,Folículos ovarianos,Reconhecer os folículos ovarianos e o corpo lúteo na histologia do ovário.,ovario | foliculos ovarianos | corpo luteo | progesterona,intermediaria,False,,NAO_DECLARADA,False,NAO_DECLARADO,PENDENTE_VALIDACAO_SEMANTICA,LEGADO_NAO_AUDITADO
CB-HIST-054,LOCO,LOCO,HIST,Histologia,Tecido muscular,"Estriado esquelético, liso e cardíaco","Distinguir os três tipos de músculo por estrutura, estrias e controle.",musculo esqueletico | musculo liso | musculo cardiaco | discos intercalares,intermediaria,False,,NAO_DECLARADA,False,NAO_DECLARADO,PENDENTE_VALIDACAO_SEMANTICA,LEGADO_NAO_AUDITADO
CB-HIST-055,TEG,TEG,HIST,Histologia,Pele,Epiderme e suas camadas,"Reconhecer a epiderme como epitélio estratificado queratinizado em renovação, com queratinócitos e melanócitos.",epiderme | queratinocitos | queratina | melanocitos,intermediaria,False,,NAO_DECLARADA,False,NAO_DECLARADO,PENDENTE_VALIDACAO_SEMANTICA,LEGADO_NAO_AUDITADO
CB-HIST-056,REPRO,REPRO,HIST,Histologia,Testículo,Túbulos seminíferos e células de Leydig,"Reconhecer os túbulos seminíferos (espermatogênese, células de Sertoli) e as células de Leydig (testosterona).",testiculo | tubulos seminiferos | celulas de sertoli | celulas de leydig,intermediaria,False,,NAO_DECLARADA,False,NAO_DECLARADO,PENDENTE_VALIDACAO_SEMANTICA,LEGADO_NAO_AUDITADO
CB-HIST-057,IMUNO,IMUNO,HIST,Histologia,Órgãos linfoides,Linfonodo,"Reconhecer a histologia do linfonodo (folículos B, áreas T, macrófagos) e sua função imune.",linfonodo | foliculos linfoides | linfocitos | linfadenopatia,intermediaria,False,,NAO_DECLARADA,False,NAO_DECLARADO,PENDENTE_VALIDACAO_SEMANTICA,LEGADO_NAO_AUDITADO
CB-HIST-058,TEG,TEG,HIST,Histologia,Pele,Anexos cutâneos,"Reconhecer os anexos cutâneos (folículo piloso, glândulas sebáceas e sudoríparas) e suas funções.",anexos cutaneos | foliculo piloso | glandulas sebaceas | glandulas sudoriparas,intermediaria,False,,NAO_DECLARADA,False,NAO_DECLARADO,PENDENTE_VALIDACAO_SEMANTICA,LEGADO_NAO_AUDITADO
CB-HIST-059,RENAL,RENAL,HIST,Histologia,Néfron,Partes do néfron,Reconhecer as partes do néfron (corpúsculo renal e túbulos) e sua relação com a formação da urina.,nefron | glomerulo | capsula de bowman | tubulos renais,basica,False,,NAO_DECLARADA,False,NAO_DECLARADO,PENDENTE_VALIDACAO_SEMANTICA,LEGADO_NAO_AUDITADO
CB-HIST-060,IMUNO,IMUNO,HIST,Histologia,Órgãos linfoides,Timo,"Reconhecer a localização, a função (maturação dos linfócitos T) e a involução do timo.",timo | linfocitos T | orgao linfoide primario | involucao,basica,False,,NAO_DECLARADA,False,NAO_DECLARADO,PENDENTE_VALIDACAO_SEMANTICA,LEGADO_NAO_AUDITADO
CB-HIST-061,REPRO,REPRO,HIST,Histologia,Útero,Endométrio,Reconhecer o endométrio como revestimento uterino que muda no ciclo e descama na menstruação.,endometrio | utero | ciclo menstrual | menstruacao,basica,False,,NAO_DECLARADA,False,NAO_DECLARADO,PENDENTE_VALIDACAO_SEMANTICA,LEGADO_NAO_AUDITADO
CB-HIST-062,RENAL,RENAL,HIST,Histologia,Vias urinárias,Epitélio de transição,Reconhecer o epitélio de transição (urotélio) e suas propriedades nas vias urinárias.,epitelio de transicao | urotelio | bexiga | ureter,basica,False,,NAO_DECLARADA,False,NAO_DECLARADO,PENDENTE_VALIDACAO_SEMANTICA,LEGADO_NAO_AUDITADO
CB-HIST-063,ENDO,ENDO,HIST,Histologia,Glândulas endócrinas,Folículos tireoidianos,Reconhecer a organização da tireoide em folículos com coloide e sua função de armazenar hormônio.,tireoide | foliculos | coloide | tireoglobulina,basica,False,,NAO_DECLARADA,False,NAO_DECLARADO,PENDENTE_VALIDACAO_SEMANTICA,LEGADO_NAO_AUDITADO
CB-HIST-064,TEG,TEG,HIST,Histologia,Pele,Derme,"Reconhecer a derme como tecido conjuntivo com vasos, nervos e anexos, que nutre a epiderme.",derme | tecido conjuntivo | colageno | anexos,basica,False,,NAO_DECLARADA,False,NAO_DECLARADO,PENDENTE_VALIDACAO_SEMANTICA,LEGADO_NAO_AUDITADO
CB-HIST-065,NERV,NERV,HIST,Histologia,Tecido nervoso,Neurônios e glia,Reconhecer os neurônios e as células da glia como componentes do tecido nervoso.,tecido nervoso | neuronios | glia | axonio,basica,False,,NAO_DECLARADA,False,NAO_DECLARADO,PENDENTE_VALIDACAO_SEMANTICA,LEGADO_NAO_AUDITADO
CB-HIST-066,LOCO,LOCO,HIST,Histologia,Tecido cartilaginoso,Tipos de cartilagem,"Reconhecer as características da cartilagem (condrócitos, matriz, avascular) e seus tipos.",cartilagem | condrocitos | avascular | cartilagem hialina,basica,False,,NAO_DECLARADA,False,NAO_DECLARADO,PENDENTE_VALIDACAO_SEMANTICA,LEGADO_NAO_AUDITADO
CB-HIST-067,REPRO,REPRO,HIST,Histologia,Sistema reprodutor feminino,Tuba uterina,Reconhecer o epitélio ciliado e o músculo da tuba uterina no transporte do óvulo.,tuba uterina | celulas ciliadas | musculo liso | fecundacao,basica,False,,NAO_DECLARADA,False,NAO_DECLARADO,PENDENTE_VALIDACAO_SEMANTICA,LEGADO_NAO_AUDITADO
CB-HIST-068,RESP,RESP,HIST,Histologia,Vias aéreas,Epitélio respiratório,"Reconhecer o epitélio respiratório (ciliado, com muco) e o mecanismo mucociliar de limpeza do ar.",epitelio respiratorio | cilios | muco | elevador mucociliar,basica,False,,NAO_DECLARADA,False,NAO_DECLARADO,PENDENTE_VALIDACAO_SEMANTICA,LEGADO_NAO_AUDITADO
CB-HIST-069,LOCO,LOCO,HIST,Histologia,Tecido muscular,Músculo esquelético,"Reconhecer a histologia do músculo esquelético (fibras estriadas multinucleadas, sarcômeros).",musculo esqueletico | estriado | sarcomero | actina e miosina,basica,False,,NAO_DECLARADA,False,NAO_DECLARADO,PENDENTE_VALIDACAO_SEMANTICA,LEGADO_NAO_AUDITADO
CB-HIST-070,REPRO,REPRO,HIST,Histologia,Sistema reprodutor masculino,Testículo,Reconhecer a organização do testículo (túbulos seminíferos e células de Leydig) e suas funções.,testiculo | tubulos seminiferos | celulas de leydig | espermatogenese,basica,False,,NAO_DECLARADA,False,NAO_DECLARADO,PENDENTE_VALIDACAO_SEMANTICA,LEGADO_NAO_AUDITADO
CB-HIST-071,ENDO,ENDO,HIST,Histologia,Glândulas endócrinas,Tireoide,Reconhecer a organização da tireoide em folículos com coloide e o armazenamento do hormônio.,tireoide | foliculos | coloide | tireoglobulina,basica,False,,NAO_DECLARADA,False,NAO_DECLARADO,PENDENTE_VALIDACAO_SEMANTICA,LEGADO_NAO_AUDITADO
CB-HIST-072,TEG,TEG,HIST,Histologia,Pele,Camadas da epiderme,Reconhecer a organização em camadas e a renovação contínua da epiderme.,epiderme | queratinocitos | camada basal | camada cornea,basica,False,,NAO_DECLARADA,False,NAO_DECLARADO,PENDENTE_VALIDACAO_SEMANTICA,LEGADO_NAO_AUDITADO
CB-HIST-073,HEMATO,HEMATO,HIST,Histologia,Tecido hematopoético,Medula óssea,Reconhecer a medula óssea como local da hematopoiese e diferenciá-la da medula espinhal.,medula ossea | hematopoiese | celulas-tronco | medula vermelha,basica,False,,NAO_DECLARADA,False,NAO_DECLARADO,PENDENTE_VALIDACAO_SEMANTICA,LEGADO_NAO_AUDITADO
CB-HIST-074,RESP,RESP,HIST,Histologia,Epitélios,Epitélio respiratório,Reconhecer o epitélio respiratório e o sistema mucociliar como defesa das vias aéreas.,epitelio respiratorio | cilios | muco | sistema mucociliar,basica,False,,NAO_DECLARADA,False,NAO_DECLARADO,PENDENTE_VALIDACAO_SEMANTICA,LEGADO_NAO_AUDITADO
CB-HIST-075,RENAL,RENAL,HIST,Histologia,Sistema urinário,Néfron,Reconhecer a organização histológica do néfron (corpúsculo renal e túbulos).,nefron | glomerulo | tubulos renais | filtracao,basica,False,,NAO_DECLARADA,False,NAO_DECLARADO,PENDENTE_VALIDACAO_SEMANTICA,LEGADO_NAO_AUDITADO
CB-HIST-076,IMUNO,IMUNO,HIST,Histologia,Órgãos linfoides,Linfonodo,Reconhecer a histologia do linfonodo e sua função de filtrar a linfa e montar a defesa.,linfonodo | linfa | linfocitos | resposta imune,basica,False,,NAO_DECLARADA,False,NAO_DECLARADO,PENDENTE_VALIDACAO_SEMANTICA,LEGADO_NAO_AUDITADO
CB-HIST-077,LOCO,LOCO,HIST,Histologia,Tecido conjuntivo,Tecido ósseo,"Reconhecer a organização do tecido ósseo (células, matriz mineralizada, remodelação).",tecido osseo | osteocitos | matriz ossea | remodelacao ossea,basica,False,,NAO_DECLARADA,False,NAO_DECLARADO,PENDENTE_VALIDACAO_SEMANTICA,LEGADO_NAO_AUDITADO
CB-HIST-078,TEG,TEG,HIST,Histologia,Epitélios,Epiderme,"Reconhecer a organização histológica da epiderme (epitélio estratificado, renovação, queratina).",epiderme | epitelio estratificado | queratina | barreira cutanea,basica,False,,NAO_DECLARADA,False,NAO_DECLARADO,PENDENTE_VALIDACAO_SEMANTICA,LEGADO_NAO_AUDITADO
CB-HIST-079,REPRO,REPRO,HIST,Histologia,Sistema reprodutor,Túbulos seminíferos,Reconhecer a organização histológica do testículo (túbulos seminíferos e células intersticiais).,testiculo | tubulos seminiferos | espermatogenese | celulas de Leydig,basica,False,,NAO_DECLARADA,False,NAO_DECLARADO,PENDENTE_VALIDACAO_SEMANTICA,LEGADO_NAO_AUDITADO
CB-HIST-080,DIG,DIG,HIST,Histologia,Sistema digestivo,Camadas do tubo digestivo,Reconhecer o plano de camadas da parede do tubo digestivo.,tubo digestivo | mucosa | muscular | camadas,basica,False,,NAO_DECLARADA,False,NAO_DECLARADO,PENDENTE_VALIDACAO_SEMANTICA,LEGADO_NAO_AUDITADO
CB-HIST-081,IMUNO,IMUNO,HIST,Histologia,Órgãos linfoides,Baço,Reconhecer a organização do baço (polpa vermelha e branca) e suas funções.,baco | polpa vermelha | polpa branca | orgaos linfoides,basica,False,,NAO_DECLARADA,False,NAO_DECLARADO,PENDENTE_VALIDACAO_SEMANTICA,LEGADO_NAO_AUDITADO
CB-HIST-082,CARDIO,CARDIO,HIST,Histologia,Sistema vascular,Parede dos vasos,Reconhecer a estrutura da parede dos vasos e por que a artéria é mais espessa.,vasos sanguineos | arteria | veia | camadas da parede,basica,False,,NAO_DECLARADA,False,NAO_DECLARADO,PENDENTE_VALIDACAO_SEMANTICA,LEGADO_NAO_AUDITADO
CB-IMUN-001,IMUNO,IMUNO,IMUN,Imunologia,Apresentação antigênica,MHC I e linfócito CD8,"Antígeno de dentro da célula (viral) vai no MHC I e é visto pelo CD8+ citotóxico, que mata a célula infectada.",MHC classe I | CD8 | citotóxico | apresentação antigênica | antígeno endógeno,intermediaria,False,,False,False,draft,PENDENTE_VALIDACAO_SEMANTICA,LEGADO_NAO_AUDITADO
CB-IMUN-002,IMUNO,IMUNO,IMUN,Imunologia,Hipersensibilidade,Tipo I e anafilaxia,"Anafilaxia é hipersensibilidade tipo I: IgE mais mastócitos liberam histamina, causando vasodilatação, broncoespasmo e edema em minutos.",hipersensibilidade tipo I | IgE | mastócito | histamina | anafilaxia,intermediaria,True,IMUN | FISI,True,False,draft,PENDENTE_VALIDACAO_SEMANTICA,LEGADO_NAO_AUDITADO
CB-IMUN-003,IMUNO,IMUNO,IMUN,Imunologia,Imunidade,Inata e adaptativa,"A imunidade adaptativa é específica e tem memória, a base das vacinas; a inata é rápida e inespecífica, sem memória.",imunidade adaptativa | memória imunológica | imunidade inata | especificidade | vacina,basica,False,,False,False,draft,PENDENTE_VALIDACAO_SEMANTICA,LEGADO_NAO_AUDITADO
CB-IMUN-004,IMUNO,IMUNO,IMUN,Imunologia,Imunidade humoral,Funcoes dos anticorpos,"Anticorpos: neutralizam o patogeno, opsonizam para a fagocitose e ativam o complemento.",anticorpo | neutralizacao | opsonizacao | complemento | linfocito B,intermediaria,True,IMUN | MICR,True,False,draft,PENDENTE_VALIDACAO_SEMANTICA,LEGADO_NAO_AUDITADO
CB-IMUN-005,IMUNO,IMUNO,IMUN,Imunologia,Complemento,Funcoes do complemento,"Complemento: opsonizacao, recrutamento inflamatorio e lise pelo complexo de ataque a membrana (MAC).",complemento | opsonizacao | complexo de ataque a membrana | Neisseria | imunidade inata,intermediaria,True,IMUN | MICR,True,False,draft,PENDENTE_VALIDACAO_SEMANTICA,LEGADO_NAO_AUDITADO
CB-IMUN-006,IMUNO,IMUNO,IMUN,Imunologia,Vacinas,Atenuada e inativada,"Atenuada: agente vivo enfraquecido (resposta forte, cautela em imunossuprimidos); inativada: agente morto ou partes dele.",vacina atenuada | vacina inativada | imunossuprimido | memoria imunologica | imunizacao,intermediaria,True,IMUN | SC,True,False,draft,PENDENTE_VALIDACAO_SEMANTICA,LEGADO_NAO_AUDITADO
CB-IMUN-007,IMUNO,IMUNO,IMUN,Imunologia,Autoimunidade,Perda de tolerancia,"Autoimunidade: perda da tolerancia ao proprio, com linfocitos e anticorpos que atacam o organismo.",autoimunidade | tolerancia imunologica | autoanticorpo | lupus | linfocito autorreativo,intermediaria,True,IMUN | PATO,True,True,draft,PENDENTE_VALIDACAO_SEMANTICA,LEGADO_NAO_AUDITADO
CB-IMUN-008,IMUNO,IMUNO,IMUN,Imunologia,Hipersensibilidade,Tipo I e anafilaxia,"Hipersensibilidade tipo I: IgE em mastocitos libera histamina, causando reacao imediata (ate anafilaxia); trata-se com adrenalina.",hipersensibilidade tipo I | IgE | mastocito | histamina | anafilaxia,intermediaria,True,IMUN | FARM,True,True,draft,PENDENTE_VALIDACAO_SEMANTICA,LEGADO_NAO_AUDITADO
CB-IMUN-009,IMUNO,IMUNO,IMUN,Imunologia,MHC,Apresentacao antigenica,MHC I: antigenos intracelulares a CD8 (citotoxicos); MHC II: extracelulares a CD4 (auxiliares).,MHC I | MHC II | CD8 | CD4 | apresentacao antigenica,avancada,True,IMUN | BCM,False,False,draft,PENDENTE_VALIDACAO_SEMANTICA,LEGADO_NAO_AUDITADO
CB-IMUN-010,IMUNO,IMUNO,IMUN,Imunologia,Imunidade,Inata e adaptativa,"Inata: rapida, inespecifica, sem memoria. Adaptativa: especifica, mais lenta, com memoria (base das vacinas).",imunidade inata | imunidade adaptativa | memoria imunologica | especificidade | linfocitos,basica,False,,False,False,draft,PENDENTE_VALIDACAO_SEMANTICA,LEGADO_NAO_AUDITADO
CB-IMUN-011,REPRO,REPRO,IMUN,Imunologia,Aloimunizacao,Doenca hemolitica do recem-nascido,Doenca hemolitica do RN: mae Rh negativo sensibilizada produz anti-Rh que cruzam a placenta e lisam hemacias fetais; previne-se com anti-D.,aloimunizacao | Rh | doenca hemolitica do recem-nascido | imunoglobulina anti-D | hemolise,intermediaria,True,IMUN | PATO,True,True,draft,PENDENTE_VALIDACAO_SEMANTICA,LEGADO_NAO_AUDITADO
CB-IMUN-012,IMUNO,IMUNO,IMUN,Imunologia,Sistema complemento,Funções do complemento,"Complemento: opsoniza, lisa (MAC) microrganismos e amplifica a inflamação; sua deficiência predispõe a infecções.",complemento | opsonizacao | MAC | inflamacao | imunidade inata,intermediaria,True,IMUN | MICR,True,True,draft,PENDENTE_VALIDACAO_SEMANTICA,LEGADO_NAO_AUDITADO
CB-IMUN-013,IMUNO,IMUNO,IMUN,Imunologia,Imunização,Imunidade ativa versus passiva,"Ativa: o corpo produz a resposta e memória (vacina/infecção), duradoura. Passiva: anticorpos prontos (soro/leite), imediata mas temporária.",imunidade ativa | imunidade passiva | vacina | anticorpos | memoria imunologica,intermediaria,True,IMUN | SC,True,False,draft,PENDENTE_VALIDACAO_SEMANTICA,LEGADO_NAO_AUDITADO
CB-IMUN-014,IMUNO,IMUNO,IMUN,Imunologia,Anticorpos,Classes de imunoglobulinas,"IgM (primeira), IgG (secundária, placenta), IgA (mucosas/leite), IgE (alergias/parasitas).",imunoglobulinas | IgG | IgM | IgA | IgE,intermediaria,False,,True,False,draft,PENDENTE_VALIDACAO_SEMANTICA,LEGADO_NAO_AUDITADO
CB-IMUN-016,IMUNO,IMUNO,IMUN,Imunologia,Memória imunológica,Resposta primária e secundária,"Memória imunológica: a resposta primária gera células de memória; a secundária é mais rápida, forte e específica (base do reforço vacinal).",memoria imunologica | resposta primaria | resposta secundaria | vacina | reforco,intermediaria,False,,True,False,draft,PENDENTE_VALIDACAO_SEMANTICA,LEGADO_NAO_AUDITADO
CB-IMUN-017,IMUNO,IMUNO,IMUN,Imunologia,Linfócitos T,CD4 (auxiliar) e CD8 (citotóxico),T CD4 (auxiliares): coordenam a resposta imune. T CD8 (citotóxicos): matam células infectadas/tumorais.,linfocito T CD4 | linfocito T CD8 | auxiliar | citotoxico | HIV,avancada,True,IMUN | MICR,True,True,draft,PENDENTE_VALIDACAO_SEMANTICA,LEGADO_NAO_AUDITADO
CB-IMUN-018,Tegumentar,TEG,IMUN,Imunologia,Hipersensibilidade,Tipo I (imediata),"Reconhecer a hipersensibilidade tipo I (IgE, mastócitos, histamina) na alergia imediata.",hipersensibilidade tipo I | IgE | mastocito | histamina | alergia,intermediaria,True,,NAO_DECLARADA,False,NAO_DECLARADO,PENDENTE_VALIDACAO_SEMANTICA,LEGADO_NAO_AUDITADO
CB-IMUN-019,Imunológico,IMUNO,IMUN,Imunologia,Imunidade adaptativa,Memória imunológica,Compreender a memória imunológica e o papel dos linfócitos de memória na resposta secundária.,memoria imunologica | linfocito de memoria | resposta secundaria | vacina,intermediaria,False,,NAO_DECLARADA,False,NAO_DECLARADO,PENDENTE_VALIDACAO_SEMANTICA,LEGADO_NAO_AUDITADO
CB-IMUN-020,Tegumentar,TEG,IMUN,Imunologia,Imunidade inata,Barreiras e resposta inespecífica,Caracterizar a imunidade inata como primeira linha rápida e inespecífica de defesa.,imunidade inata | barreiras | fagocitose | inespecifica,basica,False,,NAO_DECLARADA,False,NAO_DECLARADO,PENDENTE_VALIDACAO_SEMANTICA,LEGADO_NAO_AUDITADO
CB-IMUN-021,Respiratório,RESP,IMUN,Imunologia,Anticorpos,Classes de imunoglobulinas,Associar IgM à fase aguda inicial e IgG à resposta tardia e de memória.,IgM | IgG | imunoglobulinas | memoria imunologica,intermediaria,False,,NAO_DECLARADA,False,NAO_DECLARADO,PENDENTE_VALIDACAO_SEMANTICA,LEGADO_NAO_AUDITADO
CB-IMUN-022,Tegumentar,TEG,IMUN,Imunologia,Hipersensibilidade,Tipo IV (tardia),"Reconhecer a hipersensibilidade tipo IV (tardia, mediada por células T) na dermatite de contato.",hipersensibilidade tipo IV | dermatite de contato | linfocito T | reacao tardia,avancada,True,,NAO_DECLARADA,False,NAO_DECLARADO,PENDENTE_VALIDACAO_SEMANTICA,LEGADO_NAO_AUDITADO
CB-IMUN-023,IMUNO,IMUNO,IMUN,Imunologia,Imunidade inata,Sistema complemento,"Reconhecer as funções do complemento: opsonização, quimiotaxia e complexo de ataque à membrana.",complemento | opsonizacao | quimiotaxia | complexo de ataque a membrana,intermediaria,False,,NAO_DECLARADA,False,NAO_DECLARADO,PENDENTE_VALIDACAO_SEMANTICA,LEGADO_NAO_AUDITADO
CB-IMUN-024,HEMATO,HEMATO,IMUN,Imunologia,Imunidade adaptativa,Linfócitos T CD4 e CD8,Distinguir linfócitos T CD4 (auxiliar) e CD8 (citotóxico) e suas funções.,linfocito T CD4 | linfocito T CD8 | auxiliar | citotoxico,avancada,False,,NAO_DECLARADA,False,NAO_DECLARADO,PENDENTE_VALIDACAO_SEMANTICA,LEGADO_NAO_AUDITADO
CB-IMUN-025,TEG,TEG,IMUN,Imunologia,Imunidade inata,Barreiras e fagocitose,"Reconhecer a imunidade inata como defesa inespecífica e imediata (barreiras, fagocitose).",imunidade inata | barreiras | fagocitose | inespecifica,basica,False,,NAO_DECLARADA,False,NAO_DECLARADO,PENDENTE_VALIDACAO_SEMANTICA,LEGADO_NAO_AUDITADO
CB-IMUN-026,RESP,RESP,IMUN,Imunologia,Imunidade adaptativa,Anticorpos (função),"Reconhecer a origem (linfócitos B) e a função dos anticorpos (ligar antígenos, neutralizar, marcar).",anticorpos | linfocito B | plasmocito | antigeno,intermediaria,False,,NAO_DECLARADA,False,NAO_DECLARADO,PENDENTE_VALIDACAO_SEMANTICA,LEGADO_NAO_AUDITADO
CB-IMUN-027,RESP,RESP,IMUN,Imunologia,Hipersensibilidade,Hipersensibilidade tipo I (alergia),"Reconhecer a hipersensibilidade tipo I e seu mecanismo (IgE, mastócitos, histamina).",hipersensibilidade tipo I | IgE | mastocitos | histamina,avancada,True,,NAO_DECLARADA,False,NAO_DECLARADO,PENDENTE_VALIDACAO_SEMANTICA,LEGADO_NAO_AUDITADO
CB-IMUN-028,IMUNO,IMUNO,IMUN,Imunologia,Imunodeficiências,Primária x secundária,Classificar imunodeficiências em primárias (herdadas) e secundárias (adquiridas).,imunodeficiencia primaria | imunodeficiencia secundaria | HIV | imunossupressao,intermediaria,False,,NAO_DECLARADA,False,NAO_DECLARADO,PENDENTE_VALIDACAO_SEMANTICA,LEGADO_NAO_AUDITADO
CB-IMUN-029,TEG,TEG,IMUN,Imunologia,Imunização,Memória imunológica e vacinas,Compreender que as vacinas exploram a memória imunológica para proteção futura.,vacina | memoria imunologica | resposta secundaria | imunizacao,intermediaria,False,,NAO_DECLARADA,False,NAO_DECLARADO,PENDENTE_VALIDACAO_SEMANTICA,LEGADO_NAO_AUDITADO
CB-IMUN-030,CARDIO,CARDIO,IMUN,Imunologia,Imunidade inata,Sistema complemento,"Reconhecer as principais funções do complemento (opsonização, inflamação, lise).",complemento | opsonizacao | complexo de ataque a membrana | imunidade inata,avancada,False,,NAO_DECLARADA,False,NAO_DECLARADO,PENDENTE_VALIDACAO_SEMANTICA,LEGADO_NAO_AUDITADO
CB-IMUN-031,REPRO,REPRO,IMUN,Imunologia,Imunidade adaptativa,Anticorpos (imunoglobulinas),Reconhecer a IgG como a imunoglobulina mais abundante e a que atravessa a placenta.,IgG | imunoglobulinas | placenta | imunidade passiva,intermediaria,True,,NAO_DECLARADA,False,NAO_DECLARADO,PENDENTE_VALIDACAO_SEMANTICA,LEGADO_NAO_AUDITADO
CB-IMUN-032,RESP,RESP,IMUN,Imunologia,Hipersensibilidade,Hipersensibilidade tipo I (imediata),Reconhecer a alergia imediata como hipersensibilidade tipo I mediada por IgE.,hipersensibilidade tipo I | IgE | mastocitos | alergia,intermediaria,False,,NAO_DECLARADA,False,NAO_DECLARADO,PENDENTE_VALIDACAO_SEMANTICA,LEGADO_NAO_AUDITADO
CB-IMUN-033,TEG,TEG,IMUN,Imunologia,Imunização,Imunidade ativa x passiva,"Distinguir imunidade ativa (produção própria, memória) de passiva (anticorpos prontos, temporária).",imunidade ativa | imunidade passiva | vacina | soro,intermediaria,False,,NAO_DECLARADA,False,NAO_DECLARADO,PENDENTE_VALIDACAO_SEMANTICA,LEGADO_NAO_AUDITADO
CB-IMUN-034,TEG,TEG,IMUN,Imunologia,Imunidade inata,Barreiras e resposta inata x adaptativa,"Distinguir imunidade inata (rápida, inespecífica, sem memória) de adaptativa (lenta, específica, com memória).",imunidade inata | imunidade adaptativa | barreiras | memoria imunologica,intermediaria,False,,NAO_DECLARADA,False,NAO_DECLARADO,PENDENTE_VALIDACAO_SEMANTICA,LEGADO_NAO_AUDITADO
CB-IMUN-035,HEMATO,HEMATO,IMUN,Imunologia,Anticorpos,Função dos anticorpos,Reconhecer os linfócitos B (plasmócitos) como produtores de anticorpos e as funções destes.,anticorpos | linfocitos B | plasmocitos | opsonizacao,intermediaria,False,,NAO_DECLARADA,False,NAO_DECLARADO,PENDENTE_VALIDACAO_SEMANTICA,LEGADO_NAO_AUDITADO
CB-IMUN-036,IMUNO,IMUNO,IMUN,Imunologia,Tolerância imunológica,Tolerância central (timo),Compreender a tolerância central dos linfócitos T pela seleção negativa no timo.,tolerancia central | timo | selecao negativa | autoimunidade,avancada,False,,NAO_DECLARADA,False,NAO_DECLARADO,PENDENTE_VALIDACAO_SEMANTICA,LEGADO_NAO_AUDITADO
CB-IMUN-037,RENAL,RENAL,IMUN,Imunologia,Hipersensibilidade,Tipo III (imunocomplexos),Compreender a hipersensibilidade III (imunocomplexos) e sua relação com a glomerulonefrite.,hipersensibilidade tipo III | imunocomplexos | complemento | glomerulonefrite,avancada,True,,NAO_DECLARADA,False,NAO_DECLARADO,PENDENTE_VALIDACAO_SEMANTICA,LEGADO_NAO_AUDITADO
CB-IMUN-038,IMUNO,IMUNO,IMUN,Imunologia,Imunização,Imunidade ativa e passiva,"Distinguir imunização ativa (vacinas, com memória) de passiva (anticorpos prontos, sem memória).",vacinas | imunizacao ativa | imunizacao passiva | memoria imunologica,intermediaria,True,,NAO_DECLARADA,False,NAO_DECLARADO,PENDENTE_VALIDACAO_SEMANTICA,LEGADO_NAO_AUDITADO
CB-IMUN-039,IMUNO,IMUNO,IMUN,Imunologia,Anticorpos,Classes de imunoglobulinas,"Conhecer as classes de imunoglobulinas (IgG, IgM, IgA, IgE) e suas funções.",imunoglobulinas | IgG | IgM | IgA,intermediaria,False,,NAO_DECLARADA,False,NAO_DECLARADO,PENDENTE_VALIDACAO_SEMANTICA,LEGADO_NAO_AUDITADO
CB-IMUN-040,IMUNO,IMUNO,IMUN,Imunologia,Órgãos linfoides,Primários e secundários,Distinguir os órgãos linfoides primários (maturação) dos secundários (resposta).,orgaos linfoides | timo | medula ossea | linfonodos,intermediaria,False,,NAO_DECLARADA,False,NAO_DECLARADO,PENDENTE_VALIDACAO_SEMANTICA,LEGADO_NAO_AUDITADO
CB-IMUN-041,TEG,TEG,IMUN,Imunologia,Hipersensibilidade,Tipo IV (tardia),"Compreender a hipersensibilidade tipo IV (linfócitos T, tardia) com o exemplo da dermatite de contato.",hipersensibilidade tipo IV | linfocitos T | dermatite de contato | tardia,avancada,True,,NAO_DECLARADA,False,NAO_DECLARADO,PENDENTE_VALIDACAO_SEMANTICA,LEGADO_NAO_AUDITADO
CB-IMUN-042,IMUNO,IMUNO,IMUN,Imunologia,Conceitos fundamentais,Antígeno e anticorpo,Distinguir antígeno (alvo estranho) de anticorpo (proteína específica de defesa).,antigeno | anticorpo | linfocitos B | especificidade,intermediaria,False,,NAO_DECLARADA,False,NAO_DECLARADO,PENDENTE_VALIDACAO_SEMANTICA,LEGADO_NAO_AUDITADO
CB-IMUN-043,IMUNO,IMUNO,IMUN,Imunologia,Imunidade inata,Sistema complemento,Reconhecer o sistema complemento (proteínas) e suas funções na defesa.,complemento | imunidade inata | opsonizacao | cascata,basica,False,,NAO_DECLARADA,False,NAO_DECLARADO,PENDENTE_VALIDACAO_SEMANTICA,LEGADO_NAO_AUDITADO
CB-IMUN-044,TEG,TEG,IMUN,Imunologia,Imunidade inata,Barreira cutânea,"Reconhecer a pele como primeira linha de defesa (barreiras física e química, imunidade inata).",barreira cutanea | imunidade inata | camada cornea | microbiota,basica,False,,NAO_DECLARADA,False,NAO_DECLARADO,PENDENTE_VALIDACAO_SEMANTICA,LEGADO_NAO_AUDITADO
CB-IMUN-045,IMUNO,IMUNO,IMUN,Imunologia,Conceitos fundamentais,Imunidade inata e adaptativa,"Distinguir a imunidade inata (imediata, inespecífica) da adaptativa (específica, com memória).",imunidade inata | imunidade adaptativa | memoria imunologica | especificidade,basica,False,,NAO_DECLARADA,False,NAO_DECLARADO,PENDENTE_VALIDACAO_SEMANTICA,LEGADO_NAO_AUDITADO
CB-IMUN-046,IMUNO,IMUNO,IMUN,Imunologia,Imunização,Como as vacinas funcionam,Compreender como as vacinas geram memória imunológica e previnem doenças.,vacinas | memoria imunologica | imunidade adaptativa | antigeno,basica,False,,NAO_DECLARADA,False,NAO_DECLARADO,PENDENTE_VALIDACAO_SEMANTICA,LEGADO_NAO_AUDITADO
CB-IMUN-047,IMUNO,IMUNO,IMUN,Imunologia,Hipersensibilidade,Tipo I (alergia),"Compreender a hipersensibilidade tipo I (IgE, mastócitos, histamina) na alergia imediata.",hipersensibilidade tipo I | IgE | mastocitos | histamina,intermediaria,True,,NAO_DECLARADA,False,NAO_DECLARADO,PENDENTE_VALIDACAO_SEMANTICA,LEGADO_NAO_AUDITADO
CB-IMUN-048,ENDO,ENDO,IMUN,Imunologia,Autoimunidade,Tireoidite autoimune,Compreender a autoimunidade e seus efeitos sobre a tireoide.,autoimunidade | tolerancia imunologica | tireoidite | hipotireoidismo,basica,False,,NAO_DECLARADA,False,NAO_DECLARADO,PENDENTE_VALIDACAO_SEMANTICA,LEGADO_NAO_AUDITADO
CB-MICR-001,RESP,RESP,MICR,Microbiologia,Fatores de virulência,Cápsula do pneumococo,Cápsula do pneumococo é antifagocítica (evade a imunidade inata); é o fator de virulência e o alvo das vacinas.,cápsula | pneumococo | fagocitose | virulência | vacina conjugada,intermediaria,True,MICR | IMUN,False,False,draft,PENDENTE_VALIDACAO_SEMANTICA,LEGADO_NAO_AUDITADO
CB-MICR-002,DIG,DIG,MICR,Microbiologia,Toxinas bacterianas,Toxina colérica,"Toxina colérica mantém a adenilato ciclase ativa, eleva o AMPc e causa secreção de cloreto e água: diarreia secretora.",toxina colérica | adenilato ciclase | AMPc | diarreia secretora | Vibrio cholerae,intermediaria,False,,True,False,draft,PENDENTE_VALIDACAO_SEMANTICA,LEGADO_NAO_AUDITADO
CB-MICR-003,TEG,TEG,MICR,Microbiologia,Estrutura bacteriana,Gram-positivas e Gram-negativas,"Gram-positiva tem peptidoglicano espesso (retém o cristal violeta, fica roxa) e é alvo dos betalactâmicos; Gram-negativa é fina com LPS (rosa).",Gram-positiva | peptidoglicano | cristal violeta | betalactâmico | parede celular,intermediaria,True,MICR | FARM,True,True,draft,PENDENTE_VALIDACAO_SEMANTICA,LEGADO_NAO_AUDITADO
CB-MICR-004,DIG,DIG,MICR,Microbiologia,Diagnóstico microbiológico,Coloração de Gram,A coloração de Gram diferencia a parede: Gram-positiva (peptidoglicano espesso) e Gram-negativa (parede fina com membrana externa).,coloração de Gram | parede celular | Gram-positiva | Gram-negativa | diagnóstico,basica,False,,False,False,draft,PENDENTE_VALIDACAO_SEMANTICA,LEGADO_NAO_AUDITADO
CB-MICR-005,RESP,RESP,MICR,Microbiologia,Virologia,Antibiotico e virus,Antibiotico nao trata virus: age em alvos bacterianos que o virus nao tem; o virus usa a celula hospedeira para se replicar.,virus | antibiotico | antiviral | replicacao viral | resistencia,intermediaria,True,MICR | FARM,True,False,draft,PENDENTE_VALIDACAO_SEMANTICA,LEGADO_NAO_AUDITADO
CB-MICR-006,DIG,DIG,MICR,Microbiologia,Virologia,Hepatite B,"Hepatite B: transmissao por sangue, sexual e vertical, prevenivel por vacina. (Hepatite A e fecal-oral.)",hepatite B | transmissao | vacina | vertical | HBV,intermediaria,True,MICR | PATO,True,False,draft,PENDENTE_VALIDACAO_SEMANTICA,LEGADO_NAO_AUDITADO
CB-MICR-007,RENAL,RENAL,MICR,Microbiologia,Bacterias,Infeccao urinaria,E. coli e a principal causa de ITU: vem da flora intestinal e adere por fimbrias; a uretra curta favorece na mulher.,Escherichia coli | infeccao urinaria | fimbrias | urotelio | cistite,intermediaria,True,MICR | PATO,True,False,draft,PENDENTE_VALIDACAO_SEMANTICA,LEGADO_NAO_AUDITADO
CB-MICR-008,TEG,TEG,MICR,Microbiologia,Fungos,Dermatofitose,Tinea (dermatofitose): fungo dermatofito que consome queratina; o KOH mostra hifas.,dermatofito | tinea | queratina | KOH | hifa,intermediaria,False,,True,False,draft,PENDENTE_VALIDACAO_SEMANTICA,LEGADO_NAO_AUDITADO
CB-MICR-009,DIG,DIG,MICR,Microbiologia,Bacterias,Helicobacter pylori,"H. pylori produz urease (gera amonia, neutraliza o acido) e coloniza a mucosa, causando ulcera.",Helicobacter pylori | urease | ulcera peptica | gastrite | amonia,intermediaria,True,MICR | PATO,True,False,draft,PENDENTE_VALIDACAO_SEMANTICA,LEGADO_NAO_AUDITADO
CB-MICR-010,REPRO,REPRO,MICR,Microbiologia,Infeccoes sexualmente transmissiveis,Sifilis,Sifilis: Treponema pallidum; cancro duro indolor e evolucao em estagios se nao tratada.,sifilis | Treponema pallidum | cancro duro | IST | penicilina,intermediaria,True,MICR | SC,True,False,draft,PENDENTE_VALIDACAO_SEMANTICA,LEGADO_NAO_AUDITADO
CB-MICR-011,RESP,RESP,MICR,Microbiologia,Bacterias,Streptococcus pneumoniae,Pneumococo: capsula polissacaridica dificulta a fagocitose; a vacina induz anticorpos anticapsulares.,pneumococo | capsula | fagocitose | vacina | opsonizacao,intermediaria,True,MICR | IMUN,True,False,draft,PENDENTE_VALIDACAO_SEMANTICA,LEGADO_NAO_AUDITADO
CB-MICR-012,DIG,DIG,MICR,Microbiologia,Intoxicacao alimentar,Toxina pre-formada,"Toxina pre-formada no alimento (ex.: S. aureus) age rapido (poucas horas), sem a bacteria se multiplicar no corpo.",intoxicacao alimentar | toxina pre-formada | Staphylococcus aureus | DTA | incubacao,intermediaria,True,MICR | SC,True,False,draft,PENDENTE_VALIDACAO_SEMANTICA,LEGADO_NAO_AUDITADO
CB-MICR-013,NERV,NERV,MICR,Microbiologia,Toxinas bacterianas,Tetano,"Tetano: a toxina bloqueia neuronios inibitorios, causando espasmos musculares; prevenivel por vacina.",tetano | Clostridium tetani | tetanospasmina | espasmo | vacina,intermediaria,True,MICR | FISI,True,False,draft,PENDENTE_VALIDACAO_SEMANTICA,LEGADO_NAO_AUDITADO
CB-MICR-014,IMUNO,IMUNO,MICR,Microbiologia,Vírus,Retrovírus e HIV,Retrovírus (HIV): RNA convertido em DNA pela transcriptase reversa e integrado ao genoma da célula (provírus).,retrovirus | HIV | transcriptase reversa | CD4 | provirus,intermediaria,False,,True,False,draft,PENDENTE_VALIDACAO_SEMANTICA,LEGADO_NAO_AUDITADO
CB-MICR-015,TEG,TEG,MICR,Microbiologia,Resistência antimicrobiana,Mecanismos de resistência,"Resistência: genes/mutações que inativam o fármaco, alteram o alvo ou o expulsam; selecionada pelo uso de antibióticos.",resistencia antimicrobiana | MRSA | betalactamase | bomba de efluxo | antibiotico,intermediaria,True,MICR | FARM,True,True,draft,PENDENTE_VALIDACAO_SEMANTICA,LEGADO_NAO_AUDITADO
CB-MICR-016,IMUNO,IMUNO,MICR,Microbiologia,Fungos,Infecções oportunistas (Candida),Infecção oportunista: micróbio normalmente inofensivo que adoece quem tem imunidade comprometida (ex.: Candida).,Candida | infeccao oportunista | imunossupressao | microbiota | candidiase,intermediaria,True,MICR | IMUN,True,False,draft,PENDENTE_VALIDACAO_SEMANTICA,LEGADO_NAO_AUDITADO
CB-MICR-017,DIG,DIG,MICR,Microbiologia,Hepatites virais,Vias de transmissão,"Hepatite A: fecal-oral; hepatites B e C: sangue/fluidos (parenteral, sexual, vertical); B e C podem cronificar.",hepatite A | hepatite B | hepatite C | transmissao | vacina,basica,True,MICR | SC,True,False,draft,PENDENTE_VALIDACAO_SEMANTICA,LEGADO_NAO_AUDITADO
CB-MICR-018,RESP,RESP,MICR,Microbiologia,Estrutura bacteriana,Gram-positivas versus Gram-negativas,"Gram-positivas: parede espessa de peptidoglicano, retêm o corante (roxas). Gram-negativas: parede fina + membrana externa (rosadas).",coloracao de Gram | peptidoglicano | Gram-positiva | Gram-negativa | parede celular,basica,True,MICR | FARM,True,False,draft,PENDENTE_VALIDACAO_SEMANTICA,LEGADO_NAO_AUDITADO
CB-MICR-019,IMUNO,IMUNO,MICR,Microbiologia,Toxinas bacterianas,Endotoxina (LPS) e sepse,Endotoxina (LPS) das Gram-negativas ativa fortemente a imunidade inata e pode causar inflamação sistêmica e choque séptico.,endotoxina | LPS | Gram-negativa | choque septico | citocinas,intermediaria,True,MICR | IMUN,True,False,draft,PENDENTE_VALIDACAO_SEMANTICA,LEGADO_NAO_AUDITADO
CB-MICR-021,NERV,NERV,MICR,Microbiologia,Bactérias,Meningococo (meningite),"Meningococo (Neisseria meningitidis, diplococo Gram-negativo): meningite bacteriana grave; notificação compulsória e profilaxia de contatos.",Neisseria meningitidis | meningite | diplococo Gram-negativo | liquor | notificacao compulsoria,avancada,True,MICR | IMUN,True,True,draft,PENDENTE_VALIDACAO_SEMANTICA,LEGADO_NAO_AUDITADO
CB-MICR-022,RENAL,RENAL,MICR,Microbiologia,Bactérias,Escherichia coli e ITU,"ITU: agente mais comum é a Escherichia coli (flora intestinal), que ascende pela uretra à bexiga (cistite).",Escherichia coli | infeccao urinaria | cistite | via ascendente | fimbria,intermediaria,True,MICR | ANAT,True,False,draft,PENDENTE_VALIDACAO_SEMANTICA,LEGADO_NAO_AUDITADO
CB-MICR-023,TEG,TEG,MICR,Microbiologia,Bactérias,Staphylococcus aureus (pele),"Staphylococcus aureus: coco Gram-positivo que causa infecções purulentas de pele (abscesso, furúnculo, impetigo).",Staphylococcus aureus | coco Gram-positivo | abscesso | impetigo | pus,intermediaria,True,MICR | PATO,True,False,draft,PENDENTE_VALIDACAO_SEMANTICA,LEGADO_NAO_AUDITADO
CB-MICR-024,Imunológico,IMUNO,MICR,Microbiologia,Resistência antimicrobiana,Mecanismos de resistência,Reconhecer a inativação enzimática (beta-lactamases) como mecanismo de resistência antimicrobiana.,resistencia antimicrobiana | beta-lactamase | inativacao enzimatica | plasmideo,avancada,True,,NAO_DECLARADA,False,NAO_DECLARADO,PENDENTE_VALIDACAO_SEMANTICA,LEGADO_NAO_AUDITADO
CB-MICR-025,Respiratório,RESP,MICR,Microbiologia,Virologia,Replicação viral,Compreender por que os vírus são parasitas intracelulares obrigatórios.,virus | parasita intracelular obrigatorio | replicacao viral | ribossomo,intermediaria,False,,NAO_DECLARADA,False,NAO_DECLARADO,PENDENTE_VALIDACAO_SEMANTICA,LEGADO_NAO_AUDITADO
CB-MICR-026,Tegumentar,TEG,MICR,Microbiologia,Estrutura bacteriana,Parede celular e coloração de Gram,Relacionar a espessura do peptidoglicano ao resultado da coloração de Gram.,gram-positiva | peptidoglicano | coloracao de gram | parede celular,intermediaria,False,,NAO_DECLARADA,False,NAO_DECLARADO,PENDENTE_VALIDACAO_SEMANTICA,LEGADO_NAO_AUDITADO
CB-MICR-027,Hematopoético,HEMATO,MICR,Microbiologia,Virologia,Vírus de RNA e mutação,Relacionar a alta mutação dos vírus de RNA à falta de revisão da sua polimerase.,virus de RNA | mutacao | RNA polimerase | gripe | variabilidade,avancada,False,,NAO_DECLARADA,False,NAO_DECLARADO,PENDENTE_VALIDACAO_SEMANTICA,LEGADO_NAO_AUDITADO
CB-MICR-028,Digestivo,DIG,MICR,Microbiologia,Fatores de virulência,Exotoxinas e endotoxinas,Diferenciar exotoxinas (proteínas secretadas) de endotoxinas (LPS das Gram-negativas).,exotoxina | endotoxina | lipopolissacarideo | virulencia,avancada,False,,NAO_DECLARADA,False,NAO_DECLARADO,PENDENTE_VALIDACAO_SEMANTICA,LEGADO_NAO_AUDITADO
CB-MICR-029,Tegumentar,TEG,MICR,Microbiologia,Micologia,Leveduras e fungos filamentosos,Reconhecer as duas formas morfológicas básicas dos fungos: leveduras e filamentosos.,leveduras | fungos filamentosos | hifas | micelio,basica,False,,NAO_DECLARADA,False,NAO_DECLARADO,PENDENTE_VALIDACAO_SEMANTICA,LEGADO_NAO_AUDITADO
CB-MICR-030,DIG,DIG,MICR,Microbiologia,Fisiologia bacteriana,Aeróbios e anaeróbios,"Classificar as bactérias quanto à necessidade de oxigênio (aeróbias, anaeróbias, facultativas).",aerobia | anaerobia | facultativa | oxigenio,intermediaria,False,,NAO_DECLARADA,False,NAO_DECLARADO,PENDENTE_VALIDACAO_SEMANTICA,LEGADO_NAO_AUDITADO
CB-MICR-031,IMUNO,IMUNO,MICR,Microbiologia,Prevenção,Tipos de vacina,Comparar vacinas de vivo atenuado e inativadas quanto a resposta imune e segurança.,vacina atenuada | vacina inativada | imunizacao | imunodeprimido,intermediaria,True,,NAO_DECLARADA,False,NAO_DECLARADO,PENDENTE_VALIDACAO_SEMANTICA,LEGADO_NAO_AUDITADO
CB-MICR-032,RESP,RESP,MICR,Microbiologia,Resistência antimicrobiana,Uso indevido de antibióticos,Explicar a resistência bacteriana pela pressão seletiva do uso de antibióticos.,resistencia antimicrobiana | pressao seletiva | antibiotico | selecao,intermediaria,False,,NAO_DECLARADA,False,NAO_DECLARADO,PENDENTE_VALIDACAO_SEMANTICA,LEGADO_NAO_AUDITADO
CB-MICR-033,RESP,RESP,MICR,Microbiologia,Virologia,Estrutura e replicação viral,Compreender por que os vírus são parasitas intracelulares obrigatórios.,virus | parasita intracelular obrigatorio | replicacao viral | celula hospedeira,intermediaria,False,,NAO_DECLARADA,False,NAO_DECLARADO,PENDENTE_VALIDACAO_SEMANTICA,LEGADO_NAO_AUDITADO
CB-MICR-034,TEG,TEG,MICR,Microbiologia,Estrutura bacteriana,Gram-positivas x Gram-negativas,Distinguir Gram-positivas e Gram-negativas pela parede (peptidoglicano e membrana externa).,gram-positiva | gram-negativa | peptidoglicano | membrana externa,intermediaria,False,,NAO_DECLARADA,False,NAO_DECLARADO,PENDENTE_VALIDACAO_SEMANTICA,LEGADO_NAO_AUDITADO
CB-MICR-035,LOCO,LOCO,MICR,Microbiologia,Fisiologia bacteriana,Biofilme,Compreender o biofilme e por que favorece infecções persistentes (proteção contra antibióticos e imunidade).,biofilme | matriz | cateter | resistencia,intermediaria,True,,NAO_DECLARADA,False,NAO_DECLARADO,PENDENTE_VALIDACAO_SEMANTICA,LEGADO_NAO_AUDITADO
CB-MICR-036,TEG,TEG,MICR,Microbiologia,Micologia,Micoses superficiais x profundas,Classificar as micoses por profundidade (superficiais a profundas/sistêmicas) e relacioná-las à imunidade.,micose | dermatofitose | micose sistemica | imunocomprometido,intermediaria,True,,NAO_DECLARADA,False,NAO_DECLARADO,PENDENTE_VALIDACAO_SEMANTICA,LEGADO_NAO_AUDITADO
CB-MICR-037,RESP,RESP,MICR,Microbiologia,Virologia,Vírus DNA x RNA,Classificar vírus por material genético (DNA/RNA) e entender o impacto das mutações dos vírus de RNA.,virus DNA | virus RNA | mutacao viral | classificacao viral,intermediaria,False,,NAO_DECLARADA,False,NAO_DECLARADO,PENDENTE_VALIDACAO_SEMANTICA,LEGADO_NAO_AUDITADO
CB-MICR-038,REPRO,REPRO,MICR,Microbiologia,Bacteriologia,Gram-positivas x Gram-negativas,Diferenciar Gram-positivas (peptidoglicano espesso) de Gram-negativas (fino + membrana externa).,gram-positiva | gram-negativa | peptidoglicano | membrana externa,intermediaria,False,,NAO_DECLARADA,False,NAO_DECLARADO,PENDENTE_VALIDACAO_SEMANTICA,LEGADO_NAO_AUDITADO
CB-MICR-039,RESP,RESP,MICR,Microbiologia,Resistência antimicrobiana,Uso inadequado de antibióticos,Compreender a resistência como seleção de bactérias já resistentes sob pressão do antibiótico.,resistencia antimicrobiana | pressao seletiva | selecao natural | antibioticos,intermediaria,False,,NAO_DECLARADA,False,NAO_DECLARADO,PENDENTE_VALIDACAO_SEMANTICA,LEGADO_NAO_AUDITADO
CB-MICR-040,HEMATO,HEMATO,MICR,Microbiologia,Virologia,HIV e células-alvo,Reconhecer o linfócito T CD4+ como alvo do HIV e a imunodeficiência resultante.,HIV | linfocito T CD4 | imunodeficiencia | infeccoes oportunistas,intermediaria,True,,NAO_DECLARADA,False,NAO_DECLARADO,PENDENTE_VALIDACAO_SEMANTICA,LEGADO_NAO_AUDITADO
CB-MICR-041,REPRO,REPRO,MICR,Microbiologia,Bacteriologia,Coloração de Gram (parede celular),Relacionar a coloração de Gram à estrutura da parede celular (peptidoglicano e membrana externa).,coloracao de gram | parede celular | peptidoglicano | gram-negativa,intermediaria,False,,NAO_DECLARADA,False,NAO_DECLARADO,PENDENTE_VALIDACAO_SEMANTICA,LEGADO_NAO_AUDITADO
CB-MICR-042,HEMATO,HEMATO,MICR,Microbiologia,Virologia,Estrutura viral (vírus x célula),Compreender a estrutura simples do vírus e sua dependência obrigatória da célula hospedeira.,virus | capsideo | parasita intracelular | material genetico,basica,False,,NAO_DECLARADA,False,NAO_DECLARADO,PENDENTE_VALIDACAO_SEMANTICA,LEGADO_NAO_AUDITADO
CB-MICR-043,TEG,TEG,MICR,Microbiologia,Estrutura bacteriana,Esporos e anaeróbios (Clostridium),Entender o esporo como forma de resistência/dormência e a relação dos clostrídios com feridas anaeróbias.,esporo | clostridium | anaerobio | resistencia,intermediaria,False,,NAO_DECLARADA,False,NAO_DECLARADO,PENDENTE_VALIDACAO_SEMANTICA,LEGADO_NAO_AUDITADO
CB-MICR-044,RESP,RESP,MICR,Microbiologia,Diagnóstico microbiológico,Bacilo álcool-ácido resistente (BAAR),Associar a parede lipídica das micobactérias à álcool-ácido resistência e à coloração de Ziehl-Neelsen.,BAAR | ziehl-neelsen | micobacteria | tuberculose,intermediaria,False,,NAO_DECLARADA,False,NAO_DECLARADO,PENDENTE_VALIDACAO_SEMANTICA,LEGADO_NAO_AUDITADO
CB-MICR-045,TEG,TEG,MICR,Microbiologia,Virologia,Latência viral (herpes),Compreender a latência viral do herpes nos gânglios nervosos e o mecanismo das recorrências.,latencia viral | herpes | ganglio nervoso | reativacao,intermediaria,False,,NAO_DECLARADA,False,NAO_DECLARADO,PENDENTE_VALIDACAO_SEMANTICA,LEGADO_NAO_AUDITADO
CB-MICR-046,REPRO,REPRO,MICR,Microbiologia,Bactérias atípicas,Chlamydia trachomatis,Reconhecer a Chlamydia como bactéria intracelular obrigatória e as implicações para diagnóstico e tratamento.,chlamydia | intracelular obrigatoria | IST | azitromicina,intermediaria,True,,NAO_DECLARADA,False,NAO_DECLARADO,PENDENTE_VALIDACAO_SEMANTICA,LEGADO_NAO_AUDITADO
CB-MICR-047,RESP,RESP,MICR,Microbiologia,Resistência antimicrobiana,Mecanismos de resistência,Compreender os mecanismos de resistência bacteriana e o papel da seleção pelo uso inadequado.,resistencia antimicrobiana | betalactamase | efluxo | selecao,avancada,True,,NAO_DECLARADA,False,NAO_DECLARADO,PENDENTE_VALIDACAO_SEMANTICA,LEGADO_NAO_AUDITADO
CB-MICR-048,IMUNO,IMUNO,MICR,Microbiologia,Virologia,HIV e retrovírus,Compreender o HIV como retrovírus que destrói linfócitos CD4+ e a lógica dos antirretrovirais.,HIV | retrovirus | linfocitos CD4 | transcriptase reversa,avancada,True,,NAO_DECLARADA,False,NAO_DECLARADO,PENDENTE_VALIDACAO_SEMANTICA,LEGADO_NAO_AUDITADO
CB-MICR-049,RENAL,RENAL,MICR,Microbiologia,Infecções bacterianas,Infecção do trato urinário,Reconhecer a E. coli como agente mais comum da ITU e a base anatômica da predisposição feminina.,infeccao urinaria | escherichia coli | cistite | uretra,intermediaria,False,,NAO_DECLARADA,False,NAO_DECLARADO,PENDENTE_VALIDACAO_SEMANTICA,LEGADO_NAO_AUDITADO
CB-MICR-050,REPRO,REPRO,MICR,Microbiologia,Infecções sexualmente transmissíveis,Sífilis,"Reconhecer o Treponema pallidum, os estágios da sífilis e a transmissão congênita.",sifilis | treponema pallidum | IST | sifilis congenita,intermediaria,False,,NAO_DECLARADA,False,NAO_DECLARADO,PENDENTE_VALIDACAO_SEMANTICA,LEGADO_NAO_AUDITADO
CB-MICR-051,IMUNO,IMUNO,MICR,Microbiologia,Micobactérias,Tuberculose,"Compreender a tuberculose e a interação com a imunidade (granuloma, latência, reativação).",tuberculose | mycobacterium tuberculosis | granuloma | latencia,avancada,True,,NAO_DECLARADA,False,NAO_DECLARADO,PENDENTE_VALIDACAO_SEMANTICA,LEGADO_NAO_AUDITADO
CB-MICR-052,REPRO,REPRO,MICR,Microbiologia,Virologia,HPV e câncer de colo,Compreender o HPV como vírus sexualmente transmissível e sua relação com o câncer de colo.,HPV | papilomavirus | cancer de colo | displasia,avancada,True,,NAO_DECLARADA,False,NAO_DECLARADO,PENDENTE_VALIDACAO_SEMANTICA,LEGADO_NAO_AUDITADO
CB-MICR-053,IMUNO,IMUNO,MICR,Microbiologia,Virologia,Estrutura dos vírus,Compreender a estrutura básica do vírus e sua dependência da célula hospedeira.,virus | capsideo | material genetico | parasita intracelular,intermediaria,False,,NAO_DECLARADA,False,NAO_DECLARADO,PENDENTE_VALIDACAO_SEMANTICA,LEGADO_NAO_AUDITADO
CB-MICR-054,TEG,TEG,MICR,Microbiologia,Infecções bacterianas,Impetigo,Reconhecer os agentes bacterianos do impetigo e o seu tratamento.,impetigo | staphylococcus aureus | infeccao de pele | gram-positivas,intermediaria,False,,NAO_DECLARADA,False,NAO_DECLARADO,PENDENTE_VALIDACAO_SEMANTICA,LEGADO_NAO_AUDITADO
CB-MICR-055,IMUNO,IMUNO,MICR,Microbiologia,Imunização,Como funcionam as vacinas,Compreender como as vacinas geram imunidade ativa (anticorpos e memória) sem causar a doença.,vacinas | imunidade ativa | memoria imunologica | anticorpos,intermediaria,True,,NAO_DECLARADA,False,NAO_DECLARADO,PENDENTE_VALIDACAO_SEMANTICA,LEGADO_NAO_AUDITADO
CB-MICR-056,REPRO,REPRO,MICR,Microbiologia,Infecções sexualmente transmissíveis,Gonorreia e clamídia,Reconhecer a gonorreia e a clamídia como ISTs bacterianas e suas complicações.,gonorreia | clamidia | IST | doenca inflamatoria pelvica,intermediaria,False,,NAO_DECLARADA,False,NAO_DECLARADO,PENDENTE_VALIDACAO_SEMANTICA,LEGADO_NAO_AUDITADO
CB-MICR-057,RESP,RESP,MICR,Microbiologia,Infecções respiratórias,Pneumonia,"Reconhecer a pneumonia como infecção dos alvéolos, seus agentes e manifestações.",pneumonia | pneumococo | alveolos | infeccao respiratoria,basica,False,,NAO_DECLARADA,False,NAO_DECLARADO,PENDENTE_VALIDACAO_SEMANTICA,LEGADO_NAO_AUDITADO
CB-MICR-058,IMUNO,IMUNO,MICR,Microbiologia,Virologia,HIV e imunidade,Compreender como o HIV destrói os linfócitos T CD4+ e leva à imunodeficiência (AIDS).,HIV | linfocitos T CD4 | AIDS | antirretrovirais,intermediaria,True,,NAO_DECLARADA,False,NAO_DECLARADO,PENDENTE_VALIDACAO_SEMANTICA,LEGADO_NAO_AUDITADO
CB-MICR-059,RENAL,RENAL,MICR,Microbiologia,Infecções urinárias,Cistite e E. coli,Reconhecer a E. coli como agente mais comum das ITUs e o mecanismo de ascensão.,infeccao urinaria | cistite | escherichia coli | antibioticos,basica,False,,NAO_DECLARADA,False,NAO_DECLARADO,PENDENTE_VALIDACAO_SEMANTICA,LEGADO_NAO_AUDITADO
CB-MICR-060,TEG,TEG,MICR,Microbiologia,Infecções fúngicas,Micoses cutâneas,Reconhecer as micoses cutâneas como infecções fúngicas (dermatófitos) e seu tratamento.,micoses | dermatofitos | queratina | antifungicos,basica,False,,NAO_DECLARADA,False,NAO_DECLARADO,PENDENTE_VALIDACAO_SEMANTICA,LEGADO_NAO_AUDITADO
CB-MICR-061,REPRO,REPRO,MICR,Microbiologia,Infecções sexualmente transmissíveis,Visão geral,"Reconhecer a diversidade de agentes das ISTs, o caráter muitas vezes silencioso e a prevenção.",ISTs | preservativo | assintomatica | prevencao,basica,False,,NAO_DECLARADA,False,NAO_DECLARADO,PENDENTE_VALIDACAO_SEMANTICA,LEGADO_NAO_AUDITADO
CB-MICR-062,RENAL,RENAL,MICR,Microbiologia,Infecções urinárias,Pielonefrite,Diferenciar a pielonefrite (infecção do rim) da cistite e reconhecer sua maior gravidade.,pielonefrite | rim | cistite | escherichia coli,basica,False,,NAO_DECLARADA,False,NAO_DECLARADO,PENDENTE_VALIDACAO_SEMANTICA,LEGADO_NAO_AUDITADO
CB-MICR-063,RESP,RESP,MICR,Microbiologia,Bactérias,Tuberculose,"Reconhecer o agente, a transmissão e o quadro da tuberculose.",tuberculose | Mycobacterium tuberculosis | transmissao aerea | bacilo de Koch,basica,False,,NAO_DECLARADA,False,NAO_DECLARADO,PENDENTE_VALIDACAO_SEMANTICA,LEGADO_NAO_AUDITADO
CB-MICR-064,TEG,TEG,MICR,Microbiologia,Bactérias,Infecções de pele,Reconhecer os agentes das infecções de pele e o papel da barreira cutânea.,infeccoes de pele | Staphylococcus aureus | Streptococcus pyogenes | barreira cutanea,basica,False,,NAO_DECLARADA,False,NAO_DECLARADO,PENDENTE_VALIDACAO_SEMANTICA,LEGADO_NAO_AUDITADO
CB-MICR-065,RENAL,RENAL,MICR,Microbiologia,Bactérias,Infecção urinária,Reconhecer o agente e o mecanismo da infecção urinária.,infeccao urinaria | Escherichia coli | cistite | pielonefrite,basica,False,,NAO_DECLARADA,False,NAO_DECLARADO,PENDENTE_VALIDACAO_SEMANTICA,LEGADO_NAO_AUDITADO
CB-MICR-066,NERV,NERV,MICR,Microbiologia,Bactérias,Meningite,"Reconhecer a meningite, sua gravidade (forma bacteriana) e a prevenção por vacina.",meningite | meninges | rigidez de nuca | vacinacao,basica,False,,NAO_DECLARADA,False,NAO_DECLARADO,PENDENTE_VALIDACAO_SEMANTICA,LEGADO_NAO_AUDITADO
CB-MICR-067,RESP,RESP,MICR,Microbiologia,Vírus,Vírus respiratórios,Compreender como os vírus respiratórios agem e causam os sintomas.,virus respiratorios | influenza | gotriculas | gripe,basica,False,,NAO_DECLARADA,False,NAO_DECLARADO,PENDENTE_VALIDACAO_SEMANTICA,LEGADO_NAO_AUDITADO
CB-MICR-068,REPRO,REPRO,MICR,Microbiologia,Bactérias,Infecções sexualmente transmissíveis,Compreender a transmissão e a importância de tratar sífilis e gonorreia.,ISTs | sifilis | gonorreia | transmissao sexual,basica,False,,NAO_DECLARADA,False,NAO_DECLARADO,PENDENTE_VALIDACAO_SEMANTICA,LEGADO_NAO_AUDITADO
CB-PARA-001,DIG,DIG,PARA,Parasitologia,Ciclo biológico,Esquistossomose,"Esquistossomose: ovo nas fezes → água → caramujo → cercária penetra a pele. Controle: saneamento, caramujo e evitar contato com água.",esquistossomose | cercária | caramujo | hospedeiro intermediário | saneamento,intermediaria,True,PARA | SC,True,False,draft,PENDENTE_VALIDACAO_SEMANTICA,LEGADO_NAO_AUDITADO
CB-PARA-002,DIG,DIG,PARA,Parasitologia,Ciclo biologico,Ascaridiase e ciclo de Loeffler,"Ascaris: ovo ingerido, larva migra pelos pulmoes (Loeffler), e deglutida e amadurece no intestino.",ascaridiase | ciclo de Loeffler | larva migrans | fecal-oral | Ascaris lumbricoides,intermediaria,True,PARA | IMUN,True,True,draft,PENDENTE_VALIDACAO_SEMANTICA,LEGADO_NAO_AUDITADO
CB-PARA-003,HEMATO,HEMATO,PARA,Parasitologia,Protozoarios,Malaria,Malaria: Plasmodium transmitido pelo Anopheles; a febre ciclica segue a ruptura sincronizada das hemacias parasitadas.,malaria | Plasmodium | Anopheles | febre ciclica | hemacia,intermediaria,True,PARA | SC,True,False,draft,PENDENTE_VALIDACAO_SEMANTICA,LEGADO_NAO_AUDITADO
CB-PARA-004,CARDIO,CARDIO,PARA,Parasitologia,Protozoarios,Doenca de Chagas,"Chagas: Trypanosoma cruzi, transmitido pelo barbeiro (triatomineo); forma cronica com cardiomiopatia.",doenca de Chagas | Trypanosoma cruzi | triatomineo | cardiomiopatia | barbeiro,intermediaria,True,PARA | SC,True,False,draft,PENDENTE_VALIDACAO_SEMANTICA,LEGADO_NAO_AUDITADO
CB-PARA-005,DIG,DIG,PARA,Parasitologia,Helmintos,Teniase e cisticercose,"Teniase: larvas na carne (verme no intestino); cisticercose: ovos da T. solium (cistos nos tecidos, ex.: cerebro).",teniase | cisticercose | Taenia solium | neurocisticercose | proglote,intermediaria,True,PARA | SC,True,False,draft,PENDENTE_VALIDACAO_SEMANTICA,LEGADO_NAO_AUDITADO
CB-PARA-006,DIG,DIG,PARA,Parasitologia,Protozoarios,Amebiase,"Amebiase: Entamoeba histolytica, fecal-oral (cistos); causa disenteria e pode dar abscesso hepatico.",amebiase | Entamoeba histolytica | fecal-oral | disenteria | abscesso hepatico,intermediaria,True,PARA | SC,True,True,draft,PENDENTE_VALIDACAO_SEMANTICA,LEGADO_NAO_AUDITADO
CB-PARA-007,TEG,TEG,PARA,Parasitologia,Protozoarios,Leishmaniose,"Leishmaniose: protozoario Leishmania, transmitido pelo flebotomineo (mosquito-palha); forma cutanea e visceral.",leishmaniose | Leishmania | flebotomineo | ulcera cutanea | calazar,intermediaria,True,PARA | SC,True,False,draft,PENDENTE_VALIDACAO_SEMANTICA,LEGADO_NAO_AUDITADO
CB-PARA-008,CARDIO,CARDIO,PARA,Parasitologia,Protozoários,Doença de Chagas,"Doença de Chagas: Trypanosoma cruzi, transmitido pelo barbeiro (triatomíneo); forma crônica com cardiomiopatia e megavísceras.",doenca de Chagas | Trypanosoma cruzi | barbeiro | triatomineo | cardiomiopatia,intermediaria,True,PARA | PATO,True,False,draft,PENDENTE_VALIDACAO_SEMANTICA,LEGADO_NAO_AUDITADO
CB-PARA-009,HEMATO,HEMATO,PARA,Parasitologia,Protozoários,Malária,"Malária: Plasmodium (vetor Anopheles) infecta e rompe as hemácias, causando febre em picos e anemia hemolítica.",malaria | Plasmodium | Anopheles | hemolise | esfregaco,intermediaria,True,PARA | PATO,True,True,draft,PENDENTE_VALIDACAO_SEMANTICA,LEGADO_NAO_AUDITADO
CB-PARA-010,DIG,DIG,PARA,Parasitologia,Helmintos,Esquistossomose,Esquistossomose: Schistosoma mansoni; cercárias penetram a pele na água doce (caramujo Biomphalaria); ovos causam fibrose hepática.,esquistossomose | Schistosoma mansoni | cercaria | Biomphalaria | hipertensao portal,intermediaria,True,PARA | PATO,True,True,draft,PENDENTE_VALIDACAO_SEMANTICA,LEGADO_NAO_AUDITADO
CB-PARA-011,DIG,DIG,PARA,Parasitologia,Protozoários,Giardíase,"Giardíase: Giardia (fecal-oral, água/alimentos); adere ao intestino delgado e causa diarreia e má absorção.",giardiase | Giardia | fecal-oral | ma absorcao | esteatorreia,intermediaria,True,PARA | FISI,True,True,draft,PENDENTE_VALIDACAO_SEMANTICA,LEGADO_NAO_AUDITADO
CB-PARA-012,DIG,DIG,PARA,Parasitologia,Helmintos,Ascaridíase,"Ascaridíase: Ascaris lumbricoides, ingestão de ovos (fecal-oral); pode causar obstrução intestinal; ligada a saneamento.",ascaridiase | Ascaris lumbricoides | fecal-oral | obstrucao intestinal | saneamento,basica,False,,True,True,draft,PENDENTE_VALIDACAO_SEMANTICA,LEGADO_NAO_AUDITADO
CB-PARA-013,Digestivo,DIG,PARA,Parasitologia,Protozoários,Ciclo e transmissão,"Distinguir cisto (transmissão, resistente) de trofozoíto (doença, frágil) nas parasitoses hídricas.",cisto | trofozoito | transmissao hidrica | protozoario,intermediaria,False,,NAO_DECLARADA,False,NAO_DECLARADO,PENDENTE_VALIDACAO_SEMANTICA,LEGADO_NAO_AUDITADO
CB-PARA-014,Digestivo,DIG,PARA,Parasitologia,Helmintos,Ciclo e prevenção,Relacionar a via de transmissão cutânea do ancilostomídeo às medidas de prevenção adequadas.,ancilostomiase | larva | penetracao cutanea | anemia | saneamento,intermediaria,True,,NAO_DECLARADA,False,NAO_DECLARADO,PENDENTE_VALIDACAO_SEMANTICA,LEGADO_NAO_AUDITADO
CB-PARA-015,Cardiovascular,CARDIO,PARA,Parasitologia,Protozoários,Doença de Chagas (vetor),Relacionar a doença de Chagas ao mecanismo de transmissão pelas fezes do triatomíneo.,doenca de chagas | triatomineo | barbeiro | transmissao vetorial,intermediaria,False,,NAO_DECLARADA,False,NAO_DECLARADO,PENDENTE_VALIDACAO_SEMANTICA,LEGADO_NAO_AUDITADO
CB-PARA-016,DIG,DIG,PARA,Parasitologia,Helmintos,Esquistossomose (ciclo),Distinguir hospedeiro intermediário (caramujo) e definitivo (homem) no ciclo da esquistossomose.,esquistossomose | hospedeiro intermediario | caramujo | cercaria,intermediaria,False,,NAO_DECLARADA,False,NAO_DECLARADO,PENDENTE_VALIDACAO_SEMANTICA,LEGADO_NAO_AUDITADO
CB-PARA-017,DIG,DIG,PARA,Parasitologia,Protozoários,Giardíase (transmissão),"Distinguir cisto (resistência, infectante) de trofozoíto (ativo) e a transmissão fecal-oral.",giardiase | cisto | trofozoito | transmissao fecal-oral,intermediaria,False,,NAO_DECLARADA,False,NAO_DECLARADO,PENDENTE_VALIDACAO_SEMANTICA,LEGADO_NAO_AUDITADO
CB-PARA-018,CARDIO,CARDIO,PARA,Parasitologia,Protozoários,Doença de Chagas (transmissão),Compreender o mecanismo clássico de transmissão da doença de Chagas pelas fezes do vetor.,doenca de chagas | barbeiro | triatomineo | transmissao vetorial,intermediaria,False,,NAO_DECLARADA,False,NAO_DECLARADO,PENDENTE_VALIDACAO_SEMANTICA,LEGADO_NAO_AUDITADO
CB-PARA-019,DIG,DIG,PARA,Parasitologia,Helmintos,Ascaridíase (ciclo e transmissão),Relacionar a ascaridíase (e verminoses fecal-orais) à falta de saneamento e higiene.,ascaridiase | transmissao fecal-oral | saneamento | helmintos,intermediaria,True,,NAO_DECLARADA,False,NAO_DECLARADO,PENDENTE_VALIDACAO_SEMANTICA,LEGADO_NAO_AUDITADO
CB-PARA-020,DIG,DIG,PARA,Parasitologia,Protozoários,Amebíase (Entamoeba histolytica),"Distinguir cisto (infectante, resistente) de trofozoíto (ativo, causa a doença) na amebíase.",amebiase | cisto | trofozoito | entamoeba histolytica,intermediaria,False,,NAO_DECLARADA,False,NAO_DECLARADO,PENDENTE_VALIDACAO_SEMANTICA,LEGADO_NAO_AUDITADO
CB-PARA-021,IMUNO,IMUNO,PARA,Parasitologia,Protozoários,Toxoplasmose,Reconhecer o Toxoplasma gondii e as situações graves (gestante e imunocomprometido).,toxoplasmose | toxoplasma gondii | congenita | imunossuprimido,intermediaria,True,,NAO_DECLARADA,False,NAO_DECLARADO,PENDENTE_VALIDACAO_SEMANTICA,LEGADO_NAO_AUDITADO
CB-PARA-022,HEMATO,HEMATO,PARA,Parasitologia,Protozoários,Malária,"Compreender o agente (Plasmodium), o vetor (Anopheles) e o ciclo da malária nas hemácias.",malaria | plasmodium | anopheles | hemacias,intermediaria,True,,NAO_DECLARADA,False,NAO_DECLARADO,PENDENTE_VALIDACAO_SEMANTICA,LEGADO_NAO_AUDITADO
CB-PARA-023,HEMATO,HEMATO,PARA,Parasitologia,Protozoários,Malária,Compreender a transmissão e o ciclo da malária e a origem das crises de febre.,malaria | plasmodium | anopheles | hemacias,basica,False,,NAO_DECLARADA,False,NAO_DECLARADO,PENDENTE_VALIDACAO_SEMANTICA,LEGADO_NAO_AUDITADO
CB-PATO-001,CARDIO,CARDIO,PATO,Patologia,Adaptação celular,Hipertrofia ventricular,Sobrecarga de pressão (hipertensão) → sarcômeros em paralelo → hipertrofia concêntrica do VE. Sobrecarga de volume → excêntrica.,hipertrofia concêntrica | pós-carga | sarcômero | ventrículo esquerdo | adaptação,intermediaria,True,PATO | FISI,True,False,draft,PENDENTE_VALIDACAO_SEMANTICA,LEGADO_NAO_AUDITADO
CB-PATO-002,RESP,RESP,PATO,Patologia,Doença obstrutiva,Enfisema,"Enfisema: destruição alveolar reduz o recolhimento elástico e a tração das vias, que colapsam na expiração (aprisionamento de ar).",enfisema | recolhimento elástico | colapso expiratório | alvéolo | obstrutiva,intermediaria,True,PATO | FISI,True,False,draft,PENDENTE_VALIDACAO_SEMANTICA,LEGADO_NAO_AUDITADO
CB-PATO-003,TEG,TEG,PATO,Patologia,Neoplasia,Progressão neoplásica,Carcinogênese em etapas: displasia → carcinoma in situ (respeita a membrana basal) → carcinoma invasivo (rompe a membrana basal).,displasia | carcinoma in situ | membrana basal | invasão | carcinogênese,avancada,True,PATO | BCM,True,False,draft,PENDENTE_VALIDACAO_SEMANTICA,LEGADO_NAO_AUDITADO
CB-PATO-004,IMUNO,IMUNO,PATO,Patologia,Inflamação aguda,Sinais cardinais,Sinais cardinais da inflamação: vasodilatação (calor e rubor) mais permeabilidade aumentada (edema) mais mediadores (dor).,inflamação aguda | vasodilatação | permeabilidade | edema | sinais cardinais,intermediaria,True,PATO | IMUN,True,False,draft,PENDENTE_VALIDACAO_SEMANTICA,LEGADO_NAO_AUDITADO
CB-PATO-005,CARDIO,CARDIO,PATO,Patologia,Aterosclerose,Formação da placa,"Aterosclerose: lesão endotelial, LDL oxidado, células espumosas e placa (núcleo lipídico mais capa fibrosa) que estenosa ou rompe.",aterosclerose | LDL | célula espumosa | placa | endotélio,avancada,True,PATO | FISI,True,False,draft,PENDENTE_VALIDACAO_SEMANTICA,LEGADO_NAO_AUDITADO
CB-PATO-006,RENAL,RENAL,PATO,Patologia,Glomerulopatias,Síndrome nefrótica,"Síndrome nefrótica: lesão dos podócitos, proteinúria maciça, hipoalbuminemia, queda da pressão oncótica e edema.",síndrome nefrótica | podócito | proteinúria | hipoalbuminemia | edema,intermediaria,True,PATO | FISI,True,False,draft,PENDENTE_VALIDACAO_SEMANTICA,LEGADO_NAO_AUDITADO
CB-PATO-007,HEMATO,HEMATO,PATO,Patologia,Disturbios hemodinamicos,Triade de Virchow,"Triade de Virchow: estase, lesao endotelial e hipercoagulabilidade favorecem a trombose.",triade de Virchow | trombose | estase | lesao endotelial | hipercoagulabilidade,intermediaria,True,PATO | FISI,True,True,draft,PENDENTE_VALIDACAO_SEMANTICA,LEGADO_NAO_AUDITADO
CB-PATO-008,DIG,DIG,PATO,Patologia,Adaptacao celular,Metaplasia de Barrett,"Esofago de Barrett e metaplasia (escamoso para colunar) por refluxo; adapta, mas aumenta o risco de adenocarcinoma.",metaplasia | esofago de Barrett | refluxo | adenocarcinoma | adaptacao celular,intermediaria,False,,True,False,draft,PENDENTE_VALIDACAO_SEMANTICA,LEGADO_NAO_AUDITADO
CB-PATO-009,RESP,RESP,PATO,Patologia,Disturbios hemodinamicos,Edema pulmonar,Edema pulmonar na IC esquerda: pressao hidrostatica capilar alta (Starling) empurra liquido aos alveolos.,edema pulmonar | forcas de Starling | pressao hidrostatica | insuficiencia cardiaca | pressao oncotica,avancada,True,PATO | FISI,True,False,draft,PENDENTE_VALIDACAO_SEMANTICA,LEGADO_NAO_AUDITADO
CB-PATO-010,RESP,RESP,PATO,Patologia,Inflamacao cronica,Granuloma,"Granuloma com necrose caseosa = inflamacao cronica granulomatosa, tipica da tuberculose.",granuloma | inflamacao cronica | necrose caseosa | tuberculose | macrofago,intermediaria,True,PATO | MICR,True,False,draft,PENDENTE_VALIDACAO_SEMANTICA,LEGADO_NAO_AUDITADO
CB-PATO-011,CARDIO,CARDIO,PATO,Patologia,Isquemia e infarto,Infarto do miocardio,"Coronaria ocluida: isquemia e, se prolongada, necrose (infarto) do miocardio, com liberacao de troponina.",infarto do miocardio | isquemia | necrose | troponina | coronaria,avancada,True,PATO | FISI,True,True,draft,PENDENTE_VALIDACAO_SEMANTICA,LEGADO_NAO_AUDITADO
CB-PATO-012,TEG,TEG,PATO,Patologia,Reparo tecidual,Primeira e segunda intencao,Primeira intencao (bordas aproximadas): cicatriz minima; segunda intencao (bordas afastadas): cicatriz maior.,cicatrizacao | primeira intencao | segunda intencao | tecido de granulacao | reparo,intermediaria,False,,True,False,draft,PENDENTE_VALIDACAO_SEMANTICA,LEGADO_NAO_AUDITADO
CB-PATO-013,ENDO,ENDO,PATO,Patologia,Neoplasia,Benigno e maligno,"Malignidade: invasao, limites mal definidos, atipia e metastase. Benigno: bem delimitado, sem invasao.",neoplasia | maligno | benigno | metastase | atipia,intermediaria,True,PATO | FISI,True,False,draft,PENDENTE_VALIDACAO_SEMANTICA,LEGADO_NAO_AUDITADO
CB-PATO-014,RESP,RESP,PATO,Patologia,Embolia,Tromboembolismo pulmonar,"TEP: trombo das veias profundas das pernas viaja e obstrui a arteria pulmonar (espaco morto, hipoxemia).",tromboembolismo pulmonar | trombose venosa profunda | embolo | arteria pulmonar | espaco morto,avancada,True,PATO | FISI,True,False,draft,PENDENTE_VALIDACAO_SEMANTICA,LEGADO_NAO_AUDITADO
CB-PATO-015,REPRO,REPRO,PATO,Patologia,Adaptacao celular,Hipertrofia e hiperplasia,Hipertrofia = celulas maiores; hiperplasia = mais celulas. Ambas aumentam o orgao (utero na gravidez).,hipertrofia | hiperplasia | adaptacao celular | utero | gravidez,intermediaria,False,,True,False,draft,PENDENTE_VALIDACAO_SEMANTICA,LEGADO_NAO_AUDITADO
CB-PATO-016,CARDIO,CARDIO,PATO,Patologia,Choque,Tipos de choque,Choque = perfusao inadequada e hipoxia tecidual. A hemorragia causa choque hipovolemico.,choque | hipovolemico | perfusao | hipoxia | hemorragia,avancada,True,PATO | FISI,True,False,draft,PENDENTE_VALIDACAO_SEMANTICA,LEGADO_NAO_AUDITADO
CB-PATO-017,DIG,DIG,PATO,Patologia,Inflamacao aguda,Apendicite,Apendicite: inflamacao aguda (neutrofilos) por obstrucao e infeccao; a dor migra para a fossa iliaca direita.,apendicite | inflamacao aguda | neutrofilos | fossa iliaca direita | peritonite,intermediaria,False,,True,False,draft,PENDENTE_VALIDACAO_SEMANTICA,LEGADO_NAO_AUDITADO
CB-PATO-018,RENAL,RENAL,PATO,Patologia,Doencas glomerulares,Nefritica e nefrotica,"Nefrotica: proteinuria intensa, edema, urina espumosa. Nefritica: hematuria, hipertensao, inflamacao glomerular.",sindrome nefrotica | sindrome nefritica | proteinuria | hematuria | glomerulo,intermediaria,False,,True,False,draft,PENDENTE_VALIDACAO_SEMANTICA,LEGADO_NAO_AUDITADO
CB-PATO-019,DIG,DIG,PATO,Patologia,Cirrose,Fibrose hepatica,Cirrose: fibrose difusa com nodulos de regeneracao; causa disfuncao hepatica e hipertensao portal.,cirrose | fibrose hepatica | nodulos de regeneracao | hipertensao portal | insuficiencia hepatica,avancada,True,PATO | FISI,True,False,draft,PENDENTE_VALIDACAO_SEMANTICA,LEGADO_NAO_AUDITADO
CB-PATO-020,TEG,TEG,PATO,Patologia,Reparo tecidual,Queloide,"Queloide: reparo excessivo, com colageno exagerado que ultrapassa os limites da ferida (nao e tumor nem infeccao).",queloide | cicatriz hipertrofica | colageno | fibroblasto | reparo,intermediaria,False,,True,False,draft,PENDENTE_VALIDACAO_SEMANTICA,LEGADO_NAO_AUDITADO
CB-PATO-021,LOCO,LOCO,PATO,Patologia,Osso,Osteoporose,"Osteoporose: reabsorcao ossea supera a formacao (queda do estrogenio), com perda de massa e fraturas.",osteoporose | reabsorcao ossea | estrogenio | fratura | osteoclasto,intermediaria,True,PATO | BIOQ,True,False,draft,PENDENTE_VALIDACAO_SEMANTICA,LEGADO_NAO_AUDITADO
CB-PATO-022,HEMATO,HEMATO,PATO,Patologia,Trombose,Tríade de Virchow,Tríade de Virchow: lesão endotelial + estase do fluxo + hipercoagulabilidade favorecem a trombose.,triade de Virchow | trombose | lesao endotelial | estase | hipercoagulabilidade,intermediaria,True,PATO | FISI,True,False,draft,PENDENTE_VALIDACAO_SEMANTICA,LEGADO_NAO_AUDITADO
CB-PATO-023,DIG,DIG,PATO,Patologia,Adaptação celular,Metaplasia (esôfago de Barrett),Metaplasia: troca de um epitélio maduro por outro mais resistente (ex.: Barrett no refluxo); pode predispor a câncer.,metaplasia | esofago de Barrett | refluxo | adaptacao celular | adenocarcinoma,avancada,True,PATO | FISI,True,False,draft,PENDENTE_VALIDACAO_SEMANTICA,LEGADO_NAO_AUDITADO
CB-PATO-024,REPRO,REPRO,PATO,Patologia,Neoplasia,Displasia e progressão (HPV),Displasia: crescimento desordenado pré-maligno (ex.: colo do útero/HPV) que pode progredir a carcinoma; é reversível/tratável.,displasia | HPV | colo do utero | carcinoma in situ | rastreamento,intermediaria,True,PATO | MICR,True,False,draft,PENDENTE_VALIDACAO_SEMANTICA,LEGADO_NAO_AUDITADO
CB-PATO-025,TEG,TEG,PATO,Patologia,Inflamação aguda,Sinais cardinais e mediadores,"Inflamação aguda: vasodilatação e aumento da permeabilidade + leucócitos → rubor, calor, edema, dor.",inflamacao aguda | vasodilatacao | permeabilidade | leucocitos | sinais cardinais,intermediaria,True,PATO | IMUN,True,False,draft,PENDENTE_VALIDACAO_SEMANTICA,LEGADO_NAO_AUDITADO
CB-PATO-026,CARDIO,CARDIO,PATO,Patologia,Distúrbios hemodinâmicos,Edema,Edema: desequilíbrio nas forças capilares; o aumento da pressão hidrostática (ex.: ICC) empurra líquido ao interstício.,edema | pressao hidrostatica | pressao oncotica | insuficiencia cardiaca | congestao,intermediaria,True,PATO | FISI,True,True,draft,PENDENTE_VALIDACAO_SEMANTICA,LEGADO_NAO_AUDITADO
CB-PATO-027,CARDIO,CARDIO,PATO,Patologia,Aterosclerose,Formação da placa,Aterosclerose: lesão endotelial + LDL oxidado + inflamação (células espumosas) formam a placa (núcleo lipídico + capa fibrosa).,aterosclerose | LDL | endotelio | celula espumosa | placa,avancada,True,PATO | BIOQ,True,True,draft,PENDENTE_VALIDACAO_SEMANTICA,LEGADO_NAO_AUDITADO
CB-PATO-028,RESP,RESP,PATO,Patologia,Inflamação crônica,Granuloma (tuberculose),Granuloma: acúmulo organizado de macrófagos (epitelioides/gigantes) e linfócitos que isola um agente persistente (ex.: TB).,granuloma | inflamacao cronica | tuberculose | macrofago | necrose caseosa,intermediaria,True,PATO | IMUN,True,False,draft,PENDENTE_VALIDACAO_SEMANTICA,LEGADO_NAO_AUDITADO
CB-PATO-029,REPRO,REPRO,PATO,Patologia,Gestação,Pré-eclâmpsia,Pré-eclâmpsia: placentação anormal + disfunção endotelial → hipertensão e proteinúria na gestação.,pre-eclampsia | placenta | endotelio | hipertensao | proteinuria,avancada,True,PATO | FISI,True,False,draft,PENDENTE_VALIDACAO_SEMANTICA,LEGADO_NAO_AUDITADO
CB-PATO-030,HEMATO,HEMATO,PATO,Patologia,Anemias,Classificação pelo tamanho da hemácia,"Anemia microcítica (ferropriva), macrocítica (B12/folato) e normocítica (doença crônica/sangramento agudo).",anemia | VCM | microcitica | macrocitica | ferropriva,intermediaria,True,PATO | BIOQ,True,False,draft,PENDENTE_VALIDACAO_SEMANTICA,LEGADO_NAO_AUDITADO
CB-PATO-033,HEMATO,HEMATO,PATO,Patologia,Neoplasias hematológicas,Leucemia,"Leucemia: proliferação clonal de células imaturas (blastos) na medula, que substitui a hematopoese normal (anemia, sangramento, infecções).",leucemia | blastos | proliferacao clonal | medula ossea | hematopoese,avancada,True,PATO | BCM,True,False,draft,PENDENTE_VALIDACAO_SEMANTICA,LEGADO_NAO_AUDITADO
CB-PATO-034,RENAL,RENAL,PATO,Patologia,Infecção renal,Pielonefrite,"Pielonefrite: a infecção ascende da bexiga aos rins, inflamando o parênquima renal (febre, calafrios, dor lombar).",pielonefrite | infeccao urinaria | via ascendente | dor lombar | parenquima renal,intermediaria,True,PATO | MICR,True,False,draft,PENDENTE_VALIDACAO_SEMANTICA,LEGADO_NAO_AUDITADO
CB-PATO-035,HEMATO,HEMATO,PATO,Patologia,Hemostasia,Distúrbios de coagulação,"Plaquetas ↓: sangramento superficial (petéquias, mucosas). Fatores ↓ (hemofilia): sangramento profundo (hemartrose).",plaquetopenia | hemofilia | petequias | hemartrose | coagulacao,avancada,True,PATO | FISI,True,False,draft,PENDENTE_VALIDACAO_SEMANTICA,LEGADO_NAO_AUDITADO
CB-PATO-036,TEG,TEG,PATO,Patologia,Neoplasias,Melanoma,"Melanoma: suspeitar por Assimetria, Bordas irregulares, Cores variadas, Diâmetro grande, Evolução (regra ABCDE).",melanoma | ABCDE | melanocito | lesao pigmentada | protecao solar,intermediaria,True,PATO | BCM,True,False,draft,PENDENTE_VALIDACAO_SEMANTICA,LEGADO_NAO_AUDITADO
CB-PATO-037,Cardiovascular,CARDIO,PATO,Patologia,Adaptação celular,Hipertrofia,Relacionar a incapacidade de divisão do cardiomiócito à hipertrofia como resposta à sobrecarga.,hipertrofia | adaptacao celular | cardiomiocito | hipertensao,intermediaria,True,,NAO_DECLARADA,False,NAO_DECLARADO,PENDENTE_VALIDACAO_SEMANTICA,LEGADO_NAO_AUDITADO
CB-PATO-038,Imunológico,IMUNO,PATO,Patologia,Inflamação aguda,Sinais cardinais,Explicar rubor e calor da inflamação pela vasodilatação e aumento do fluxo sanguíneo.,inflamacao aguda | vasodilatacao | hiperemia | sinais cardinais,basica,False,,NAO_DECLARADA,False,NAO_DECLARADO,PENDENTE_VALIDACAO_SEMANTICA,LEGADO_NAO_AUDITADO
CB-PATO-039,Imunológico,IMUNO,PATO,Patologia,Neoplasia,Características de malignidade,Reconhecer invasão e metástase como marcas definidoras de malignidade.,neoplasia | malignidade | metastase | invasao,intermediaria,False,,NAO_DECLARADA,False,NAO_DECLARADO,PENDENTE_VALIDACAO_SEMANTICA,LEGADO_NAO_AUDITADO
CB-PATO-040,Cardiovascular,CARDIO,PATO,Patologia,Distúrbios hemodinâmicos,Trombose (tríade de Virchow),Reconhecer a tríade de Virchow como base da formação de trombos.,triade de virchow | trombose | estase | hipercoagulabilidade,avancada,False,,NAO_DECLARADA,False,NAO_DECLARADO,PENDENTE_VALIDACAO_SEMANTICA,LEGADO_NAO_AUDITADO
CB-PATO-041,Digestivo,DIG,PATO,Patologia,Carcinogênese,Genes do câncer,Diferenciar proto-oncogenes/oncogenes de genes supressores de tumor na carcinogênese.,oncogene | proto-oncogene | gene supressor de tumor | carcinogenese,avancada,True,,NAO_DECLARADA,False,NAO_DECLARADO,PENDENTE_VALIDACAO_SEMANTICA,LEGADO_NAO_AUDITADO
CB-PATO-042,Respiratório,RESP,PATO,Patologia,Inflamação crônica,Granuloma,Reconhecer o granuloma como resposta organizada a agentes persistentes na inflamação crônica.,granuloma | inflamacao cronica | macrofago | tuberculose,avancada,False,,NAO_DECLARADA,False,NAO_DECLARADO,PENDENTE_VALIDACAO_SEMANTICA,LEGADO_NAO_AUDITADO
CB-PATO-043,Digestivo,DIG,PATO,Patologia,Adaptação celular,Metaplasia,Reconhecer a metaplasia como substituição de tipo celular em resposta a agressão crônica.,metaplasia | esofago de barrett | adaptacao celular | refluxo,avancada,True,,NAO_DECLARADA,False,NAO_DECLARADO,PENDENTE_VALIDACAO_SEMANTICA,LEGADO_NAO_AUDITADO
CB-PATO-044,Cardiovascular,CARDIO,PATO,Patologia,Lesão celular,Lesão reversível x irreversível,Reconhecer o dano de membrana como marco da transição de lesão reversível para irreversível.,lesao celular | isquemia | irreversibilidade | membrana,avancada,False,,NAO_DECLARADA,False,NAO_DECLARADO,PENDENTE_VALIDACAO_SEMANTICA,LEGADO_NAO_AUDITADO
CB-PATO-045,TEG,TEG,PATO,Patologia,Reparo tecidual,Cicatrização e fibrose,Diferenciar regeneração de reparo por fibrose conforme a capacidade do tecido e a extensão da lesão.,reparo tecidual | fibrose | cicatrizacao | regeneracao,intermediaria,False,,NAO_DECLARADA,False,NAO_DECLARADO,PENDENTE_VALIDACAO_SEMANTICA,LEGADO_NAO_AUDITADO
CB-PATO-046,RESP,RESP,PATO,Patologia,Distúrbios hemodinâmicos,Embolia pulmonar,Distinguir embolia (material que se desloca) de trombose local e reconhecer a embolia pulmonar.,embolia | embolia pulmonar | trombose venosa profunda | embolo,avancada,True,,NAO_DECLARADA,False,NAO_DECLARADO,PENDENTE_VALIDACAO_SEMANTICA,LEGADO_NAO_AUDITADO
CB-PATO-047,HEMATO,HEMATO,PATO,Patologia,Inflamação,Células da inflamação aguda e crônica,Associar neutrófilos à inflamação aguda e macrófagos/linfócitos à crônica.,neutrofilos | macrofagos | inflamacao aguda | inflamacao cronica,intermediaria,False,,NAO_DECLARADA,False,NAO_DECLARADO,PENDENTE_VALIDACAO_SEMANTICA,LEGADO_NAO_AUDITADO
CB-PATO-048,DIG,DIG,PATO,Patologia,Neoplasias,Benigno x maligno,"Diferenciar tumores malignos de benignos por invasão, metástase, crescimento e diferenciação.",neoplasia maligna | metastase | invasao | diferenciacao celular,intermediaria,False,,NAO_DECLARADA,False,NAO_DECLARADO,PENDENTE_VALIDACAO_SEMANTICA,LEGADO_NAO_AUDITADO
CB-PATO-049,TEG,TEG,PATO,Patologia,Inflamação aguda,Sinais cardinais,Explicar os sinais cardinais da inflamação aguda pelos mecanismos vasculares e mediadores.,inflamacao aguda | sinais cardinais | vasodilatacao | edema,basica,False,,NAO_DECLARADA,False,NAO_DECLARADO,PENDENTE_VALIDACAO_SEMANTICA,LEGADO_NAO_AUDITADO
CB-PATO-050,CARDIO,CARDIO,PATO,Patologia,Adaptação celular,Hipertrofia,"Distinguir hipertrofia (célula maior) de hiperplasia, atrofia e metaplasia no coração hipertenso.",hipertrofia | cardiomiocitos | hipertensao | adaptacao celular,intermediaria,True,,NAO_DECLARADA,False,NAO_DECLARADO,PENDENTE_VALIDACAO_SEMANTICA,LEGADO_NAO_AUDITADO
CB-PATO-051,CARDIO,CARDIO,PATO,Patologia,Distúrbios hemodinâmicos,Tríade de Virchow,Reconhecer a tríade de Virchow e seus três componentes na trombose.,triade de virchow | trombose | estase | hipercoagulabilidade,avancada,False,,NAO_DECLARADA,False,NAO_DECLARADO,PENDENTE_VALIDACAO_SEMANTICA,LEGADO_NAO_AUDITADO
CB-PATO-052,LOCO,LOCO,PATO,Patologia,Inflamação,Aguda x crônica,Diferenciar inflamação aguda (neutrófilos) de crônica (macrófagos e linfócitos).,inflamacao aguda | inflamacao cronica | neutrofilos | macrofagos,intermediaria,False,,NAO_DECLARADA,False,NAO_DECLARADO,PENDENTE_VALIDACAO_SEMANTICA,LEGADO_NAO_AUDITADO
CB-PATO-053,TEG,TEG,PATO,Patologia,Morte celular,Apoptose x necrose,"Distinguir apoptose (programada, sem inflamação) de necrose (por lesão, com inflamação).",apoptose | necrose | morte celular programada | inflamacao,avancada,False,,NAO_DECLARADA,False,NAO_DECLARADO,PENDENTE_VALIDACAO_SEMANTICA,LEGADO_NAO_AUDITADO
CB-PATO-054,RENAL,RENAL,PATO,Patologia,Distúrbios hemodinâmicos,Edema,Explicar o edema por queda da pressão oncótica na hipoproteinemia.,edema | pressao oncotica | albumina | intersticio,intermediaria,True,,NAO_DECLARADA,False,NAO_DECLARADO,PENDENTE_VALIDACAO_SEMANTICA,LEGADO_NAO_AUDITADO
CB-PATO-055,DIG,DIG,PATO,Patologia,Neoplasias,Benigno x maligno,"Diferenciar tumor maligno (invasão e metástase) de benigno (localizado, delimitado).",neoplasia | tumor maligno | metastase | invasao,intermediaria,False,,NAO_DECLARADA,False,NAO_DECLARADO,PENDENTE_VALIDACAO_SEMANTICA,LEGADO_NAO_AUDITADO
CB-PATO-056,LOCO,LOCO,PATO,Patologia,Inflamação,Sinais cardinais da inflamação,"Reconhecer os sinais cardinais da inflamação (rubor, calor, tumor, dor, perda de função) e sua origem.",inflamacao aguda | sinais cardinais | rubor calor tumor dor | vasodilatacao,basica,True,,NAO_DECLARADA,False,NAO_DECLARADO,PENDENTE_VALIDACAO_SEMANTICA,LEGADO_NAO_AUDITADO
CB-PATO-057,CARDIO,CARDIO,PATO,Patologia,Distúrbios hemodinâmicos,Trombo x êmbolo,Distinguir trombo (fixo no local de formação) de êmbolo (massa que viaja e obstrui à distância).,trombo | embolo | tromboembolismo | triade de virchow,intermediaria,False,,NAO_DECLARADA,False,NAO_DECLARADO,PENDENTE_VALIDACAO_SEMANTICA,LEGADO_NAO_AUDITADO
CB-PATO-058,REPRO,REPRO,PATO,Patologia,Adaptação celular,Hiperplasia x hipertrofia,Diferenciar hipertrofia (células maiores) de hiperplasia (mais células).,hipertrofia | hiperplasia | adaptacao celular | utero gravidez,intermediaria,True,,NAO_DECLARADA,False,NAO_DECLARADO,PENDENTE_VALIDACAO_SEMANTICA,LEGADO_NAO_AUDITADO
CB-PATO-059,TEG,TEG,PATO,Patologia,Reparo tecidual,Cicatrização (primeira x segunda intenção),"Distinguir cicatrização por primeira intenção (bordas próximas) e por segunda intenção (ferida aberta, granulação).",cicatrizacao | primeira intencao | segunda intencao | tecido de granulacao,intermediaria,False,,NAO_DECLARADA,False,NAO_DECLARADO,PENDENTE_VALIDACAO_SEMANTICA,LEGADO_NAO_AUDITADO
CB-PATO-060,RENAL,RENAL,PATO,Patologia,Inflamação,Inflamação aguda x crônica,"Distinguir inflamação aguda (neutrófilos, rápida) de crônica (linfócitos/macrófagos, prolongada, fibrose).",inflamacao aguda | inflamacao cronica | neutrofilos | macrofagos,intermediaria,False,,NAO_DECLARADA,False,NAO_DECLARADO,PENDENTE_VALIDACAO_SEMANTICA,LEGADO_NAO_AUDITADO
CB-PATO-061,IMUNO,IMUNO,PATO,Patologia,Neoplasias,Benigno x maligno (metástase),Reconhecer invasão e metástase como o que define a malignidade de um tumor.,neoplasia | tumor maligno | metastase | invasao,intermediaria,False,,NAO_DECLARADA,False,NAO_DECLARADO,PENDENTE_VALIDACAO_SEMANTICA,LEGADO_NAO_AUDITADO
CB-PATO-062,ENDO,ENDO,PATO,Patologia,Distúrbios hemodinâmicos,Edema (mecanismos),Reconhecer a redução da pressão oncótica (baixa de albumina) como mecanismo clássico de edema.,edema | pressao oncotica | albumina | disturbios hemodinamicos,intermediaria,True,,NAO_DECLARADA,False,NAO_DECLARADO,PENDENTE_VALIDACAO_SEMANTICA,LEGADO_NAO_AUDITADO
CB-PATO-063,ENDO,ENDO,PATO,Patologia,Depósitos patológicos,Calcificação distrófica x metastática,"Distinguir calcificação distrófica (cálcio normal, tecido lesado) de metastática (hipercalcemia, tecido normal).",calcificacao distrofica | calcificacao metastatica | hipercalcemia | deposito de calcio,avancada,True,,NAO_DECLARADA,False,NAO_DECLARADO,PENDENTE_VALIDACAO_SEMANTICA,LEGADO_NAO_AUDITADO
CB-PATO-064,HEMATO,HEMATO,PATO,Patologia,Acúmulos intracelulares,Sobrecarga de ferro (hemossiderose),"Associar a sobrecarga de ferro à hemossiderina e ao dano oxidativo em fígado, coração e pâncreas.",hemossiderina | ferro | hemocromatose | ferritina,intermediaria,True,,NAO_DECLARADA,False,NAO_DECLARADO,PENDENTE_VALIDACAO_SEMANTICA,LEGADO_NAO_AUDITADO
CB-PATO-065,RESP,RESP,PATO,Patologia,Distúrbios hemodinâmicos,Transudato x exsudato,Distinguir transudato (desequilíbrio de pressões) de exsudato (aumento de permeabilidade na inflamação).,transudato | exsudato | derrame pleural | permeabilidade vascular,intermediaria,True,,NAO_DECLARADA,False,NAO_DECLARADO,PENDENTE_VALIDACAO_SEMANTICA,LEGADO_NAO_AUDITADO
CB-PATO-066,RENAL,RENAL,PATO,Patologia,Acúmulos extracelulares,Amiloidose,Compreender a amiloidose como depósito de proteínas mal dobradas e seu impacto renal (proteinúria/síndrome nefrótica).,amiloidose | proteinas mal dobradas | glomerulo | sindrome nefrotica,avancada,False,,NAO_DECLARADA,False,NAO_DECLARADO,PENDENTE_VALIDACAO_SEMANTICA,LEGADO_NAO_AUDITADO
CB-PATO-067,REPRO,REPRO,PATO,Patologia,Neoplasias,Gradação x estadiamento,"Distinguir gradação (diferenciação celular) de estadiamento (extensão anatômica, TNM).",gradacao | estadiamento | TNM | diferenciacao,intermediaria,False,,NAO_DECLARADA,False,NAO_DECLARADO,PENDENTE_VALIDACAO_SEMANTICA,LEGADO_NAO_AUDITADO
CB-PATO-068,LOCO,LOCO,PATO,Patologia,Embolia,Embolia gordurosa,Associar a fratura de osso longo à embolia gordurosa e reconhecer sua tríade clínica.,embolia gordurosa | fratura | medula ossea | petequias,avancada,True,,NAO_DECLARADA,False,NAO_DECLARADO,PENDENTE_VALIDACAO_SEMANTICA,LEGADO_NAO_AUDITADO
CB-PATO-069,HEMATO,HEMATO,PATO,Patologia,Distúrbios hemodinâmicos,Trombose e tríade de Virchow,"Conhecer a tríade de Virchow (lesão endotelial, alteração do fluxo, hipercoagulabilidade) como base da trombose.",trombose | triade de virchow | estase | hipercoagulabilidade,avancada,False,,NAO_DECLARADA,False,NAO_DECLARADO,PENDENTE_VALIDACAO_SEMANTICA,LEGADO_NAO_AUDITADO
CB-PATO-070,TEG,TEG,PATO,Patologia,Acúmulos intracelulares,Pigmentos (melanina e lipofuscina),"Distinguir melanina (proteção, melanócitos) de lipofuscina (desgaste, envelhecimento).",melanina | lipofuscina | pigmentos | envelhecimento,intermediaria,False,,NAO_DECLARADA,False,NAO_DECLARADO,PENDENTE_VALIDACAO_SEMANTICA,LEGADO_NAO_AUDITADO
CB-PATO-071,NERV,NERV,PATO,Patologia,Morte celular,Tipos de necrose,"Associar os tipos de necrose (coagulação, liquefação, caseosa) aos seus contextos típicos.",necrose | coagulacao | liquefacao | caseosa,avancada,False,,NAO_DECLARADA,False,NAO_DECLARADO,PENDENTE_VALIDACAO_SEMANTICA,LEGADO_NAO_AUDITADO
CB-PATO-072,REPRO,REPRO,PATO,Patologia,Adaptação e pré-neoplasia,Metaplasia e displasia,Distinguir metaplasia (adaptação reversível) de displasia (lesão pré-neoplásica).,metaplasia | displasia | pre-neoplasia | colo do utero,avancada,False,,NAO_DECLARADA,False,NAO_DECLARADO,PENDENTE_VALIDACAO_SEMANTICA,LEGADO_NAO_AUDITADO
CB-PATO-073,LOCO,LOCO,PATO,Patologia,Reparo tecidual,Capacidade regenerativa dos tecidos,"Relacionar as classes celulares (lábeis, estáveis, permanentes) à regeneração ou à cicatrização.",reparo tecidual | celulas labeis | celulas permanentes | fibrose,intermediaria,False,,NAO_DECLARADA,False,NAO_DECLARADO,PENDENTE_VALIDACAO_SEMANTICA,LEGADO_NAO_AUDITADO
CB-PATO-074,RENAL,RENAL,PATO,Patologia,Cálculos,Litíase urinária,Compreender a formação dos cálculos urinários e a origem da cólica renal.,litiase urinaria | calculos | colica renal | cristalizacao,intermediaria,False,,NAO_DECLARADA,False,NAO_DECLARADO,PENDENTE_VALIDACAO_SEMANTICA,LEGADO_NAO_AUDITADO
CB-PATO-075,REPRO,REPRO,PATO,Patologia,Adaptações celulares,Hiperplasia prostática benigna,Compreender a HPB como hiperplasia benigna e a origem anatômica dos sintomas urinários.,hiperplasia prostatica | HPB | uretra | sintomas urinarios,intermediaria,False,,NAO_DECLARADA,False,NAO_DECLARADO,PENDENTE_VALIDACAO_SEMANTICA,LEGADO_NAO_AUDITADO
CB-PATO-076,HEMATO,HEMATO,PATO,Patologia,Distúrbios das hemácias,Anemias (mecanismos),"Classificar as anemias pelos três mecanismos (produção, perda, destruição).",anemia | hemoglobina | hemolise | deficiencia de ferro,intermediaria,False,,NAO_DECLARADA,False,NAO_DECLARADO,PENDENTE_VALIDACAO_SEMANTICA,LEGADO_NAO_AUDITADO
CB-PATO-077,RENAL,RENAL,PATO,Patologia,Insuficiência renal,Aguda x crônica,"Distinguir a lesão renal aguda (rápida, reversível) da doença renal crônica (progressiva, irreversível).",lesao renal aguda | doenca renal cronica | reversibilidade | dialise,intermediaria,False,,NAO_DECLARADA,False,NAO_DECLARADO,PENDENTE_VALIDACAO_SEMANTICA,LEGADO_NAO_AUDITADO
CB-PATO-078,LOCO,LOCO,PATO,Patologia,Doenças ósseas,Osteoporose,"Compreender o mecanismo da osteoporose (desequilíbrio da remodelação, papel do estrogênio) e o risco de fraturas.",osteoporose | reabsorcao ossea | estrogenio | fraturas,avancada,True,,NAO_DECLARADA,False,NAO_DECLARADO,PENDENTE_VALIDACAO_SEMANTICA,LEGADO_NAO_AUDITADO
CB-PATO-079,ENDO,ENDO,PATO,Patologia,Doenças endócrinas,Diabetes mellitus,Distinguir o diabetes tipo 1 (deficiência absoluta) do tipo 2 (resistência e deficiência relativa).,diabetes mellitus | celulas beta | resistencia insulinica | hiperglicemia,avancada,True,,NAO_DECLARADA,False,NAO_DECLARADO,PENDENTE_VALIDACAO_SEMANTICA,LEGADO_NAO_AUDITADO
CB-PATO-080,RENAL,RENAL,PATO,Patologia,Doenças glomerulares,Síndrome nefrótica x nefrítica,Distinguir a síndrome nefrótica (perda de proteína) da nefrítica (inflamação com hematúria).,sindrome nefrotica | sindrome nefritica | proteinuria | hematuria,intermediaria,False,,NAO_DECLARADA,False,NAO_DECLARADO,PENDENTE_VALIDACAO_SEMANTICA,LEGADO_NAO_AUDITADO
CB-PATO-081,HEMATO,HEMATO,PATO,Patologia,Neoplasias hematológicas,Leucemia,Compreender a leucemia como proliferação clonal descontrolada na medula e suas consequências.,leucemia | medula ossea | proliferacao clonal | celulas imaturas,avancada,True,,NAO_DECLARADA,False,NAO_DECLARADO,PENDENTE_VALIDACAO_SEMANTICA,LEGADO_NAO_AUDITADO
CB-PATO-082,LOCO,LOCO,PATO,Patologia,Doenças articulares,Artrose x artrite reumatoide,Distinguir a artrose (degenerativa) da artrite reumatoide (autoimune/inflamatória).,artrose | artrite reumatoide | degenerativa | autoimune,intermediaria,False,,NAO_DECLARADA,False,NAO_DECLARADO,PENDENTE_VALIDACAO_SEMANTICA,LEGADO_NAO_AUDITADO
CB-PATO-083,ENDO,ENDO,PATO,Patologia,Doenças da tireoide,Hiper x hipotireoidismo,Distinguir o hiper e o hipotireoidismo pela aceleração ou desaceleração do metabolismo.,hipertireoidismo | hipotireoidismo | metabolismo | hormonios tireoidianos,avancada,True,,NAO_DECLARADA,False,NAO_DECLARADO,PENDENTE_VALIDACAO_SEMANTICA,LEGADO_NAO_AUDITADO
CB-PATO-084,RESP,RESP,PATO,Patologia,Doenças respiratórias,Asma,"Compreender o mecanismo da asma (inflamação, hiper-reatividade, broncoespasmo) e sua reversibilidade.",asma | broncoespasmo | inflamacao | hiper-reatividade,avancada,True,,NAO_DECLARADA,False,NAO_DECLARADO,PENDENTE_VALIDACAO_SEMANTICA,LEGADO_NAO_AUDITADO
CB-PATO-085,TEG,TEG,PATO,Patologia,Neoplasias,Câncer de pele e radiação UV,"Compreender a relação entre a radiação ultravioleta, o dano ao DNA e o câncer de pele.",cancer de pele | radiacao ultravioleta | dano ao DNA | melanoma,avancada,True,,NAO_DECLARADA,False,NAO_DECLARADO,PENDENTE_VALIDACAO_SEMANTICA,LEGADO_NAO_AUDITADO
CB-PATO-086,HEMATO,HEMATO,PATO,Patologia,Hemostasia,Distúrbios da coagulação,Compreender os distúrbios da hemostasia (sangramento por falta e trombose por excesso).,hemostasia | trombose | plaquetopenia | embolia,intermediaria,False,,NAO_DECLARADA,False,NAO_DECLARADO,PENDENTE_VALIDACAO_SEMANTICA,LEGADO_NAO_AUDITADO
CB-PATO-087,RESP,RESP,PATO,Patologia,Doenças respiratórias,DPOC e enfisema,"Compreender o mecanismo da DPOC (inflamação crônica, enfisema) e diferenciá-la da asma.",DPOC | enfisema | tabagismo | obstrucao cronica,avancada,True,,NAO_DECLARADA,False,NAO_DECLARADO,PENDENTE_VALIDACAO_SEMANTICA,LEGADO_NAO_AUDITADO
CB-PATO-088,LOCO,LOCO,PATO,Patologia,Reparo tecidual,Consolidação de fratura,Compreender as etapas da consolidação de uma fratura e a importância do alinhamento/imobilização.,fratura | consolidacao | calo osseo | regeneracao,intermediaria,False,,NAO_DECLARADA,False,NAO_DECLARADO,PENDENTE_VALIDACAO_SEMANTICA,LEGADO_NAO_AUDITADO
CB-PATO-089,TEG,TEG,PATO,Patologia,Lesões da pele,Queimaduras,Classificar as queimaduras pela profundidade e compreender por que ela determina a gravidade.,queimaduras | primeiro grau | segundo grau | terceiro grau,intermediaria,False,,NAO_DECLARADA,False,NAO_DECLARADO,PENDENTE_VALIDACAO_SEMANTICA,LEGADO_NAO_AUDITADO
CB-PATO-090,RESP,RESP,PATO,Patologia,Distúrbios hemodinâmicos,Edema pulmonar,"Compreender o mecanismo do edema pulmonar (pressão capilar aumentada, líquido nos alvéolos).",edema pulmonar | pressao capilar | insuficiencia cardiaca | troca de gases,avancada,True,,NAO_DECLARADA,False,NAO_DECLARADO,PENDENTE_VALIDACAO_SEMANTICA,LEGADO_NAO_AUDITADO
CB-PATO-091,HEMATO,HEMATO,PATO,Patologia,Neoplasias,Leucemias,Compreender a leucemia como proliferação descontrolada na medula e suas consequências.,leucemia | medula ossea | proliferacao | blastos,avancada,True,,NAO_DECLARADA,False,NAO_DECLARADO,PENDENTE_VALIDACAO_SEMANTICA,LEGADO_NAO_AUDITADO
CB-PATO-092,RENAL,RENAL,PATO,Patologia,Doenças renais,Glomerulonefrite,Compreender a glomerulonefrite como inflamação glomerular de origem imunológica e suas manifestações.,glomerulonefrite | imunocomplexos | hematuria | proteinuria,intermediaria,True,,NAO_DECLARADA,False,NAO_DECLARADO,PENDENTE_VALIDACAO_SEMANTICA,LEGADO_NAO_AUDITADO
CB-PATO-093,RESP,RESP,PATO,Patologia,Inflamação,Pneumonia,Compreender a pneumonia (infecção e inflamação alveolar) e a origem dos sintomas.,pneumonia | alveolos | exsudato | inflamacao,intermediaria,True,,NAO_DECLARADA,False,NAO_DECLARADO,PENDENTE_VALIDACAO_SEMANTICA,LEGADO_NAO_AUDITADO
CB-PATO-094,TEG,TEG,PATO,Patologia,Reparo tecidual,Cicatrização,"Compreender as etapas da cicatrização (hemostasia, inflamação, proliferação, remodelação).",cicatrizacao | reparo tecidual | colageno | fibroblastos,intermediaria,True,,NAO_DECLARADA,False,NAO_DECLARADO,PENDENTE_VALIDACAO_SEMANTICA,LEGADO_NAO_AUDITADO
CB-PATO-095,HEMATO,HEMATO,PATO,Patologia,Distúrbios hemodinâmicos,Trombose,"Compreender a tríade de Virchow (lesão, estase, hipercoagulabilidade) na trombose.",trombose | triade de Virchow | estase | hipercoagulabilidade,avancada,True,,NAO_DECLARADA,False,NAO_DECLARADO,PENDENTE_VALIDACAO_SEMANTICA,LEGADO_NAO_AUDITADO
CB-PATO-096,CARDIO,CARDIO,PATO,Patologia,Doença vascular,Aterosclerose,Compreender a aterosclerose (placas de gordura e inflamação) e suas consequências.,aterosclerose | placa de ateroma | LDL | trombose,avancada,True,,NAO_DECLARADA,False,NAO_DECLARADO,PENDENTE_VALIDACAO_SEMANTICA,LEGADO_NAO_AUDITADO
CB-PATO-097,LOCO,LOCO,PATO,Patologia,Inflamação,Artrite,"Compreender a artrite (inflamação articular), seus sinais e causas.",artrite | inflamacao articular | membrana sinovial | autoimunidade,intermediaria,True,,NAO_DECLARADA,False,NAO_DECLARADO,PENDENTE_VALIDACAO_SEMANTICA,LEGADO_NAO_AUDITADO
CB-PATO-098,RENAL,RENAL,PATO,Patologia,Doença glomerular,Glomerulonefrite,Compreender a glomerulonefrite (inflamação imune dos glomérulos) e suas consequências.,glomerulonefrite | glomerulo | proteinuria | imunocomplexos,avancada,True,,NAO_DECLARADA,False,NAO_DECLARADO,PENDENTE_VALIDACAO_SEMANTICA,LEGADO_NAO_AUDITADO
CB-PATO-099,RESP,RESP,PATO,Patologia,Doença pulmonar,Enfisema e DPOC,Compreender a fisiopatologia da DPOC/enfisema e a origem da falta de ar.,DPOC | enfisema | alveolos | tabagismo,avancada,True,,NAO_DECLARADA,False,NAO_DECLARADO,PENDENTE_VALIDACAO_SEMANTICA,LEGADO_NAO_AUDITADO
CB-PATO-100,ENDO,ENDO,PATO,Patologia,Doença endócrina,Diabetes,Compreender a fisiopatologia geral do diabetes (insulina e acúmulo de glicose).,diabetes | insulina | resistencia a insulina | hiperglicemia,intermediaria,True,,NAO_DECLARADA,False,NAO_DECLARADO,PENDENTE_VALIDACAO_SEMANTICA,LEGADO_NAO_AUDITADO
CB-PATO-101,HEMATO,HEMATO,PATO,Patologia,Doença hematológica,Anemia,Compreender o que é anemia e por que causa cansaço e palidez.,anemia | hemoglobina | transporte de oxigenio | palidez,intermediaria,True,,NAO_DECLARADA,False,NAO_DECLARADO,PENDENTE_VALIDACAO_SEMANTICA,LEGADO_NAO_AUDITADO
CB-SC-001,RESP,RESP,SC,Saúde Coletiva e SUS,Prevenção,Níveis de prevenção,Vacinar pessoa sadia antes da doença é prevenção primária (reduz a incidência); rastreamento é secundária e reabilitação é terciária.,prevenção primária | vacinação | níveis de prevenção | incidência | saúde coletiva,basica,False,,True,False,draft,PENDENTE_VALIDACAO_SEMANTICA,LEGADO_NAO_AUDITADO
CB-SC-002,IMUNO,IMUNO,SC,Saúde Coletiva e SUS,Imunização,Imunidade de rebanho,Imunidade de rebanho: cobertura vacinal alta interrompe a transmissão e protege indiretamente os não vacinados.,imunidade de rebanho | cobertura vacinal | transmissão | vacinação | saúde pública,intermediaria,True,SC | IMUN,True,False,draft,PENDENTE_VALIDACAO_SEMANTICA,LEGADO_NAO_AUDITADO
CB-SC-003,CARDIO,CARDIO,SC,Saúde Coletiva e SUS,SUS,Principios doutrinarios,"Principios doutrinarios do SUS: universalidade, integralidade e equidade.",SUS | universalidade | integralidade | equidade | principios,intermediaria,False,,False,False,draft,PENDENTE_VALIDACAO_SEMANTICA,LEGADO_NAO_AUDITADO
CB-SC-004,RESP,RESP,SC,Saúde Coletiva e SUS,Vigilancia epidemiologica,Notificacao compulsoria,Notificacao compulsoria (ex.: tuberculose) alimenta a vigilancia epidemiologica; e excecao legitima ao sigilo.,notificacao compulsoria | vigilancia epidemiologica | tuberculose | saude publica | sigilo,intermediaria,False,,True,False,draft,PENDENTE_VALIDACAO_SEMANTICA,LEGADO_NAO_AUDITADO
CB-SC-005,RESP,RESP,SC,Saúde Coletiva e SUS,Niveis de atencao,Atencao primaria,"Niveis de atencao: primaria (porta de entrada, resolve a maioria), secundaria (especialidades), terciaria (alta complexidade).",niveis de atencao | atencao primaria | secundaria | terciaria | hierarquizacao,intermediaria,False,,True,False,draft,PENDENTE_VALIDACAO_SEMANTICA,LEGADO_NAO_AUDITADO
CB-SC-006,ENDO,ENDO,SC,Saúde Coletiva e SUS,Prevenção,Níveis de prevenção,"Prevenção primária (evitar a doença), secundária (detectar cedo/rastreio) e terciária (reduzir sequelas/reabilitação).",prevencao primaria | prevencao secundaria | prevencao terciaria | rastreamento | reabilitacao,intermediaria,False,,True,False,draft,PENDENTE_VALIDACAO_SEMANTICA,LEGADO_NAO_AUDITADO
CB-SC-007,Imunológico,IMUNO,SC,Saúde Coletiva,Princípios do SUS,Integralidade,Diferenciar integralidade dos demais princípios do SUS pelo cuidado completo e contínuo.,SUS | integralidade | universalidade | equidade,basica,False,,NAO_DECLARADA,False,NAO_DECLARADO,PENDENTE_VALIDACAO_SEMANTICA,LEGADO_NAO_AUDITADO
CB-SC-008,Respiratório,RESP,SC,Saúde Coletiva,Vigilância em saúde,Notificação compulsória,Compreender a finalidade coletiva da notificação compulsória na vigilância epidemiológica.,notificacao compulsoria | vigilancia epidemiologica | tuberculose | cadeia de transmissao,basica,False,,NAO_DECLARADA,False,NAO_DECLARADO,PENDENTE_VALIDACAO_SEMANTICA,LEGADO_NAO_AUDITADO
CB-SC-009,Respiratório,RESP,SC,Saúde Coletiva,Organização do SUS,Atenção Primária à Saúde,Reconhecer a Atenção Primária como porta de entrada e coordenadora do cuidado no SUS.,atencao primaria | porta de entrada | coordenacao do cuidado | SUS,basica,False,,NAO_DECLARADA,False,NAO_DECLARADO,PENDENTE_VALIDACAO_SEMANTICA,LEGADO_NAO_AUDITADO
CB-SC-010,RESP,RESP,SC,Saúde Coletiva,Determinantes da saúde,Determinantes sociais,Reconhecer os determinantes sociais da saúde no processo saúde-doença.,determinantes sociais | saude-doenca | equidade | condicoes de vida,basica,False,,NAO_DECLARADA,False,NAO_DECLARADO,PENDENTE_VALIDACAO_SEMANTICA,LEGADO_NAO_AUDITADO
CB-SC-011,CARDIO,CARDIO,SC,Saúde Coletiva,Prevenção,Níveis de prevenção,"Classificar ações nos níveis de prevenção primária, secundária e terciária.",prevencao primaria | prevencao secundaria | prevencao terciaria | rastreamento,intermediaria,False,,NAO_DECLARADA,False,NAO_DECLARADO,PENDENTE_VALIDACAO_SEMANTICA,LEGADO_NAO_AUDITADO
CB-SC-012,DIG,DIG,SC,Saúde Coletiva,Vigilância em saúde,Notificação compulsória,Compreender a finalidade da notificação compulsória na vigilância epidemiológica.,notificacao compulsoria | vigilancia epidemiologica | surto | saude coletiva,intermediaria,False,,NAO_DECLARADA,False,NAO_DECLARADO,PENDENTE_VALIDACAO_SEMANTICA,LEGADO_NAO_AUDITADO
CB-SC-013,DIG,DIG,SC,Saúde Coletiva,Organização do SUS,Atenção primária,"Compreender as características da Atenção Primária (porta de entrada, longitudinal, coordenadora).",atencao primaria | porta de entrada | estrategia saude da familia | coordenacao do cuidado,intermediaria,False,,NAO_DECLARADA,False,NAO_DECLARADO,PENDENTE_VALIDACAO_SEMANTICA,LEGADO_NAO_AUDITADO
CB-SC-014,TEG,TEG,SC,Saúde Coletiva,SUS,Princípios do SUS (universalidade),Reconhecer a universalidade como o princípio do acesso de todos ao SUS.,universalidade | SUS | acesso | direito a saude,basica,False,,NAO_DECLARADA,False,NAO_DECLARADO,PENDENTE_VALIDACAO_SEMANTICA,LEGADO_NAO_AUDITADO
CB-SC-015,IMUNO,IMUNO,SC,Saúde Coletiva,Políticas de saúde,Programa Nacional de Imunizações,Reconhecer o PNI como o programa público e gratuito de vacinação do SUS e seu papel na prevenção.,PNI | imunizacao | vacinacao | SUS,basica,True,,NAO_DECLARADA,False,NAO_DECLARADO,PENDENTE_VALIDACAO_SEMANTICA,LEGADO_NAO_AUDITADO
CB-SC-016,CARDIO,CARDIO,SC,Saúde Coletiva,Prevenção,Níveis de prevenção,"Distinguir os níveis de prevenção (primária, secundária, terciária) com exemplos concretos.",prevencao primaria | prevencao secundaria | prevencao terciaria | rastreamento,intermediaria,False,,NAO_DECLARADA,False,NAO_DECLARADO,PENDENTE_VALIDACAO_SEMANTICA,LEGADO_NAO_AUDITADO
CB-SC-017,IMUNO,IMUNO,SC,Saúde Coletiva,Vigilância em saúde,Notificação compulsória,Compreender a vigilância epidemiológica e a notificação compulsória na saúde pública.,vigilancia epidemiologica | notificacao compulsoria | surtos | saude publica,intermediaria,False,,NAO_DECLARADA,False,NAO_DECLARADO,PENDENTE_VALIDACAO_SEMANTICA,LEGADO_NAO_AUDITADO
CB-SC-018,REPRO,REPRO,SC,Saúde Coletiva,Atenção à saúde,Pré-natal no SUS,Compreender o papel e a importância do pré-natal no SUS.,pre-natal | SUS | atencao primaria | saude materno-infantil,basica,False,,NAO_DECLARADA,False,NAO_DECLARADO,PENDENTE_VALIDACAO_SEMANTICA,LEGADO_NAO_AUDITADO
CB-SEMIO-001,CARDIO,CARDIO,SEMIO,Semiologia,Ausculta cardíaca,Primeira bulha,"B1 = fechamento das valvas atrioventriculares (mitral e tricúspide), início da sístole. B2 = fechamento das semilunares.",primeira bulha | valvas atrioventriculares | sístole | ausculta | ciclo cardíaco,basica,True,SEMIO | FISI,False,False,draft,PENDENTE_VALIDACAO_SEMANTICA,LEGADO_NAO_AUDITADO
CB-SEMIO-002,CARDIO,CARDIO,SEMIO,Semiologia,Sinais vitais,Pressao arterial e Korotkoff,Sistolica = surge o primeiro som de Korotkoff; diastolica = os sons desaparecem.,pressao arterial | sons de Korotkoff | sistolica | diastolica | esfigmomanometro,basica,True,SEMIO | FISI,True,True,draft,PENDENTE_VALIDACAO_SEMANTICA,LEGADO_NAO_AUDITADO
CB-SEMIO-003,RESP,RESP,SEMIO,Semiologia,Exame fisico,Frequencia respiratoria,Taquipneia (frequencia respiratoria alta para a idade) e sinal objetivo e precoce de esforco respiratorio.,taquipneia | frequencia respiratoria | esforco respiratorio | cianose | pneumonia,basica,False,,True,False,draft,PENDENTE_VALIDACAO_SEMANTICA,LEGADO_NAO_AUDITADO
CB-SEMIO-004,RESP,RESP,SEMIO,Semiologia,Ausculta pulmonar,Sibilos,"Sibilos (continuos, agudos, na expiracao) indicam estreitamento das vias (broncoespasmo), como na asma.",sibilos | broncoespasmo | asma | estertores | ausculta,basica,False,,True,False,draft,PENDENTE_VALIDACAO_SEMANTICA,LEGADO_NAO_AUDITADO
CB-SEMIO-005,NERV,NERV,SEMIO,Semiologia,Nivel de consciencia,Escala de Glasgow,"Glasgow avalia o nivel de consciencia por abertura ocular, resposta verbal e motora (de 3 a 15).",escala de Glasgow | nivel de consciencia | trauma craniano | resposta motora | coma,basica,False,,True,False,draft,PENDENTE_VALIDACAO_SEMANTICA,LEGADO_NAO_AUDITADO
CB-SEMIO-006,CARDIO,CARDIO,SEMIO,Semiologia,Ausculta cardiaca,Bulhas B1 e B2,B1: fechamento das valvas atrioventriculares (mitral/tricuspide); B2: das semilunares (aortica/pulmonar).,bulhas cardiacas | B1 | B2 | valvas | ausculta,basica,False,,False,False,draft,PENDENTE_VALIDACAO_SEMANTICA,LEGADO_NAO_AUDITADO
CB-SEMIO-007,Cardiovascular,CARDIO,SEMIO,Semiologia,Sinais vitais,Pressão arterial,Relacionar aparecimento e desaparecimento dos sons de Korotkoff às pressões sistólica e diastólica.,pressao arterial | sons de korotkoff | sistolica | diastolica,basica,False,,NAO_DECLARADA,False,NAO_DECLARADO,PENDENTE_VALIDACAO_SEMANTICA,LEGADO_NAO_AUDITADO
CB-SEMIO-008,Respiratório,RESP,SEMIO,Semiologia,Exame físico,Ausculta pulmonar,Reconhecer a ausculta entre as etapas do exame físico e o que ela avalia no pulmão.,ausculta | exame fisico | estertores | murmurio vesicular,intermediaria,False,,NAO_DECLARADA,False,NAO_DECLARADO,PENDENTE_VALIDACAO_SEMANTICA,LEGADO_NAO_AUDITADO
CB-SEMIO-009,Nervoso,NERV,SEMIO,Semiologia,Anamnese,História da doença atual,Reconhecer a história da doença atual como a caracterização detalhada do problema na anamnese.,anamnese | historia da doenca atual | HDA | raciocinio clinico,basica,False,,NAO_DECLARADA,False,NAO_DECLARADO,PENDENTE_VALIDACAO_SEMANTICA,LEGADO_NAO_AUDITADO
CB-SEMIO-010,Respiratório,RESP,SEMIO,Semiologia,Sinais vitais,Frequência respiratória,Identificar a frequência respiratória e reconhecer a taquipneia pelo valor acima da faixa normal.,frequencia respiratoria | taquipneia | sinais vitais | incursoes,basica,False,,NAO_DECLARADA,False,NAO_DECLARADO,PENDENTE_VALIDACAO_SEMANTICA,LEGADO_NAO_AUDITADO
CB-SEMIO-011,DIG,DIG,SEMIO,Semiologia,Exame físico,Palpação abdominal,Reconhecer a descompressão dolorosa (Blumberg) como sinal de irritação peritoneal.,descompressao dolorosa | sinal de blumberg | irritacao peritoneal | apendicite,intermediaria,False,,NAO_DECLARADA,False,NAO_DECLARADO,PENDENTE_VALIDACAO_SEMANTICA,LEGADO_NAO_AUDITADO
CB-SEMIO-012,CARDIO,CARDIO,SEMIO,Semiologia,Sinais vitais,Pressão arterial (fases de Korotkoff),Associar os sons de Korotkoff à pressão sistólica (surgimento) e diastólica (desaparecimento).,pressao arterial | sons de korotkoff | sistolica | diastolica,intermediaria,False,,NAO_DECLARADA,False,NAO_DECLARADO,PENDENTE_VALIDACAO_SEMANTICA,LEGADO_NAO_AUDITADO
CB-SEMIO-013,RESP,RESP,SEMIO,Semiologia,Sinais vitais,Frequência respiratória,Reconhecer a taquipneia como aumento da frequência respiratória e seus significados.,taquipneia | frequencia respiratoria | sinais vitais | eupneia,basica,False,,NAO_DECLARADA,False,NAO_DECLARADO,PENDENTE_VALIDACAO_SEMANTICA,LEGADO_NAO_AUDITADO
CB-SEMIO-014,RESP,RESP,SEMIO,Semiologia,Exame físico,Percussão,Reconhecer a percussão e o que os sons (claro/maciço) revelam.,percussao | som claro | som macico | exame fisico,basica,False,,NAO_DECLARADA,False,NAO_DECLARADO,PENDENTE_VALIDACAO_SEMANTICA,LEGADO_NAO_AUDITADO
CB-SEMIO-015,CARDIO,CARDIO,SEMIO,Semiologia,Sinais vitais,Pressão arterial (sistólica e diastólica),"Compreender pressão sistólica (maior, contração) e diastólica (menor, relaxamento).",pressao sistolica | pressao diastolica | sistole | diastole,basica,True,,NAO_DECLARADA,False,NAO_DECLARADO,PENDENTE_VALIDACAO_SEMANTICA,LEGADO_NAO_AUDITADO
CB-SEMIO-016,RESP,RESP,SEMIO,Semiologia,Sinais vitais,Frequência respiratória,Conhecer a faixa normal da FR do adulto e os termos taquipneia/bradipneia/apneia.,frequencia respiratoria | taquipneia | bradipneia | sinais vitais,basica,False,,NAO_DECLARADA,False,NAO_DECLARADO,PENDENTE_VALIDACAO_SEMANTICA,LEGADO_NAO_AUDITADO
CB-SEMIO-017,CARDIO,CARDIO,SEMIO,Semiologia,Exame físico,Técnicas do exame físico (ausculta),Associar a avaliação de bulhas e sopros à ausculta com estetoscópio.,ausculta | estetoscopio | bulhas cardiacas | exame fisico,basica,False,,NAO_DECLARADA,False,NAO_DECLARADO,PENDENTE_VALIDACAO_SEMANTICA,LEGADO_NAO_AUDITADO
CB-SEMIO-018,CARDIO,CARDIO,SEMIO,Semiologia,Exame físico,Avaliação de pulsos e perfusão,Saber que o tempo de enchimento capilar avalia a perfusão periférica e como realizá-lo.,enchimento capilar | perfusao | pulsos | exame fisico,basica,False,,NAO_DECLARADA,False,NAO_DECLARADO,PENDENTE_VALIDACAO_SEMANTICA,LEGADO_NAO_AUDITADO
CB-SEMIO-019,IMUNO,IMUNO,SEMIO,Semiologia,Exame físico,Palpação de linfonodos,Saber avaliar as características dos linfonodos à palpação e diferenciar processos benignos de suspeitos.,linfonodos | palpacao | linfadenopatia | exame fisico,basica,False,,NAO_DECLARADA,False,NAO_DECLARADO,PENDENTE_VALIDACAO_SEMANTICA,LEGADO_NAO_AUDITADO
CB-SEMIO-020,ENDO,ENDO,SEMIO,Semiologia,Exame físico,Exame da tireoide,"Saber examinar a tireoide (inspeção, palpação, manobra da deglutição) e o que avaliar.",tireoide | palpacao | bocio | degluticao,basica,False,,NAO_DECLARADA,False,NAO_DECLARADO,PENDENTE_VALIDACAO_SEMANTICA,LEGADO_NAO_AUDITADO
CB-SEMIO-021,ENDO,ENDO,SEMIO,Semiologia,Sinais e sintomas,Diabetes,"Reconhecer os sintomas clássicos do diabetes (poliúria, polidipsia, polifagia, perda de peso) e sua explicação.",poliuria | polidipsia | polifagia | diabetes,basica,False,,NAO_DECLARADA,False,NAO_DECLARADO,PENDENTE_VALIDACAO_SEMANTICA,LEGADO_NAO_AUDITADO
CB-SEMIO-022,RENAL,RENAL,SEMIO,Semiologia,Exames complementares,Exame de urina (EAS),Reconhecer o que o exame de urina (EAS) avalia e sua utilidade como triagem.,exame de urina | EAS | sedimento urinario | proteinuria,basica,False,,NAO_DECLARADA,False,NAO_DECLARADO,PENDENTE_VALIDACAO_SEMANTICA,LEGADO_NAO_AUDITADO
CB-SEMIO-023,RENAL,RENAL,SEMIO,Semiologia,Sinais e sintomas,Manifestações de doença renal,Reconhecer os sinais e sintomas que sugerem doença renal.,doenca renal | edema | proteinuria | hematuria,basica,False,,NAO_DECLARADA,False,NAO_DECLARADO,PENDENTE_VALIDACAO_SEMANTICA,LEGADO_NAO_AUDITADO
CB-SEMIO-024,LOCO,LOCO,SEMIO,Semiologia,Exame físico,Exame do aparelho locomotor,"Reconhecer as etapas do exame do aparelho locomotor (inspeção, palpação, movimento, comparação).",exame fisico | inspecao | palpacao | amplitude de movimento,basica,False,,NAO_DECLARADA,False,NAO_DECLARADO,PENDENTE_VALIDACAO_SEMANTICA,LEGADO_NAO_AUDITADO
CB-SEMIO-025,RENAL,RENAL,SEMIO,Semiologia,Exame físico,Punho-percussão lombar,Reconhecer a punho-percussão lombar (sinal de Giordano) e seu significado.,sinal de Giordano | punho-percussao lombar | loja renal | pielonefrite,basica,False,,NAO_DECLARADA,False,NAO_DECLARADO,PENDENTE_VALIDACAO_SEMANTICA,LEGADO_NAO_AUDITADO
